commence_time,bookmaker,last_update,home_team,away_team,market,description,point,Over Price,Under Price,Over %,Under %,No-Vig Over %,No-Vig Under %,True Point,Average Line,Average Over %,Average Under %,Average No-Vig Over %,Average No-Vig Under %,Percent Difference,Max No-Vig %,Bet Tag,Projection,Projection vs Point,% Edge,Correlates,Max No-Vig Diff,Adjusted % Edge,Prop Type,Player Image,Game Start Time,Fav,Spread,O/U,Game Short Title,Scheduled At,Match Progress,Venue Name,Venue Type,Broadcasts,Max No-Vig % Price,True Price,Date,True Point Average Line,Bookmaker Logo
2026-10-09T00:00:00Z,draftkings,2026-10-08T09:13:05Z,Chicago White Sox,Cleveland Guardians,batter_doubles,Jose Ramirez,0.5,378,-579,20.92,85.27,19.7,80.3,0.5,0.5,21.74,85.88,20.19,79.81,-5.46,79.81,Under,0.5,0,50,No,-0.49,-0.49,Standard,https://www.freeiconspng.com/img/1934,2026-10-09T00:00:00Z,No,1.40,7.5,,,,,,,-395,-395,,0.2019,https://img.favpng.com/19/20/10/logo-clip-art-brand-draftkings-font-png-favpng-R2eJSXBaGUrVGy3sJKrTGB1H3.jpg
2026-10-09T00:00:00Z,draftkings,2026-10-08T09:13:05Z,Chicago White Sox,Cleveland Guardians,batter_doubles,Miguel Vargas,0.5,380,-584,20.83,85.38,19.61,80.39,0.5,0.5,21.81,85.8,20.25,79.75,-5.63,79.75,Under,0.5,0,50,No,-0.64,-0.64,Standard,https://www.freeiconspng.com/img/1934,2026-10-09T00:00:00Z,No,1.40,7.5,Pirates @ White Sox,2026-09-08T23:40:00Z,Tue 07:40pm,Rate Field,outdoor,,-394,-394,9/8/2026,0.2025,https://img.favpng.com/19/20/10/logo-clip-art-brand-draftkings-font-png-favpng-R2eJSXBaGUrVGy3sJKrTGB1H3.jpg
2026-10-09T00:00:00Z,draftkings,2026-10-08T09:13:05Z,Chicago White Sox,Cleveland Guardians,batter_doubles,Chase Meidroth,0.5,392,-610,20.33,85.92,19.13,80.87,0.5,0.5,20.93,86.45,19.48,80.52,-5.4,80.52,Under,0.5,0,50,No,-0.35,-0.35,Standard,https://www.freeiconspng.com/img/1934,2026-10-09T00:00:00Z,No,1.40,7.5,Pirates @ White Sox,2026-09-08T23:40:00Z,Tue 07:40pm,Rate Field,outdoor,,-413,-413,9/8/2026,0.1948,https://img.favpng.com/19/20/10/logo-clip-art-brand-draftkings-font-png-favpng-R2eJSXBaGUrVGy3sJKrTGB1H3.jpg
2026-10-09T00:00:00Z,draftkings,2026-10-08T09:13:05Z,Chicago White Sox,Cleveland Guardians,batter_doubles,Steven Kwan,0.5,394,-610,20.24,85.92,19.07,80.93,0.5,0.5,21.43,86.15,19.91,80.09,-5.83,80.09,Under,0.5,0,50,No,-0.84,-0.84,Standard,https://www.freeiconspng.com/img/1934,2026-10-09T00:00:00Z,No,1.40,7.5,Guardians @ Orioles,2026-09-08T22:35:00Z,Tue 06:35pm,Oriole Park at Camden Yards,outdoor,,-402,-402,9/8/2026,0.1991,https://img.favpng.com/19/20/10/logo-clip-art-brand-draftkings-font-png-favpng-R2eJSXBaGUrVGy3sJKrTGB1H3.jpg
2026-10-09T00:00:00Z,draftkings,2026-10-08T09:13:05Z,Chicago White Sox,Cleveland Guardians,batter_doubles,Jo Adell,0.5,398,-620,20.08,86.11,18.91,81.09,0.5,0.5,20.77,86.59,19.33,80.67,-5.44,80.67,Under,0.5,0,50,No,-0.42,-0.42,Standard,https://www.freeiconspng.com/img/1934,2026-10-09T00:00:00Z,No,1.4,7.5,Guardians @ Orioles,2026-09-08T22:35:00Z,Tue 06:35pm,Oriole Park at Camden Yards,outdoor,,-417,-417,9/8/2026,0.1933,https://img.favpng.com/19/20/10/logo-clip-art-brand-draftkings-font-png-favpng-R2eJSXBaGUrVGy3sJKrTGB1H3.jpg
2026-10-09T00:00:00Z,draftkings,2026-10-08T09:13:05Z,Chicago White Sox,Cleveland Guardians,batter_doubles,Chase DeLauter,0.5,415,-650,19.42,86.67,18.3,81.7,0.5,0.5,20.55,86.8,19.13,80.87,-5.8,80.87,Under,0.5,0,50,No,-0.83,-0.83,Standard,https://www.freeiconspng.com/img/1934,2026-10-09T00:00:00Z,No,1.4,7.5,,,,,,,-423,-423,,0.1913,https://img.favpng.com/19/20/10/logo-clip-art-brand-draftkings-font-png-favpng-R2eJSXBaGUrVGy3sJKrTGB1H3.jpg
2026-10-09T00:00:00Z,draftkings,2026-10-08T09:13:05Z,Chicago White Sox,Cleveland Guardians,batter_doubles,Randal Grichuk,0.5,429,-670,18.9,87.01,17.85,82.15,0.5,0.5,20.38,87.23,18.92,81.08,-5.93,81.08,Under,0.5,0,50,No,-1.07,-1.07,Standard,https://www.freeiconspng.com/img/1934,2026-10-09T00:00:00Z,No,1.4,7.5,,,,,,,-429,-429,,0.1892,https://img.favpng.com/19/20/10/logo-clip-art-brand-draftkings-font-png-favpng-R2eJSXBaGUrVGy3sJKrTGB1H3.jpg
2026-10-09T00:00:00Z,draftkings,2026-10-08T09:13:05Z,Chicago White Sox,Cleveland Guardians,batter_doubles,Angel Martinez,0.5,435,-690,18.69,87.34,17.63,82.37,0.5,0.5,19.16,88.03,17.87,82.13,-5.21,82.13,Under,0.5,0,50,No,-0.24,-0.24,Standard,https://www.freeiconspng.com/img/1934,2026-10-09T00:00:00Z,No,1.4,7.5,,,,,,,-460,-460,,0.1787,https://img.favpng.com/19/20/10/logo-clip-art-brand-draftkings-font-png-favpng-R2eJSXBaGUrVGy3sJKrTGB1H3.jpg
2026-10-09T00:00:00Z,draftkings,2026-10-08T09:13:05Z,Chicago White Sox,Cleveland Guardians,batter_doubles,Travis Bazzana,0.5,473,-760,17.45,88.37,16.49,83.51,0.5,0.5,18.09,88.95,16.89,83.11,-5.26,83.11,Under,0.5,0,50,No,-0.40,-0.4,Standard,https://www.freeiconspng.com/img/1934,2026-10-09T00:00:00Z,No,1.4,7.5,Guardians @ Orioles,2026-09-08T22:35:00Z,Tue 06:35pm,Oriole Park at Camden Yards,outdoor,,-492,-492,9/8/2026,0.1689,https://img.favpng.com/19/20/10/logo-clip-art-brand-draftkings-font-png-favpng-R2eJSXBaGUrVGy3sJKrTGB1H3.jpg
2026-10-09T00:00:00Z,draftkings,2026-10-08T09:13:05Z,Chicago White Sox,Cleveland Guardians,batter_doubles,Brayan Rocchio,0.5,477,-760,17.33,88.37,16.4,83.6,0.5,0.5,18.44,88.82,17.18,82.82,-5.55,82.82,Under,0.5,0,50,No,-0.78,-0.78,Standard,https://www.freeiconspng.com/img/1934,2026-10-09T00:00:00Z,No,1.4,7.5,Guardians @ Orioles,2026-09-08T22:35:00Z,Tue 06:35pm,Oriole Park at Camden Yards,outdoor,,-482,-482,9/8/2026,0.1718,https://img.favpng.com/19/20/10/logo-clip-art-brand-draftkings-font-png-favpng-R2eJSXBaGUrVGy3sJKrTGB1H3.jpg
2026-10-09T00:00:00Z,draftkings,2026-10-08T09:13:05Z,Chicago White Sox,Cleveland Guardians,batter_doubles,Nathaniel Lowe,0.5,482,-770,17.18,88.51,16.26,83.74,0.5,0.5,18.06,88.93,16.87,83.13,-5.38,83.13,Under,0.5,0,50,No,-0.61,-0.61,Standard,https://www.freeiconspng.com/img/1934,2026-10-09T00:00:00Z,No,1.4,7.5,Guardians @ Orioles,2026-09-08T22:35:00Z,Tue 06:35pm,Oriole Park at Camden Yards,outdoor,,-493,-493,9/8/2026,0.1687,https://img.favpng.com/19/20/10/logo-clip-art-brand-draftkings-font-png-favpng-R2eJSXBaGUrVGy3sJKrTGB1H3.jpg
2026-10-09T00:00:00Z,draftkings,2026-10-08T09:13:05Z,Chicago White Sox,Cleveland Guardians,batter_doubles,Patrick Bailey,0.5,491,-790,16.92,88.76,16.01,83.99,0.5,0.5,17.49,89.44,16.34,83.66,-5.1,83.66,Under,0.5,0,50,No,-0.33,-0.33,Standard,https://www.freeiconspng.com/img/1934,2026-10-09T00:00:00Z,No,1.4,7.5,Guardians @ Orioles,2026-09-08T22:35:00Z,Tue 06:35pm,Oriole Park at Camden Yards,outdoor,,-512,-512,9/8/2026,0.1634,https://img.favpng.com/19/20/10/logo-clip-art-brand-draftkings-font-png-favpng-R2eJSXBaGUrVGy3sJKrTGB1H3.jpg
2026-10-09T00:00:00Z,draftkings,2026-10-08T09:13:05Z,Chicago White Sox,Cleveland Guardians,batter_doubles,Braden Montgomery,0.5,510,-830,16.39,89.25,15.52,84.48,0.5,0.5,17.56,89.4,16.4,83.6,-5.65,83.6,Under,0.5,0,50,No,-0.88,-0.88,Standard,https://www.freeiconspng.com/img/1934,2026-10-09T00:00:00Z,No,1.4,7.5,Pirates @ White Sox,2026-09-08T23:40:00Z,Tue 07:40pm,Rate Field,outdoor,,-510,-510,9/8/2026,0.164,https://img.favpng.com/19/20/10/logo-clip-art-brand-draftkings-font-png-favpng-R2eJSXBaGUrVGy3sJKrTGB1H3.jpg
2026-10-09T00:00:00Z,draftkings,2026-10-08T09:13:05Z,Chicago White Sox,Cleveland Guardians,batter_doubles,Munetaka Murakami,0.5,534,-870,15.77,89.69,14.96,85.04,0.5,0.5,16.34,90.39,15.3,84.7,-4.99,84.7,Under,0.5,0,50,No,-0.34,-0.34,Standard,https://www.freeiconspng.com/img/1934,2026-10-09T00:00:00Z,No,1.4,7.5,Pirates @ White Sox,2026-09-08T23:40:00Z,Tue 07:40pm,Rate Field,outdoor,,-554,-554,9/8/2026,0.153,https://img.favpng.com/19/20/10/logo-clip-art-brand-draftkings-font-png-favpng-R2eJSXBaGUrVGy3sJKrTGB1H3.jpg
2026-10-09T00:00:00Z,draftkings,2026-10-08T09:13:05Z,Chicago White Sox,Cleveland Guardians,batter_doubles,Colson Montgomery,0.5,550,-910,15.38,90.1,14.58,85.42,0.5,0.5,16.62,90.79,15.46,84.54,-5.56,84.54,Under,0.5,0,50,No,-0.88,-0.88,Standard,https://www.freeiconspng.com/img/1934,,No,1.4,7.5,Pirates @ White Sox,2026-09-08T23:40:00Z,Tue 07:40pm,Rate Field,outdoor,,-547,-547,9/8/2026,0.1546,https://img.favpng.com/19/20/10/logo-clip-art-brand-draftkings-font-png-favpng-R2eJSXBaGUrVGy3sJKrTGB1H3.jpg
2026-10-09T00:00:00Z,draftkings,2026-10-08T09:13:05Z,Chicago White Sox,Cleveland Guardians,batter_doubles,Kyle Teel,0.5,574,-950,14.84,90.48,14.09,85.91,0.5,0.5,15.58,91.03,14.6,85.4,-5.08,85.4,Under,0.5,0,50,No,-0.51,-0.51,Standard,https://www.freeiconspng.com/img/1934,2026-10-09T00:00:00Z,No,1.4,7.5,Pirates @ White Sox,2026-09-08T23:40:00Z,Tue 07:40pm,Rate Field,outdoor,,-585,-585,9/8/2026,0.146,https://img.favpng.com/19/20/10/logo-clip-art-brand-draftkings-font-png-favpng-R2eJSXBaGUrVGy3sJKrTGB1H3.jpg
2026-10-09T00:00:00Z,draftkings,2026-10-08T09:13:05Z,Chicago White Sox,Cleveland Guardians,batter_doubles,Brenton Doyle,0.5,620,-1060,13.89,91.38,13.19,86.81,0.5,0.5,14.95,91.56,14.02,85.98,-5.4,85.98,Under,0.5,0,50,No,-0.83,-0.83,Standard,https://www.freeiconspng.com/img/1934,2026-10-09T00:00:00Z,No,1.4,7.5,,,,,,,-613,-613,,0.1402,https://img.favpng.com/19/20/10/logo-clip-art-brand-draftkings-font-png-favpng-R2eJSXBaGUrVGy3sJKrTGB1H3.jpg
2026-10-09T00:00:00Z,draftkings,2026-10-08T09:13:05Z,Chicago White Sox,Cleveland Guardians,batter_doubles,Tommy Pham,0.5,690,-1200,12.66,92.31,12.06,87.94,0.5,0.5,13.59,92.67,12.77,87.23,-5.08,87.23,Under,0.5,0,50,No,-0.71,-0.71,Standard,https://www.freeiconspng.com/img/1934,,No,1.4,7.5,,,,,,,-683,-683,,0.1277,https://img.favpng.com/19/20/10/logo-clip-art-brand-draftkings-font-png-favpng-R2eJSXBaGUrVGy3sJKrTGB1H3.jpg
2026-10-09T00:00:00Z,draftkings,2026-10-08T09:13:05Z,Chicago White Sox,Cleveland Guardians,batter_hits,Steven Kwan,0.5,-240,178,70.59,35.97,66.24,33.76,1.09,0.5,69.88,36.8,65.52,34.48,-5.07,65.52,Over,1.06,0.56,63.51,Yes,-0.72,-0.72,Standard,https://www.freeiconspng.com/img/1934,2026-10-09T00:00:00Z,No,1.4,7.5,Guardians @ Orioles,2026-09-08T22:35:00Z,Tue 06:35pm,Oriole Park at Camden Yards,outdoor,,-190,-190,9/8/2026,0.6552,https://img.favpng.com/19/20/10/logo-clip-art-brand-draftkings-font-png-favpng-R2eJSXBaGUrVGy3sJKrTGB1H3.jpg
2026-10-09T00:00:00Z,draftkings,2026-10-08T09:13:05Z,Chicago White Sox,Cleveland Guardians,batter_hits,Jose Ramirez,0.5,-239,177,70.5,36.1,66.13,33.87,1.08,0.5,69.01,37.25,64.96,35.04,-5.54,64.96,Over,1.05,0.55,63.21,Yes,-1.17,-1.17,Standard,https://www.freeiconspng.com/img/1934,2026-10-09T00:00:00Z,No,1.4,7.5,,,,,,,-185,-185,,0.6496,https://img.favpng.com/19/20/10/logo-clip-art-brand-draftkings-font-png-favpng-R2eJSXBaGUrVGy3sJKrTGB1H3.jpg
2026-10-09T00:00:00Z,draftkings,2026-10-08T09:13:05Z,Chicago White Sox,Cleveland Guardians,batter_hits,Chase DeLauter,0.5,-206,153,67.32,39.53,63.01,36.99,0.99,0.5,68.53,38.03,64.33,35.67,-2.99,64.33,Over,1.03,0.53,62.58,Yes,1.32,1.32,Standard,https://www.freeiconspng.com/img/1934,2026-10-09T00:00:00Z,No,1.4,7.5,,,,,,,-180,-180,,0.6433,https://img.favpng.com/19/20/10/logo-clip-art-brand-draftkings-font-png-favpng-R2eJSXBaGUrVGy3sJKrTGB1H3.jpg
2026-10-09T00:00:00Z,draftkings,2026-10-08T09:13:05Z,Chicago White Sox,Cleveland Guardians,batter_hits,Chase Meidroth,0.5,-200,149,66.67,40.16,62.41,37.59,0.98,0.5,66.43,40.49,62.15,37.85,-4.52,62.15,Over,0.97,0.47,60.64,Yes,-0.26,-0.26,Standard,https://www.freeiconspng.com/img/1934,2026-10-09T00:00:00Z,No,1.4,7.5,Pirates @ White Sox,2026-09-08T23:40:00Z,Tue 07:40pm,Rate Field,outdoor,,-164,-164,9/8/2026,0.6215,https://img.favpng.com/19/20/10/logo-clip-art-brand-draftkings-font-png-favpng-R2eJSXBaGUrVGy3sJKrTGB1H3.jpg
2026-10-09T00:00:00Z,draftkings,2026-10-08T09:13:05Z,Chicago White Sox,Cleveland Guardians,batter_hits,Jo Adell,0.5,-191,142,65.64,41.32,61.37,38.63,0.95,0.5,64.55,42.21,60.45,39.55,-5.19,60.45,Over,0.93,0.43,59.28,Yes,-0.92,-0.92,Standard,https://www.freeiconspng.com/img/1934,2026-10-09T00:00:00Z,No,1.4,7.5,Guardians @ Orioles,2026-09-08T22:35:00Z,Tue 06:35pm,Oriole Park at Camden Yards,outdoor,,-153,-153,9/8/2026,0.6045,https://img.favpng.com/19/20/10/logo-clip-art-brand-draftkings-font-png-favpng-R2eJSXBaGUrVGy3sJKrTGB1H3.jpg
2026-10-09T00:00:00Z,draftkings,2026-10-08T09:13:05Z,Chicago White Sox,Cleveland Guardians,batter_hits,Miguel Vargas,0.5,-177,132,63.9,43.1,59.72,40.28,0.91,0.5,63.75,42.78,59.83,40.17,-4.07,59.83,Over,0.91,0.41,58.58,Yes,0.11,0.11,Standard,https://www.freeiconspng.com/img/1934,2026-10-09T00:00:00Z,No,1.4,7.5,Pirates @ White Sox,2026-09-08T23:40:00Z,Tue 07:40pm,Rate Field,outdoor,,-149,-149,9/8/2026,0.5983,https://img.favpng.com/19/20/10/logo-clip-art-brand-draftkings-font-png-favpng-R2eJSXBaGUrVGy3sJKrTGB1H3.jpg
2026-10-09T00:00:00Z,draftkings,2026-10-08T09:13:05Z,Chicago White Sox,Cleveland Guardians,batter_hits,Nathaniel Lowe,0.5,-151,113,60.16,46.95,56.17,43.83,0.82,0.5,61.05,45.68,57.2,42.8,-2.96,57.2,Over,0.85,0.35,56.39,Yes,1.03,1.03,Standard,https://www.freeiconspng.com/img/1934,2026-10-09T00:00:00Z,No,1.4,7.5,Guardians @ Orioles,2026-09-08T22:35:00Z,Tue 06:35pm,Oriole Park at Camden Yards,outdoor,,-134,-134,9/8/2026,0.572,https://img.favpng.com/19/20/10/logo-clip-art-brand-draftkings-font-png-favpng-R2eJSXBaGUrVGy3sJKrTGB1H3.jpg
2026-10-09T00:00:00Z,draftkings,2026-10-08T09:13:05Z,Chicago White Sox,Cleveland Guardians,batter_hits,Randal Grichuk,0.5,-148,111,59.68,47.39,55.74,44.26,0.82,0.5,59.7,46.63,56.15,43.85,-3.53,56.15,Over,0.82,0.32,55.24,Yes,0.41,0.41,Standard,https://www.freeiconspng.com/img/1934,2026-10-09T00:00:00Z,No,1.4,7.5,,,,,,,-128,-128,,0.5615,https://img.favpng.com/19/20/10/logo-clip-art-brand-draftkings-font-png-favpng-R2eJSXBaGUrVGy3sJKrTGB1H3.jpg
2026-10-09T00:00:00Z,draftkings,2026-10-08T09:13:05Z,Chicago White Sox,Cleveland Guardians,batter_hits,Angel Martinez,0.5,-146,110,59.35,47.62,55.48,44.52,0.81,0.5,61.01,45.81,57.15,42.85,-2.2,57.15,Over,0.85,0.35,56.39,Yes,1.67,1.67,Standard,https://www.freeiconspng.com/img/1934,2026-10-09T00:00:00Z,No,1.4,7.5,,,,,,,-133,-133,,0.5715,https://img.favpng.com/19/20/10/logo-clip-art-brand-draftkings-font-png-favpng-R2eJSXBaGUrVGy3sJKrTGB1H3.jpg
2026-10-09T00:00:00Z,draftkings,2026-10-08T09:13:05Z,Chicago White Sox,Cleveland Guardians,batter_hits,Brayan Rocchio,0.5,-146,110,59.35,47.62,55.48,44.52,0.81,0.5,59.63,46.98,55.94,44.06,-3.41,55.94,Over,0.82,0.32,55.24,Yes,0.46,0.46,Standard,https://www.freeiconspng.com/img/1934,2026-10-09T00:00:00Z,No,1.4,7.5,Guardians @ Orioles,2026-09-08T22:35:00Z,Tue 06:35pm,Oriole Park at Camden Yards,outdoor,,-127,-127,9/8/2026,0.5594,https://img.favpng.com/19/20/10/logo-clip-art-brand-draftkings-font-png-favpng-R2eJSXBaGUrVGy3sJKrTGB1H3.jpg
2026-10-09T00:00:00Z,draftkings,2026-10-08T09:13:05Z,Chicago White Sox,Cleveland Guardians,batter_hits,Travis Bazzana,0.5,-138,104,57.98,49.02,54.19,45.81,0.78,0.5,58.5,48.54,54.67,45.33,-3.31,54.67,Over,0.79,0.29,54.06,Yes,0.48,0.48,Standard,https://www.freeiconspng.com/img/1934,2026-10-09T00:00:00Z,No,1.4,7.5,Guardians @ Orioles,2026-09-08T22:35:00Z,Tue 06:35pm,Oriole Park at Camden Yards,outdoor,,-121,-121,9/8/2026,0.5467,https://img.favpng.com/19/20/10/logo-clip-art-brand-draftkings-font-png-favpng-R2eJSXBaGUrVGy3sJKrTGB1H3.jpg
2026-10-09T00:00:00Z,draftkings,2026-10-08T09:13:05Z,Chicago White Sox,Cleveland Guardians,batter_hits,Munetaka Murakami,0.5,-132,-101,56.9,50.25,53.1,46.9,0.76,0.5,56.45,49.64,53.19,46.81,-3.71,53.19,Over,0.76,0.26,52.85,Yes,0.09,0.09,Standard,https://www.freeiconspng.com/img/1934,2026-10-09T00:00:00Z,No,1.4,7.5,Pirates @ White Sox,2026-09-08T23:40:00Z,Tue 07:40pm,Rate Field,outdoor,,-114,-114,9/8/2026,0.5319,https://img.favpng.com/19/20/10/logo-clip-art-brand-draftkings-font-png-favpng-R2eJSXBaGUrVGy3sJKrTGB1H3.jpg
2026-10-09T00:00:00Z,draftkings,2026-10-08T09:13:05Z,Chicago White Sox,Cleveland Guardians,batter_hits,Patrick Bailey,0.5,-131,-101,56.71,50.25,53.02,46.98,0.76,0.5,56.59,50.14,53.02,46.98,-3.69,53.02,Over,0.76,0.26,52.85,Yes,0.00,0,Standard,https://www.freeiconspng.com/img/1934,2026-10-09T00:00:00Z,No,1.4,7.5,Guardians @ Orioles,2026-09-08T22:35:00Z,Tue 06:35pm,Oriole Park at Camden Yards,outdoor,,-113,-113,9/8/2026,0.5302,https://img.favpng.com/19/20/10/logo-clip-art-brand-draftkings-font-png-favpng-R2eJSXBaGUrVGy3sJKrTGB1H3.jpg
2026-10-09T00:00:00Z,draftkings,2026-10-08T09:13:05Z,Chicago White Sox,Cleveland Guardians,batter_hits,Braden Montgomery,0.5,-130,-102,56.52,50.5,52.82,47.18,0.75,0.5,57.45,49.3,53.82,46.18,-2.7,53.82,Over,0.77,0.27,53.25,Yes,1.00,1,Standard,https://www.freeiconspng.com/img/1934,2026-10-09T00:00:00Z,No,1.4,7.5,Pirates @ White Sox,2026-09-08T23:40:00Z,Tue 07:40pm,Rate Field,outdoor,,-117,-117,9/8/2026,0.5382,https://img.favpng.com/19/20/10/logo-clip-art-brand-draftkings-font-png-favpng-R2eJSXBaGUrVGy3sJKrTGB1H3.jpg
2026-10-09T00:00:00Z,draftkings,2026-10-08T09:13:05Z,Chicago White Sox,Cleveland Guardians,batter_hits,Colson Montgomery,0.5,-115,-116,53.49,53.7,49.9,50.1,0.69,0.5,52.66,55.13,48.81,51.19,-2.51,51.19,Under,0.67,0.17,51.03,No,1.09,1.09,Standard,https://www.freeiconspng.com/img/1934,,No,1.4,7.5,Pirates @ White Sox,2026-09-08T23:40:00Z,Tue 07:40pm,Rate Field,outdoor,,-105,-105,9/8/2026,0.4881,https://img.favpng.com/19/20/10/logo-clip-art-brand-draftkings-font-png-favpng-R2eJSXBaGUrVGy3sJKrTGB1H3.jpg
2026-10-09T00:00:00Z,draftkings,2026-10-08T09:13:05Z,Chicago White Sox,Cleveland Guardians,batter_hits,Kyle Teel,0.5,-114,-116,53.27,53.7,49.8,50.2,0.69,0.5,54.77,53.78,50.45,49.55,-4.15,50.45,Over,0.7,0.2,50.3,Yes,0.65,0.65,Standard,https://www.freeiconspng.com/img/1934,2026-10-09T00:00:00Z,No,1.4,7.5,Pirates @ White Sox,2026-09-08T23:40:00Z,Tue 07:40pm,Rate Field,outdoor,,-102,-102,9/8/2026,0.5045,https://img.favpng.com/19/20/10/logo-clip-art-brand-draftkings-font-png-favpng-R2eJSXBaGUrVGy3sJKrTGB1H3.jpg
2026-10-09T00:00:00Z,draftkings,2026-10-08T09:13:05Z,Chicago White Sox,Cleveland Guardians,batter_hits,Brenton Doyle,0.5,-107,-124,51.69,55.36,48.29,51.71,0.66,0.5,51.77,55.96,48.02,51.98,-3.38,51.98,Under,0.65,0.15,51.94,No,0.27,0.27,Standard,https://www.freeiconspng.com/img/1934,2026-10-09T00:00:00Z,No,1.4,7.5,,,,,,,-108,-108,,0.4802,https://img.favpng.com/19/20/10/logo-clip-art-brand-draftkings-font-png-favpng-R2eJSXBaGUrVGy3sJKrTGB1H3.jpg
2026-10-09T00:00:00Z,draftkings,2026-10-08T09:13:05Z,Chicago White Sox,Cleveland Guardians,batter_hits,Tommy Pham,0.5,107,-142,48.31,58.68,45.15,54.85,0.6,0.5,50.25,56.47,47.12,52.88,-5.8,52.88,Under,0.64,0.14,52.4,No,-1.97,-1.97,Standard,https://www.freeiconspng.com/img/1934,,No,1.4,7.5,,,,,,,-112,-112,,0.4712,https://img.favpng.com/19/20/10/logo-clip-art-brand-draftkings-font-png-favpng-R2eJSXBaGUrVGy3sJKrTGB1H3.jpg
2026-10-09T00:00:00Z,draftkings,2026-10-08T09:13:05Z,Chicago White Sox,Cleveland Guardians,batter_hits_runs_rbis,Steven Kwan,1.5,-118,-113,54.13,53.05,50.5,49.5,1.69,1.5,54.34,54.54,49.9,50.1,-4.23,50.1,Under,1.68,0.18,49.95,No,0.60,0.6,Standard,https://www.freeiconspng.com/img/1934,2026-10-09T00:00:00Z,No,1.4,7.5,Guardians @ Orioles,2026-09-08T22:35:00Z,Tue 06:35pm,Oriole Park at Camden Yards,outdoor,,-100,-100,9/8/2026,1.497,https://img.favpng.com/19/20/10/logo-clip-art-brand-draftkings-font-png-favpng-R2eJSXBaGUrVGy3sJKrTGB1H3.jpg
2026-10-09T00:00:00Z,draftkings,2026-10-08T09:13:05Z,Chicago White Sox,Cleveland Guardians,batter_hits_runs_rbis,Jose Ramirez,1.5,-117,-113,53.92,53.05,50.4,49.6,1.69,1.5,55.1,53.79,50.63,49.37,-3.29,50.63,Over,1.7,0.2,50.59,Yes,0.23,0.23,Standard,https://www.freeiconspng.com/img/1934,2026-10-09T00:00:00Z,No,1.4,7.5,,,,,,,-103,-103,,1.5189,https://img.favpng.com/19/20/10/logo-clip-art-brand-draftkings-font-png-favpng-R2eJSXBaGUrVGy3sJKrTGB1H3.jpg
2026-10-09T00:00:00Z,draftkings,2026-10-08T09:13:05Z,Chicago White Sox,Cleveland Guardians,batter_hits_runs_rbis,Chase DeLauter,1.5,-108,-123,51.92,55.16,48.49,51.51,1.63,1.5,54.15,54.72,49.75,50.25,-4.91,50.25,Under,1.67,0.17,50.23,No,-1.26,-1.26,Standard,https://www.freeiconspng.com/img/1934,2026-10-09T00:00:00Z,No,1.4,7.5,,,,,,,-101,-101,,1.4925,https://img.favpng.com/19/20/10/logo-clip-art-brand-draftkings-font-png-favpng-R2eJSXBaGUrVGy3sJKrTGB1H3.jpg
2026-10-09T00:00:00Z,draftkings,2026-10-08T09:13:05Z,Chicago White Sox,Cleveland Guardians,batter_hits_runs_rbis,Jo Adell,1.5,-107,-124,51.69,55.36,48.29,51.71,1.62,1.5,52.26,55.84,48.31,51.69,-3.67,51.69,Under,1.63,0.13,51.35,No,-0.02,-0.02,Standard,https://www.freeiconspng.com/img/1934,2026-10-09T00:00:00Z,No,1.4,7.5,Guardians @ Orioles,2026-09-08T22:35:00Z,Tue 06:35pm,Oriole Park at Camden Yards,outdoor,,-107,-107,9/8/2026,1.4493,https://img.favpng.com/19/20/10/logo-clip-art-brand-draftkings-font-png-favpng-R2eJSXBaGUrVGy3sJKrTGB1H3.jpg
2026-10-09T00:00:00Z,draftkings,2026-10-08T09:13:05Z,Chicago White Sox,Cleveland Guardians,batter_hits_runs_rbis,Miguel Vargas,1.5,103,-136,49.26,57.63,46.09,53.91,1.56,1.5,48.4,57.95,45.49,54.51,-3.12,54.51,Under,1.54,0.04,53.92,No,0.60,0.6,Standard,https://www.freeiconspng.com/img/1934,2026-10-09T00:00:00Z,No,1.4,7.5,Pirates @ White Sox,2026-09-08T23:40:00Z,Tue 07:40pm,Rate Field,outdoor,,-120,-120,9/8/2026,1.3647,https://img.favpng.com/19/20/10/logo-clip-art-brand-draftkings-font-png-favpng-R2eJSXBaGUrVGy3sJKrTGB1H3.jpg
2026-10-09T00:00:00Z,draftkings,2026-10-08T09:13:05Z,Chicago White Sox,Cleveland Guardians,batter_hits_runs_rbis,Chase Meidroth,1.5,108,-144,48.08,59.02,44.89,55.11,1.52,1.5,47.41,59.2,44.47,55.53,-3.49,55.53,Under,1.51,0.01,54.79,No,0.42,0.42,Standard,https://www.freeiconspng.com/img/1934,2026-10-09T00:00:00Z,No,1.4,7.5,Pirates @ White Sox,2026-09-08T23:40:00Z,Tue 07:40pm,Rate Field,outdoor,,-125,-125,9/8/2026,1.3341,https://img.favpng.com/19/20/10/logo-clip-art-brand-draftkings-font-png-favpng-R2eJSXBaGUrVGy3sJKrTGB1H3.jpg
2026-10-09T00:00:00Z,draftkings,2026-10-08T09:13:05Z,Chicago White Sox,Cleveland Guardians,batter_hits_runs_rbis,Nathaniel Lowe,1.5,120,-160,45.45,61.54,42.48,57.52,1.45,1.5,45.09,61.36,42.34,57.66,-3.88,57.66,Under,1.44,-0.06,56.87,Yes,0.14,0.14,Standard,https://www.freeiconspng.com/img/1934,2026-10-09T00:00:00Z,No,1.4,7.5,Guardians @ Orioles,2026-09-08T22:35:00Z,Tue 06:35pm,Oriole Park at Camden Yards,outdoor,,-136,-136,9/8/2026,1.2702,https://img.favpng.com/19/20/10/logo-clip-art-brand-draftkings-font-png-favpng-R2eJSXBaGUrVGy3sJKrTGB1H3.jpg
2026-10-09T00:00:00Z,draftkings,2026-10-08T09:13:05Z,Chicago White Sox,Cleveland Guardians,batter_hits_runs_rbis,Munetaka Murakami,1.5,124,-165,44.64,62.26,41.76,58.24,1.43,1.5,44.9,62.76,41.71,58.29,-3.97,58.29,Under,1.43,-0.07,57.17,Yes,0.05,0.05,Standard,https://www.freeiconspng.com/img/1934,2026-10-09T00:00:00Z,No,1.4,7.5,Pirates @ White Sox,2026-09-08T23:40:00Z,Tue 07:40pm,Rate Field,outdoor,,-140,-140,9/8/2026,1.2513,https://img.favpng.com/19/20/10/logo-clip-art-brand-draftkings-font-png-favpng-R2eJSXBaGUrVGy3sJKrTGB1H3.jpg
2026-10-09T00:00:00Z,draftkings,2026-10-08T09:13:05Z,Chicago White Sox,Cleveland Guardians,batter_hits_runs_rbis,Angel Martinez,1.5,133,-178,42.92,64.03,40.13,59.87,1.38,1.5,44.56,61.98,41.84,58.16,-5.87,58.16,Under,1.43,-0.07,57.17,Yes,-1.71,-1.71,Standard,https://www.freeiconspng.com/img/1934,2026-10-09T00:00:00Z,No,1.4,7.5,,,,,,,-139,-139,,1.2552,https://img.favpng.com/19/20/10/logo-clip-art-brand-draftkings-font-png-favpng-R2eJSXBaGUrVGy3sJKrTGB1H3.jpg
2026-10-09T00:00:00Z,draftkings,2026-10-08T09:13:05Z,Chicago White Sox,Cleveland Guardians,batter_hits_runs_rbis,Brayan Rocchio,1.5,133,-178,42.92,64.03,40.13,59.87,1.38,1.5,43.19,63.34,40.56,59.44,-4.59,59.44,Under,1.39,-0.11,58.39,Yes,-0.43,-0.43,Standard,https://www.freeiconspng.com/img/1934,2026-10-09T00:00:00Z,No,1.4,7.5,Guardians @ Orioles,2026-09-08T22:35:00Z,Tue 06:35pm,Oriole Park at Camden Yards,outdoor,,-147,-147,9/8/2026,1.2168,https://img.favpng.com/19/20/10/logo-clip-art-brand-draftkings-font-png-favpng-R2eJSXBaGUrVGy3sJKrTGB1H3.jpg
2026-10-09T00:00:00Z,draftkings,2026-10-08T09:13:05Z,Chicago White Sox,Cleveland Guardians,batter_hits_runs_rbis,Travis Bazzana,0.5,-182,136,64.54,42.37,60.37,39.63,0.93,0.5,65.69,42.8,60.54,39.46,-4,60.54,Over,0.93,0.43,59.28,Yes,0.17,0.17,Standard,https://www.freeiconspng.com/img/1934,2026-10-09T00:00:00Z,No,1.4,7.5,Guardians @ Orioles,2026-09-08T22:35:00Z,Tue 06:35pm,Oriole Park at Camden Yards,outdoor,,-153,-153,9/8/2026,0.6054,https://img.favpng.com/19/20/10/logo-clip-art-brand-draftkings-font-png-favpng-R2eJSXBaGUrVGy3sJKrTGB1H3.jpg
2026-10-09T00:00:00Z,draftkings,2026-10-08T09:13:05Z,Chicago White Sox,Cleveland Guardians,batter_hits_runs_rbis,Randal Grichuk,0.5,-180,135,64.29,42.55,60.17,39.83,0.92,0.5,63.45,42.6,59.8,40.2,-4.49,59.8,Over,0.91,0.41,58.58,Yes,-0.37,-0.37,Standard,https://www.freeiconspng.com/img/1934,2026-10-09T00:00:00Z,No,1.4,7.5,,,,,,,-149,-149,,0.598,https://img.favpng.com/19/20/10/logo-clip-art-brand-draftkings-font-png-favpng-R2eJSXBaGUrVGy3sJKrTGB1H3.jpg
2026-10-09T00:00:00Z,draftkings,2026-10-08T09:13:05Z,Chicago White Sox,Cleveland Guardians,batter_hits_runs_rbis,Patrick Bailey,0.5,-164,123,62.12,44.84,58.08,41.92,0.87,0.5,62.47,44.05,58.68,41.32,-3.44,58.68,Over,0.88,0.38,57.5,Yes,0.60,0.6,Standard,https://www.freeiconspng.com/img/1934,2026-10-09T00:00:00Z,No,1.4,7.5,Guardians @ Orioles,2026-09-08T22:35:00Z,Tue 06:35pm,Oriole Park at Camden Yards,outdoor,,-142,-142,9/8/2026,0.5868,https://img.favpng.com/19/20/10/logo-clip-art-brand-draftkings-font-png-favpng-R2eJSXBaGUrVGy3sJKrTGB1H3.jpg
2026-10-09T00:00:00Z,draftkings,2026-10-08T09:13:05Z,Chicago White Sox,Cleveland Guardians,batter_hits_runs_rbis,Braden Montgomery,0.5,-159,120,61.39,45.45,57.46,42.54,0.85,0.5,61.9,44.51,58.17,41.83,-3.22,58.17,Over,0.87,0.37,57.13,Yes,0.71,0.71,Standard,https://www.freeiconspng.com/img/1934,2026-10-09T00:00:00Z,No,1.4,7.5,Pirates @ White Sox,2026-09-08T23:40:00Z,Tue 07:40pm,Rate Field,outdoor,,-139,-139,9/8/2026,0.5817,https://img.favpng.com/19/20/10/logo-clip-art-brand-draftkings-font-png-favpng-R2eJSXBaGUrVGy3sJKrTGB1H3.jpg
2026-10-09T00:00:00Z,draftkings,2026-10-08T09:13:05Z,Chicago White Sox,Cleveland Guardians,batter_hits_runs_rbis,Kyle Teel,0.5,-148,111,59.68,47.39,55.74,44.26,0.82,0.5,60.73,45.93,56.93,43.07,-2.75,56.93,Over,0.84,0.34,56.01,Yes,1.19,1.19,Standard,https://www.freeiconspng.com/img/1934,2026-10-09T00:00:00Z,No,1.4,7.5,Pirates @ White Sox,2026-09-08T23:40:00Z,Tue 07:40pm,Rate Field,outdoor,,-132,-132,9/8/2026,0.5693,https://img.favpng.com/19/20/10/logo-clip-art-brand-draftkings-font-png-favpng-R2eJSXBaGUrVGy3sJKrTGB1H3.jpg
2026-10-09T00:00:00Z,draftkings,2026-10-08T09:13:05Z,Chicago White Sox,Cleveland Guardians,batter_hits_runs_rbis,Colson Montgomery,0.5,-145,109,59.18,47.85,55.3,44.7,0.8,0.5,58.58,47.81,55.06,44.94,-4.12,55.06,Over,0.8,0.3,54.46,Yes,-0.24,-0.24,Standard,https://www.freeiconspng.com/img/1934,,No,1.4,7.5,Pirates @ White Sox,2026-09-08T23:40:00Z,Tue 07:40pm,Rate Field,outdoor,,-123,-123,9/8/2026,0.5506,https://img.favpng.com/19/20/10/logo-clip-art-brand-draftkings-font-png-favpng-R2eJSXBaGUrVGy3sJKrTGB1H3.jpg
2026-10-09T00:00:00Z,draftkings,2026-10-08T09:13:05Z,Chicago White Sox,Cleveland Guardians,batter_hits_runs_rbis,Tommy Pham,0.5,-121,-110,54.75,52.38,51.11,48.89,0.72,0.5,56.62,52.25,52.1,47.9,-2.65,52.1,Over,0.74,0.24,52.01,Yes,0.99,0.99,Standard,https://www.freeiconspng.com/img/1934,,No,1.4,7.5,,,,,,,-109,-109,,0.521,https://img.favpng.com/19/20/10/logo-clip-art-brand-draftkings-font-png-favpng-R2eJSXBaGUrVGy3sJKrTGB1H3.jpg
2026-10-09T00:00:00Z,draftkings,2026-10-08T09:13:05Z,Chicago White Sox,Cleveland Guardians,batter_hits_runs_rbis,Brenton Doyle,0.5,-120,-110,54.55,52.38,51.01,48.99,0.71,0.5,55.8,53.11,51.28,48.72,-3.27,51.28,Over,0.72,0.22,51.17,Yes,0.27,0.27,Standard,https://www.freeiconspng.com/img/1934,2026-10-09T00:00:00Z,No,1.4,7.5,,,,,,,-105,-105,,0.5128,https://img.favpng.com/19/20/10/logo-clip-art-brand-draftkings-font-png-favpng-R2eJSXBaGUrVGy3sJKrTGB1H3.jpg
2026-10-09T00:00:00Z,draftkings,2026-10-08T09:13:05Z,Chicago White Sox,Cleveland Guardians,batter_rbis,Jo Adell,0.5,165,-232,37.74,69.88,35.07,64.93,0.43,0.5,38.88,68.28,36.27,63.73,-6.15,63.73,Under,0.45,-0.05,62.11,Yes,-1.20,-1.2,Standard,https://www.freeiconspng.com/img/1934,2026-10-09T00:00:00Z,No,1.4,7.5,Guardians @ Orioles,2026-09-08T22:35:00Z,Tue 06:35pm,Oriole Park at Camden Yards,outdoor,,-176,-176,9/8/2026,0.3627,https://img.favpng.com/19/20/10/logo-clip-art-brand-draftkings-font-png-favpng-R2eJSXBaGUrVGy3sJKrTGB1H3.jpg
2026-10-09T00:00:00Z,draftkings,2026-10-08T09:13:05Z,Chicago White Sox,Cleveland Guardians,batter_rbis,Munetaka Murakami,0.5,192,-273,34.25,73.19,31.88,68.12,0.38,0.5,34.72,71.89,32.55,67.45,-5.74,67.45,Under,0.39,-0.11,65.58,Yes,-0.67,-0.67,Standard,https://www.freeiconspng.com/img/1934,2026-10-09T00:00:00Z,No,1.4,7.5,Pirates @ White Sox,2026-09-08T23:40:00Z,Tue 07:40pm,Rate Field,outdoor,,-207,-207,9/8/2026,0.3255,https://img.favpng.com/19/20/10/logo-clip-art-brand-draftkings-font-png-favpng-R2eJSXBaGUrVGy3sJKrTGB1H3.jpg
2026-10-09T00:00:00Z,draftkings,2026-10-08T09:13:05Z,Chicago White Sox,Cleveland Guardians,batter_rbis,Chase DeLauter,0.5,196,-280,33.78,73.68,31.44,68.56,0.38,0.5,37,69.74,34.66,65.34,-8.34,65.34,Under,0.43,-0.07,63.24,Yes,-3.22,-3.22,Standard,https://www.freeiconspng.com/img/1934,2026-10-09T00:00:00Z,No,1.40,7.5,,,,,,,-189,-189,,0.3466,https://img.favpng.com/19/20/10/logo-clip-art-brand-draftkings-font-png-favpng-R2eJSXBaGUrVGy3sJKrTGB1H3.jpg
2026-10-09T00:00:00Z,draftkings,2026-10-08T09:13:05Z,Chicago White Sox,Cleveland Guardians,batter_rbis,Jose Ramirez,0.5,198,-282,33.56,73.82,31.25,68.75,0.37,0.5,34.73,71.67,32.62,67.38,-6.44,67.38,Under,0.39,-0.11,65.58,Yes,-1.37,-1.37,Standard,https://www.freeiconspng.com/img/1934,2026-10-09T00:00:00Z,No,1.40,7.5,,,,,,,-207,-207,,0.3262,https://img.favpng.com/19/20/10/logo-clip-art-brand-draftkings-font-png-favpng-R2eJSXBaGUrVGy3sJKrTGB1H3.jpg
2026-10-09T00:00:00Z,draftkings,2026-10-08T09:13:05Z,Chicago White Sox,Cleveland Guardians,batter_rbis,Miguel Vargas,0.5,198,-282,33.56,73.82,31.25,68.75,0.37,0.5,34.06,72.93,31.79,68.21,-5.61,68.21,Under,0.38,-0.12,66.18,Yes,-0.54,-0.54,Standard,https://www.freeiconspng.com/img/1934,2026-10-09T00:00:00Z,No,1.40,7.5,Pirates @ White Sox,2026-09-08T23:40:00Z,Tue 07:40pm,Rate Field,outdoor,,-215,-215,9/8/2026,0.3179,https://img.favpng.com/19/20/10/logo-clip-art-brand-draftkings-font-png-favpng-R2eJSXBaGUrVGy3sJKrTGB1H3.jpg
2026-10-09T00:00:00Z,draftkings,2026-10-08T09:13:05Z,Chicago White Sox,Cleveland Guardians,batter_rbis,Nathaniel Lowe,0.5,219,-315,31.35,75.9,29.23,70.77,0.35,0.5,33.26,74.35,30.89,69.11,-6.79,69.11,Under,0.37,-0.13,66.78,Yes,-1.66,-1.66,Standard,https://www.freeiconspng.com/img/1934,2026-10-09T00:00:00Z,No,1.40,7.5,Guardians @ Orioles,2026-09-08T22:35:00Z,Tue 06:35pm,Oriole Park at Camden Yards,outdoor,,-224,-224,9/8/2026,0.3089,https://img.favpng.com/19/20/10/logo-clip-art-brand-draftkings-font-png-favpng-R2eJSXBaGUrVGy3sJKrTGB1H3.jpg
2026-10-09T00:00:00Z,draftkings,2026-10-08T09:13:05Z,Chicago White Sox,Cleveland Guardians,batter_rbis,Colson Montgomery,0.5,251,-366,28.49,78.54,26.62,73.38,0.31,0.5,27.99,79.25,26.06,73.94,-4.6,73.94,Under,0.3,-0.2,71.19,Yes,0.56,0.56,Standard,https://www.freeiconspng.com/img/1934,,No,1.40,7.5,Pirates @ White Sox,2026-09-08T23:40:00Z,Tue 07:40pm,Rate Field,outdoor,,-284,-284,9/8/2026,0.2606,https://img.favpng.com/19/20/10/logo-clip-art-brand-draftkings-font-png-favpng-R2eJSXBaGUrVGy3sJKrTGB1H3.jpg
2026-10-09T00:00:00Z,draftkings,2026-10-08T09:13:05Z,Chicago White Sox,Cleveland Guardians,batter_rbis,Patrick Bailey,0.5,262,-383,27.62,79.3,25.84,74.16,0.3,0.5,28.21,78.88,26.32,73.68,-5.62,73.68,Under,0.31,-0.19,70.54,Yes,-0.48,-0.48,Standard,https://www.freeiconspng.com/img/1934,2026-10-09T00:00:00Z,No,1.40,7.5,Guardians @ Orioles,2026-09-08T22:35:00Z,Tue 06:35pm,Oriole Park at Camden Yards,outdoor,,-280,-280,9/8/2026,0.2632,https://img.favpng.com/19/20/10/logo-clip-art-brand-draftkings-font-png-favpng-R2eJSXBaGUrVGy3sJKrTGB1H3.jpg
2026-10-09T00:00:00Z,draftkings,2026-10-08T09:13:05Z,Chicago White Sox,Cleveland Guardians,batter_rbis,Angel Martinez,0.5,263,-385,27.55,79.38,25.76,74.24,0.3,0.5,29.86,77.28,27.86,72.14,-7.24,72.14,Under,0.33,-0.17,69.27,Yes,-2.10,-2.1,Standard,https://www.freeiconspng.com/img/1934,2026-10-09T00:00:00Z,No,1.40,7.5,,,,,,,-259,-259,,0.2786,https://img.favpng.com/19/20/10/logo-clip-art-brand-draftkings-font-png-favpng-R2eJSXBaGUrVGy3sJKrTGB1H3.jpg
2026-10-09T00:00:00Z,draftkings,2026-10-08T09:13:05Z,Chicago White Sox,Cleveland Guardians,batter_rbis,Travis Bazzana,0.5,281,-415,26.25,80.58,24.57,75.43,0.28,0.5,27.8,79.41,25.93,74.07,-6.51,74.07,Under,0.3,-0.2,71.19,Yes,-1.36,-1.36,Standard,https://www.freeiconspng.com/img/1934,2026-10-09T00:00:00Z,No,1.40,7.5,Guardians @ Orioles,2026-09-08T22:35:00Z,Tue 06:35pm,Oriole Park at Camden Yards,outdoor,,-286,-286,9/8/2026,0.2593,https://img.favpng.com/19/20/10/logo-clip-art-brand-draftkings-font-png-favpng-R2eJSXBaGUrVGy3sJKrTGB1H3.jpg
2026-10-09T00:00:00Z,draftkings,2026-10-08T09:13:05Z,Chicago White Sox,Cleveland Guardians,batter_rbis,Brayan Rocchio,0.5,282,-416,26.18,80.62,24.51,75.49,0.28,0.5,27.49,78.68,25.88,74.12,-6.5,74.12,Under,0.3,-0.2,71.19,Yes,-1.37,-1.37,Standard,https://www.freeiconspng.com/img/1934,2026-10-09T00:00:00Z,No,1.40,7.5,Guardians @ Orioles,2026-09-08T22:35:00Z,Tue 06:35pm,Oriole Park at Camden Yards,outdoor,,-286,-286,9/8/2026,0.2588,https://img.favpng.com/19/20/10/logo-clip-art-brand-draftkings-font-png-favpng-R2eJSXBaGUrVGy3sJKrTGB1H3.jpg
2026-10-09T00:00:00Z,draftkings,2026-10-08T09:13:05Z,Chicago White Sox,Cleveland Guardians,batter_rbis,Randal Grichuk,0.5,293,-434,25.45,81.27,23.84,76.16,0.27,0.5,27.73,79.47,25.83,74.17,-7.1,74.17,Under,0.3,-0.2,71.19,Yes,-1.99,-1.99,Standard,https://www.freeiconspng.com/img/1934,2026-10-09T00:00:00Z,No,1.40,7.5,,,,,,,-287,-287,,0.2583,https://img.favpng.com/19/20/10/logo-clip-art-brand-draftkings-font-png-favpng-R2eJSXBaGUrVGy3sJKrTGB1H3.jpg
2026-10-09T00:00:00Z,draftkings,2026-10-08T09:13:05Z,Chicago White Sox,Cleveland Guardians,batter_rbis,Braden Montgomery,0.5,316,-473,24.04,82.55,22.55,77.45,0.26,0.5,25.92,80.62,24.3,75.7,-6.85,75.7,Under,0.28,-0.22,72.51,Yes,-1.75,-1.75,Standard,https://www.freeiconspng.com/img/1934,2026-10-09T00:00:00Z,No,1.40,7.5,Pirates @ White Sox,2026-09-08T23:40:00Z,Tue 07:40pm,Rate Field,outdoor,,-312,-312,9/8/2026,0.243,https://img.favpng.com/19/20/10/logo-clip-art-brand-draftkings-font-png-favpng-R2eJSXBaGUrVGy3sJKrTGB1H3.jpg
2026-10-09T00:00:00Z,draftkings,2026-10-08T09:13:05Z,Chicago White Sox,Cleveland Guardians,batter_rbis,Brenton Doyle,0.5,317,-475,23.98,82.61,22.5,77.5,0.25,0.5,25.42,81.69,23.68,76.32,-6.29,76.32,Under,0.27,-0.23,73.18,Yes,-1.18,-1.18,Standard,https://www.freeiconspng.com/img/1934,2026-10-09T00:00:00Z,No,1.4,7.5,,,,,,,-322,-322,,0.2368,https://img.favpng.com/19/20/10/logo-clip-art-brand-draftkings-font-png-favpng-R2eJSXBaGUrVGy3sJKrTGB1H3.jpg
2026-10-09T00:00:00Z,draftkings,2026-10-08T09:13:05Z,Chicago White Sox,Cleveland Guardians,batter_rbis,Steven Kwan,0.5,318,-476,23.92,82.64,22.45,77.55,0.25,0.5,25.35,81.82,23.65,76.35,-6.29,76.35,Under,0.27,-0.23,73.18,Yes,-1.20,-1.2,Standard,https://www.freeiconspng.com/img/1934,2026-10-09T00:00:00Z,No,1.4,7.5,Guardians @ Orioles,2026-09-08T22:35:00Z,Tue 06:35pm,Oriole Park at Camden Yards,outdoor,,-323,-323,9/8/2026,0.2365,https://img.favpng.com/19/20/10/logo-clip-art-brand-draftkings-font-png-favpng-R2eJSXBaGUrVGy3sJKrTGB1H3.jpg
2026-10-09T00:00:00Z,draftkings,2026-10-08T09:13:05Z,Chicago White Sox,Cleveland Guardians,batter_rbis,Kyle Teel,0.5,323,-484,23.64,82.88,22.19,77.81,0.25,0.5,25.68,81.49,23.93,76.07,-6.81,76.07,Under,0.27,-0.23,73.18,Yes,-1.74,-1.74,Standard,https://www.freeiconspng.com/img/1934,2026-10-09T00:00:00Z,No,1.4,7.5,Pirates @ White Sox,2026-09-08T23:40:00Z,Tue 07:40pm,Rate Field,outdoor,,-318,-318,9/8/2026,0.2393,https://img.favpng.com/19/20/10/logo-clip-art-brand-draftkings-font-png-favpng-R2eJSXBaGUrVGy3sJKrTGB1H3.jpg
2026-10-09T00:00:00Z,draftkings,2026-10-08T09:13:05Z,Chicago White Sox,Cleveland Guardians,batter_rbis,Tommy Pham,0.5,329,-495,23.31,83.19,21.89,78.11,0.25,0.5,25.29,81.7,23.61,76.39,-6.8,76.39,Under,0.27,-0.23,73.18,Yes,-1.72,-1.72,Standard,https://www.freeiconspng.com/img/1934,,No,1.4,7.5,,,,,,,-324,-324,,0.2361,https://img.favpng.com/19/20/10/logo-clip-art-brand-draftkings-font-png-favpng-R2eJSXBaGUrVGy3sJKrTGB1H3.jpg
2026-10-09T00:00:00Z,draftkings,2026-10-08T09:13:05Z,Chicago White Sox,Cleveland Guardians,batter_rbis,Chase Meidroth,0.5,353,-536,22.08,84.28,20.76,79.24,0.23,0.5,25.02,81.83,23.39,76.61,-7.67,76.61,Under,0.27,-0.23,73.18,Yes,-2.63,-2.63,Standard,https://www.freeiconspng.com/img/1934,2026-10-09T00:00:00Z,No,1.4,7.5,Pirates @ White Sox,2026-09-08T23:40:00Z,Tue 07:40pm,Rate Field,outdoor,,-328,-328,9/8/2026,0.2339,https://img.favpng.com/19/20/10/logo-clip-art-brand-draftkings-font-png-favpng-R2eJSXBaGUrVGy3sJKrTGB1H3.jpg
2026-10-09T00:00:00Z,draftkings,2026-10-08T09:13:05Z,Chicago White Sox,Cleveland Guardians,batter_runs_scored,Jose Ramirez,0.5,109,-151,47.85,60.16,44.3,55.7,0.59,0.5,47.53,59.14,44.56,55.44,-4.72,55.44,Under,0.59,0.09,54.78,No,-0.26,-0.26,Standard,https://www.freeiconspng.com/img/1934,2026-10-09T00:00:00Z,No,1.4,7.5,,,,,,,-124,-124,,0.4456,https://img.favpng.com/19/20/10/logo-clip-art-brand-draftkings-font-png-favpng-R2eJSXBaGUrVGy3sJKrTGB1H3.jpg
2026-10-09T00:00:00Z,draftkings,2026-10-08T09:13:05Z,Chicago White Sox,Cleveland Guardians,batter_runs_scored,Steven Kwan,0.5,115,-159,46.51,61.39,43.11,56.89,0.56,0.5,44.86,61.6,42.09,57.91,-3.48,57.91,Under,0.55,0.05,56.77,No,1.02,1.02,Standard,https://www.freeiconspng.com/img/1934,2026-10-09T00:00:00Z,No,1.4,7.5,Guardians @ Orioles,2026-09-08T22:35:00Z,Tue 06:35pm,Oriole Park at Camden Yards,outdoor,,-138,-138,9/8/2026,0.4209,https://img.favpng.com/19/20/10/logo-clip-art-brand-draftkings-font-png-favpng-R2eJSXBaGUrVGy3sJKrTGB1H3.jpg
2026-10-09T00:00:00Z,draftkings,2026-10-08T09:13:05Z,Chicago White Sox,Cleveland Guardians,batter_runs_scored,Chase DeLauter,0.5,130,-180,43.48,64.29,40.35,59.65,0.52,0.5,43.53,62.99,40.86,59.14,-5.15,59.14,Under,0.53,0.03,57.8,No,-0.51,-0.51,Standard,https://www.freeiconspng.com/img/1934,2026-10-09T00:00:00Z,No,1.4,7.5,,,,,,,-145,-145,,0.4086,https://img.favpng.com/19/20/10/logo-clip-art-brand-draftkings-font-png-favpng-R2eJSXBaGUrVGy3sJKrTGB1H3.jpg
2026-10-09T00:00:00Z,draftkings,2026-10-08T09:13:05Z,Chicago White Sox,Cleveland Guardians,batter_runs_scored,Jo Adell,0.5,131,-182,43.29,64.54,40.15,59.85,0.51,0.5,42.59,64.19,39.87,60.13,-4.41,60.13,Under,0.51,0.01,58.84,No,0.28,0.28,Standard,https://www.freeiconspng.com/img/1934,2026-10-09T00:00:00Z,No,1.4,7.5,Guardians @ Orioles,2026-09-08T22:35:00Z,Tue 06:35pm,Oriole Park at Camden Yards,outdoor,,-151,-151,9/8/2026,0.3987,https://img.favpng.com/19/20/10/logo-clip-art-brand-draftkings-font-png-favpng-R2eJSXBaGUrVGy3sJKrTGB1H3.jpg
2026-10-09T00:00:00Z,draftkings,2026-10-08T09:13:05Z,Chicago White Sox,Cleveland Guardians,batter_runs_scored,Miguel Vargas,0.5,131,-182,43.29,64.54,40.15,59.85,0.51,0.5,42.75,63.63,40.13,59.87,-4.67,59.87,Under,0.51,0.01,58.84,No,0.02,0.02,Standard,https://www.freeiconspng.com/img/1934,2026-10-09T00:00:00Z,No,1.4,7.5,Pirates @ White Sox,2026-09-08T23:40:00Z,Tue 07:40pm,Rate Field,outdoor,,-149,-149,9/8/2026,0.4013,https://img.favpng.com/19/20/10/logo-clip-art-brand-draftkings-font-png-favpng-R2eJSXBaGUrVGy3sJKrTGB1H3.jpg
2026-10-09T00:00:00Z,draftkings,2026-10-08T09:13:05Z,Chicago White Sox,Cleveland Guardians,batter_runs_scored,Munetaka Murakami,0.5,133,-186,42.92,65.03,39.76,60.24,0.51,0.5,42.25,64.46,39.52,60.48,-4.55,60.48,Under,0.5,0,59.37,No,0.24,0.24,Standard,https://www.freeiconspng.com/img/1934,2026-10-09T00:00:00Z,No,1.4,7.5,Pirates @ White Sox,2026-09-08T23:40:00Z,Tue 07:40pm,Rate Field,outdoor,,-153,-153,9/8/2026,0.3952,https://img.favpng.com/19/20/10/logo-clip-art-brand-draftkings-font-png-favpng-R2eJSXBaGUrVGy3sJKrTGB1H3.jpg
2026-10-09T00:00:00Z,draftkings,2026-10-08T09:13:05Z,Chicago White Sox,Cleveland Guardians,batter_runs_scored,Chase Meidroth,0.5,141,-196,41.49,66.22,38.52,61.48,0.49,0.5,41.56,65.12,38.93,61.07,-5.15,61.07,Under,0.49,-0.01,59.91,Yes,-0.41,-0.41,Standard,https://www.freeiconspng.com/img/1934,2026-10-09T00:00:00Z,No,1.4,7.5,Pirates @ White Sox,2026-09-08T23:40:00Z,Tue 07:40pm,Rate Field,outdoor,,-157,-157,9/8/2026,0.3893,https://img.favpng.com/19/20/10/logo-clip-art-brand-draftkings-font-png-favpng-R2eJSXBaGUrVGy3sJKrTGB1H3.jpg
2026-10-09T00:00:00Z,draftkings,2026-10-08T09:13:05Z,Chicago White Sox,Cleveland Guardians,batter_runs_scored,Nathaniel Lowe,0.5,165,-233,37.74,69.97,35.04,64.96,0.43,0.5,37.27,69.21,34.93,65.07,-4.9,65.07,Under,0.43,-0.07,63.24,Yes,0.11,0.11,Standard,https://www.freeiconspng.com/img/1934,2026-10-09T00:00:00Z,No,1.4,7.5,Guardians @ Orioles,2026-09-08T22:35:00Z,Tue 06:35pm,Oriole Park at Camden Yards,outdoor,,-186,-186,9/8/2026,0.3493,https://img.favpng.com/19/20/10/logo-clip-art-brand-draftkings-font-png-favpng-R2eJSXBaGUrVGy3sJKrTGB1H3.jpg
2026-10-09T00:00:00Z,draftkings,2026-10-08T09:13:05Z,Chicago White Sox,Cleveland Guardians,batter_runs_scored,Colson Montgomery,0.5,170,-239,37.04,70.5,34.44,65.56,0.42,0.5,34.91,71.42,32.73,67.27,-3.23,67.27,Under,0.4,-0.1,64.99,Yes,1.71,1.71,Standard,https://www.freeiconspng.com/img/1934,,No,1.4,7.5,Pirates @ White Sox,2026-09-08T23:40:00Z,Tue 07:40pm,Rate Field,outdoor,,-206,-206,9/8/2026,0.3273,https://img.favpng.com/19/20/10/logo-clip-art-brand-draftkings-font-png-favpng-R2eJSXBaGUrVGy3sJKrTGB1H3.jpg
2026-10-09T00:00:00Z,draftkings,2026-10-08T09:13:05Z,Chicago White Sox,Cleveland Guardians,batter_runs_scored,Randal Grichuk,0.5,171,-241,36.9,70.67,34.3,65.7,0.42,0.5,36.79,69.61,34.48,65.52,-5.15,65.52,Under,0.42,-0.08,63.82,Yes,-0.18,-0.18,Standard,https://www.freeiconspng.com/img/1934,2026-10-09T00:00:00Z,No,1.4,7.5,,,,,,,-190,-190,,0.3448,https://img.favpng.com/19/20/10/logo-clip-art-brand-draftkings-font-png-favpng-R2eJSXBaGUrVGy3sJKrTGB1H3.jpg
2026-10-09T00:00:00Z,draftkings,2026-10-08T09:13:05Z,Chicago White Sox,Cleveland Guardians,batter_runs_scored,Brayan Rocchio,0.5,173,-244,36.63,70.93,34.06,65.94,0.42,0.5,36.25,70.39,33.98,66.02,-4.91,66.02,Under,0.42,-0.08,63.82,Yes,0.08,0.08,Standard,https://www.freeiconspng.com/img/1934,2026-10-09T00:00:00Z,No,1.4,7.5,Guardians @ Orioles,2026-09-08T22:35:00Z,Tue 06:35pm,Oriole Park at Camden Yards,outdoor,,-194,-194,9/8/2026,0.3398,https://img.favpng.com/19/20/10/logo-clip-art-brand-draftkings-font-png-favpng-R2eJSXBaGUrVGy3sJKrTGB1H3.jpg
2026-10-09T00:00:00Z,draftkings,2026-10-08T09:13:05Z,Chicago White Sox,Cleveland Guardians,batter_runs_scored,Travis Bazzana,0.5,178,-252,35.97,71.59,33.44,66.56,0.41,0.5,36.61,69.92,34.37,65.63,-5.96,65.63,Under,0.42,-0.08,63.82,Yes,-0.93,-0.93,Standard,https://www.freeiconspng.com/img/1934,2026-10-09T00:00:00Z,No,1.4,7.5,Guardians @ Orioles,2026-09-08T22:35:00Z,Tue 06:35pm,Oriole Park at Camden Yards,outdoor,,-191,-191,9/8/2026,0.3437,https://img.favpng.com/19/20/10/logo-clip-art-brand-draftkings-font-png-favpng-R2eJSXBaGUrVGy3sJKrTGB1H3.jpg
2026-10-09T00:00:00Z,draftkings,2026-10-08T09:13:05Z,Chicago White Sox,Cleveland Guardians,batter_runs_scored,Patrick Bailey,0.5,185,-263,35.09,72.45,32.63,67.37,0.39,0.5,34.92,71.79,32.69,67.31,-5.14,67.31,Under,0.4,-0.1,64.99,Yes,-0.06,-0.06,Standard,https://www.freeiconspng.com/img/1934,2026-10-09T00:00:00Z,No,1.4,7.5,Guardians @ Orioles,2026-09-08T22:35:00Z,Tue 06:35pm,Oriole Park at Camden Yards,outdoor,,-206,-206,9/8/2026,0.3269,https://img.favpng.com/19/20/10/logo-clip-art-brand-draftkings-font-png-favpng-R2eJSXBaGUrVGy3sJKrTGB1H3.jpg
2026-10-09T00:00:00Z,draftkings,2026-10-08T09:13:05Z,Chicago White Sox,Cleveland Guardians,batter_runs_scored,Angel Martinez,0.5,189,-268,34.6,72.83,32.21,67.79,0.39,0.5,35.92,70.66,33.71,66.29,-6.54,66.29,Under,0.41,-0.09,64.4,Yes,-1.50,-1.5,Standard,https://www.freeiconspng.com/img/1934,2026-10-09T00:00:00Z,No,1.4,7.5,,,,,,,-197,-197,,0.3371,https://img.favpng.com/19/20/10/logo-clip-art-brand-draftkings-font-png-favpng-R2eJSXBaGUrVGy3sJKrTGB1H3.jpg
2026-10-09T00:00:00Z,draftkings,2026-10-08T09:13:05Z,Chicago White Sox,Cleveland Guardians,batter_runs_scored,Kyle Teel,0.5,210,-301,32.26,75.06,30.06,69.94,0.36,0.5,31.96,74.39,29.96,70.04,-5.02,70.04,Under,0.36,-0.14,67.4,Yes,0.10,0.1,Standard,https://www.freeiconspng.com/img/1934,2026-10-09T00:00:00Z,No,1.4,7.5,Pirates @ White Sox,2026-09-08T23:40:00Z,Tue 07:40pm,Rate Field,outdoor,,-234,-234,9/8/2026,0.2996,https://img.favpng.com/19/20/10/logo-clip-art-brand-draftkings-font-png-favpng-R2eJSXBaGUrVGy3sJKrTGB1H3.jpg
2026-10-09T00:00:00Z,draftkings,2026-10-08T09:13:05Z,Chicago White Sox,Cleveland Guardians,batter_runs_scored,Braden Montgomery,0.5,216,-310,31.65,75.61,29.5,70.5,0.35,0.5,31.88,74.68,29.86,70.14,-5.47,70.14,Under,0.35,-0.15,68.01,Yes,-0.36,-0.36,Standard,https://www.freeiconspng.com/img/1934,2026-10-09T00:00:00Z,No,1.4,7.5,Pirates @ White Sox,2026-09-08T23:40:00Z,Tue 07:40pm,Rate Field,outdoor,,-235,-235,9/8/2026,0.2986,https://img.favpng.com/19/20/10/logo-clip-art-brand-draftkings-font-png-favpng-R2eJSXBaGUrVGy3sJKrTGB1H3.jpg
2026-10-09T00:00:00Z,draftkings,2026-10-08T09:13:05Z,Chicago White Sox,Cleveland Guardians,batter_runs_scored,Brenton Doyle,0.5,242,-352,29.24,77.88,27.3,72.7,0.32,0.5,29.31,77.2,27.44,72.56,-5.32,72.56,Under,0.32,-0.18,69.9,Yes,-0.14,-0.14,Standard,https://www.freeiconspng.com/img/1934,2026-10-09T00:00:00Z,No,1.4,7.5,,,,,,,-264,-264,,0.2744,https://img.favpng.com/19/20/10/logo-clip-art-brand-draftkings-font-png-favpng-R2eJSXBaGUrVGy3sJKrTGB1H3.jpg
2026-10-09T00:00:00Z,draftkings,2026-10-08T09:13:05Z,Chicago White Sox,Cleveland Guardians,batter_runs_scored,Tommy Pham,0.5,243,-353,29.15,77.92,27.23,72.77,0.32,0.5,30.15,76.19,28.35,71.65,-6.27,71.65,Under,0.33,-0.17,69.27,Yes,-1.12,-1.12,Standard,https://www.freeiconspng.com/img/1934,,No,1.4,7.5,,,,,,,-253,-253,,0.2835,https://img.favpng.com/19/20/10/logo-clip-art-brand-draftkings-font-png-favpng-R2eJSXBaGUrVGy3sJKrTGB1H3.jpg
2026-10-09T00:00:00Z,draftkings,2026-10-08T09:13:05Z,Chicago White Sox,Cleveland Guardians,batter_singles,Steven Kwan,0.5,-154,112,60.63,47.17,56.24,43.76,0.5,0.5,61.93,47.13,56.79,43.21,-3.84,56.79,Over,0.5,0,50,No,0.55,0.55,Standard,https://www.freeiconspng.com/img/1934,2026-10-09T00:00:00Z,No,1.4,7.5,Guardians @ Orioles,2026-09-08T22:35:00Z,Tue 06:35pm,Oriole Park at Camden Yards,outdoor,,-131,-131,9/8/2026,0.5679,https://img.favpng.com/19/20/10/logo-clip-art-brand-draftkings-font-png-favpng-R2eJSXBaGUrVGy3sJKrTGB1H3.jpg
2026-10-09T00:00:00Z,draftkings,2026-10-08T09:13:05Z,Chicago White Sox,Cleveland Guardians,batter_singles,Chase Meidroth,0.5,-122,-113,54.95,53.05,50.88,49.12,0.5,0.5,55.34,53.66,50.77,49.23,-4.18,50.77,Over,0.5,0,50,No,-0.11,-0.11,Standard,https://www.freeiconspng.com/img/1934,2026-10-09T00:00:00Z,No,1.4,7.5,Pirates @ White Sox,2026-09-08T23:40:00Z,Tue 07:40pm,Rate Field,outdoor,,-103,-103,9/8/2026,0.5077,https://img.favpng.com/19/20/10/logo-clip-art-brand-draftkings-font-png-favpng-R2eJSXBaGUrVGy3sJKrTGB1H3.jpg
2026-10-09T00:00:00Z,draftkings,2026-10-08T09:13:05Z,Chicago White Sox,Cleveland Guardians,batter_singles,Jose Ramirez,0.5,-119,-116,54.34,53.7,50.29,49.71,0.5,0.5,55,54.52,50.23,49.77,-4.11,50.23,Over,0.5,0,50,No,-0.06,-0.06,Standard,https://www.freeiconspng.com/img/1934,2026-10-09T00:00:00Z,No,1.4,7.5,,,,,,,-101,-101,,0.5023,https://img.favpng.com/19/20/10/logo-clip-art-brand-draftkings-font-png-favpng-R2eJSXBaGUrVGy3sJKrTGB1H3.jpg
2026-10-09T00:00:00Z,draftkings,2026-10-08T09:13:05Z,Chicago White Sox,Cleveland Guardians,batter_singles,Chase DeLauter,0.5,-115,-120,53.49,54.55,49.51,50.49,0.5,0.5,54.86,53.67,50.58,49.42,-5.13,50.58,Over,0.5,0,50,No,1.07,1.07,Standard,https://www.freeiconspng.com/img/1934,2026-10-09T00:00:00Z,No,1.4,7.5,,,,,,,-102,-102,,0.5058,https://img.favpng.com/19/20/10/logo-clip-art-brand-draftkings-font-png-favpng-R2eJSXBaGUrVGy3sJKrTGB1H3.jpg
2026-10-09T00:00:00Z,draftkings,2026-10-08T09:13:05Z,Chicago White Sox,Cleveland Guardians,batter_singles,Jo Adell,0.5,114,-157,46.73,61.09,43.34,56.66,0.5,0.5,47.34,61.61,43.45,56.55,-4.54,56.55,Under,0.5,0,50,No,-0.11,-0.11,Standard,https://www.freeiconspng.com/img/1934,2026-10-09T00:00:00Z,No,1.4,7.5,Guardians @ Orioles,2026-09-08T22:35:00Z,Tue 06:35pm,Oriole Park at Camden Yards,outdoor,,-130,-130,9/8/2026,0.4345,https://img.favpng.com/19/20/10/logo-clip-art-brand-draftkings-font-png-favpng-R2eJSXBaGUrVGy3sJKrTGB1H3.jpg
2026-10-09T00:00:00Z,draftkings,2026-10-08T09:13:05Z,Chicago White Sox,Cleveland Guardians,batter_singles,Brayan Rocchio,0.5,115,-159,46.51,61.39,43.11,56.89,0.5,0.5,48.26,60.5,44.37,55.63,-5.76,55.63,Under,0.5,0,50,No,-1.26,-1.26,Standard,https://www.freeiconspng.com/img/1934,2026-10-09T00:00:00Z,No,1.4,7.5,Guardians @ Orioles,2026-09-08T22:35:00Z,Tue 06:35pm,Oriole Park at Camden Yards,outdoor,,-125,-125,9/8/2026,0.4437,https://img.favpng.com/19/20/10/logo-clip-art-brand-draftkings-font-png-favpng-R2eJSXBaGUrVGy3sJKrTGB1H3.jpg
2026-10-09T00:00:00Z,draftkings,2026-10-08T09:13:05Z,Chicago White Sox,Cleveland Guardians,batter_singles,Nathaniel Lowe,0.5,116,-161,46.3,61.69,42.87,57.13,0.5,0.5,47.6,60.8,43.9,56.1,-5.59,56.1,Under,0.5,0,50,No,-1.03,-1.03,Standard,https://www.freeiconspng.com/img/1934,2026-10-09T00:00:00Z,No,1.4,7.5,Guardians @ Orioles,2026-09-08T22:35:00Z,Tue 06:35pm,Oriole Park at Camden Yards,outdoor,,-128,-128,9/8/2026,0.439,https://img.favpng.com/19/20/10/logo-clip-art-brand-draftkings-font-png-favpng-R2eJSXBaGUrVGy3sJKrTGB1H3.jpg
2026-10-09T00:00:00Z,draftkings,2026-10-08T09:13:05Z,Chicago White Sox,Cleveland Guardians,batter_singles,Angel Martinez,0.5,121,-168,45.25,62.69,41.92,58.08,0.5,0.5,46.8,59.67,43.98,56.02,-6.67,56.02,Under,0.5,0,50,No,-2.06,-2.06,Standard,https://www.freeiconspng.com/img/1934,2026-10-09T00:00:00Z,No,1.4,7.5,,,,,,,-127,-127,,0.4398,https://img.favpng.com/19/20/10/logo-clip-art-brand-draftkings-font-png-favpng-R2eJSXBaGUrVGy3sJKrTGB1H3.jpg
2026-10-09T00:00:00Z,draftkings,2026-10-08T09:13:05Z,Chicago White Sox,Cleveland Guardians,batter_singles,Travis Bazzana,0.5,122,-170,45.05,62.96,41.71,58.29,0.5,0.5,46.04,62.71,42.33,57.67,-5.29,57.67,Under,0.5,0,50,No,-0.62,-0.62,Standard,https://www.freeiconspng.com/img/1934,2026-10-09T00:00:00Z,No,1.4,7.5,Guardians @ Orioles,2026-09-08T22:35:00Z,Tue 06:35pm,Oriole Park at Camden Yards,outdoor,,-136,-136,9/8/2026,0.4233,https://img.favpng.com/19/20/10/logo-clip-art-brand-draftkings-font-png-favpng-R2eJSXBaGUrVGy3sJKrTGB1H3.jpg
2026-10-09T00:00:00Z,draftkings,2026-10-08T09:13:05Z,Chicago White Sox,Cleveland Guardians,batter_singles,Braden Montgomery,0.5,128,-178,43.86,64.03,40.65,59.35,0.5,0.5,44.62,64.39,40.92,59.08,-4.95,59.08,Under,0.5,0,50,No,-0.27,-0.27,Standard,https://www.freeiconspng.com/img/1934,2026-10-09T00:00:00Z,No,1.4,7.5,Pirates @ White Sox,2026-09-08T23:40:00Z,Tue 07:40pm,Rate Field,outdoor,,-144,-144,9/8/2026,0.4092,https://img.favpng.com/19/20/10/logo-clip-art-brand-draftkings-font-png-favpng-R2eJSXBaGUrVGy3sJKrTGB1H3.jpg
2026-10-09T00:00:00Z,draftkings,2026-10-08T09:13:05Z,Chicago White Sox,Cleveland Guardians,batter_singles,Miguel Vargas,0.5,131,-182,43.29,64.54,40.15,59.85,0.5,0.5,44.43,64.34,40.84,59.16,-5.38,59.16,Under,0.5,0,50,No,-0.69,-0.69,Standard,https://www.freeiconspng.com/img/1934,2026-10-09T00:00:00Z,No,1.4,7.5,Pirates @ White Sox,2026-09-08T23:40:00Z,Tue 07:40pm,Rate Field,outdoor,,-145,-145,9/8/2026,0.4084,https://img.favpng.com/19/20/10/logo-clip-art-brand-draftkings-font-png-favpng-R2eJSXBaGUrVGy3sJKrTGB1H3.jpg
2026-10-09T00:00:00Z,draftkings,2026-10-08T09:13:05Z,Chicago White Sox,Cleveland Guardians,batter_singles,Patrick Bailey,0.5,137,-191,42.19,65.64,39.13,60.87,0.5,0.5,43.4,65.34,39.9,60.1,-5.54,60.1,Under,0.5,0,50,No,-0.77,-0.77,Standard,https://www.freeiconspng.com/img/1934,2026-10-09T00:00:00Z,No,1.4,7.5,Guardians @ Orioles,2026-09-08T22:35:00Z,Tue 06:35pm,Oriole Park at Camden Yards,outdoor,,-151,-151,9/8/2026,0.399,https://img.favpng.com/19/20/10/logo-clip-art-brand-draftkings-font-png-favpng-R2eJSXBaGUrVGy3sJKrTGB1H3.jpg
2026-10-09T00:00:00Z,draftkings,2026-10-08T09:13:05Z,Chicago White Sox,Cleveland Guardians,batter_singles,Randal Grichuk,0.5,149,-209,40.16,67.64,37.26,62.74,0.5,0.5,41.49,67.33,38.11,61.89,-5.75,61.89,Under,0.5,0,50,No,-0.85,-0.85,Standard,https://www.freeiconspng.com/img/1934,2026-10-09T00:00:00Z,No,1.4,7.5,,,,,,,-162,-162,,0.3811,https://img.favpng.com/19/20/10/logo-clip-art-brand-draftkings-font-png-favpng-R2eJSXBaGUrVGy3sJKrTGB1H3.jpg
2026-10-09T00:00:00Z,draftkings,2026-10-08T09:13:05Z,Chicago White Sox,Cleveland Guardians,batter_singles,Kyle Teel,0.5,160,-225,38.46,69.23,35.71,64.29,0.5,0.5,40.34,68.73,36.97,63.03,-6.2,63.03,Under,0.5,0,50,No,-1.26,-1.26,Standard,https://www.freeiconspng.com/img/1934,2026-10-09T00:00:00Z,No,1.4,7.5,Pirates @ White Sox,2026-09-08T23:40:00Z,Tue 07:40pm,Rate Field,outdoor,,-170,-170,9/8/2026,0.3697,https://img.favpng.com/19/20/10/logo-clip-art-brand-draftkings-font-png-favpng-R2eJSXBaGUrVGy3sJKrTGB1H3.jpg
2026-10-09T00:00:00Z,draftkings,2026-10-08T09:13:05Z,Chicago White Sox,Cleveland Guardians,batter_singles,Brenton Doyle,0.5,184,-260,35.21,72.22,32.77,67.23,0.5,0.5,37.39,71.25,34.4,65.6,-6.62,65.6,Under,0.5,0,50,No,-1.63,-1.63,Standard,https://www.freeiconspng.com/img/1934,2026-10-09T00:00:00Z,No,1.4,7.5,,,,,,,-191,-191,,0.344,https://img.favpng.com/19/20/10/logo-clip-art-brand-draftkings-font-png-favpng-R2eJSXBaGUrVGy3sJKrTGB1H3.jpg
2026-10-09T00:00:00Z,draftkings,2026-10-08T09:13:05Z,Chicago White Sox,Cleveland Guardians,batter_singles,Munetaka Murakami,0.5,189,-269,34.6,72.9,32.19,67.81,0.5,0.5,36.26,72.82,33.23,66.77,-6.13,66.77,Under,0.5,0,50,No,-1.04,-1.04,Standard,https://www.freeiconspng.com/img/1934,2026-10-09T00:00:00Z,No,1.4,7.5,Pirates @ White Sox,2026-09-08T23:40:00Z,Tue 07:40pm,Rate Field,outdoor,,-201,-201,9/8/2026,0.3323,https://img.favpng.com/19/20/10/logo-clip-art-brand-draftkings-font-png-favpng-R2eJSXBaGUrVGy3sJKrTGB1H3.jpg
2026-10-09T00:00:00Z,draftkings,2026-10-08T09:13:05Z,Chicago White Sox,Cleveland Guardians,batter_singles,Tommy Pham,0.5,195,-278,33.9,73.54,31.55,68.45,0.5,0.5,36.72,72.25,33.68,66.32,-7.22,66.32,Under,0.5,0,50,No,-2.13,-2.13,Standard,https://www.freeiconspng.com/img/1934,,No,1.4,7.5,,,,,,,-197,-197,,0.3368,https://img.favpng.com/19/20/10/logo-clip-art-brand-draftkings-font-png-favpng-R2eJSXBaGUrVGy3sJKrTGB1H3.jpg
2026-10-09T00:00:00Z,draftkings,2026-10-08T09:13:05Z,Chicago White Sox,Cleveland Guardians,batter_singles,Colson Montgomery,0.5,197,-281,33.67,73.75,31.34,68.66,0.5,0.5,34.69,74.68,31.71,68.29,-5.46,68.29,Under,0.5,0,50,No,-0.37,-0.37,Standard,https://www.freeiconspng.com/img/1934,,No,1.4,7.5,Pirates @ White Sox,2026-09-08T23:40:00Z,Tue 07:40pm,Rate Field,outdoor,,-215,-215,9/8/2026,0.3171,https://img.favpng.com/19/20/10/logo-clip-art-brand-draftkings-font-png-favpng-R2eJSXBaGUrVGy3sJKrTGB1H3.jpg
2026-10-09T00:00:00Z,draftkings,2026-10-08T09:13:05Z,Chicago White Sox,Cleveland Guardians,batter_stolen_bases,Jose Ramirez,0.5,334,-503,23.04,83.42,21.64,78.36,0.24,0.5,23.26,83.65,21.77,78.23,-5.19,78.23,Under,0.25,-0.25,74.53,Yes,-0.13,-0.13,Standard,https://www.freeiconspng.com/img/1934,2026-10-09T00:00:00Z,No,1.4,7.5,,,,,,,-359,-359,,0.2177,https://img.favpng.com/19/20/10/logo-clip-art-brand-draftkings-font-png-favpng-R2eJSXBaGUrVGy3sJKrTGB1H3.jpg
2026-10-09T00:00:00Z,draftkings,2026-10-08T09:13:05Z,Chicago White Sox,Cleveland Guardians,batter_stolen_bases,Steven Kwan,0.5,620,-1060,13.89,91.38,13.19,86.81,0.14,0.5,11.77,93.82,11.07,88.93,-2.45,88.93,Under,0.12,-0.38,84.05,Yes,2.12,2.12,Standard,https://www.freeiconspng.com/img/1934,2026-10-09T00:00:00Z,No,1.4,7.5,Guardians @ Orioles,2026-09-08T22:35:00Z,Tue 06:35pm,Oriole Park at Camden Yards,outdoor,,-803,-803,9/8/2026,0.1107,https://img.favpng.com/19/20/10/logo-clip-art-brand-draftkings-font-png-favpng-R2eJSXBaGUrVGy3sJKrTGB1H3.jpg
2026-10-09T00:00:00Z,draftkings,2026-10-08T09:13:05Z,Chicago White Sox,Cleveland Guardians,batter_stolen_bases,Travis Bazzana,0.5,680,-1180,12.82,92.19,12.21,87.79,0.13,0.5,12.14,92.27,11.56,88.44,-3.75,88.44,Under,0.12,-0.38,84.05,Yes,0.65,0.65,Standard,https://www.freeiconspng.com/img/1934,2026-10-09T00:00:00Z,No,1.4,7.5,Guardians @ Orioles,2026-09-08T22:35:00Z,Tue 06:35pm,Oriole Park at Camden Yards,outdoor,,-765,-765,9/8/2026,0.1156,https://img.favpng.com/19/20/10/logo-clip-art-brand-draftkings-font-png-favpng-R2eJSXBaGUrVGy3sJKrTGB1H3.jpg
2026-10-09T00:00:00Z,draftkings,2026-10-08T09:13:05Z,Chicago White Sox,Cleveland Guardians,batter_stolen_bases,Brayan Rocchio,0.5,740,-1320,11.9,92.96,11.35,88.65,0.12,0.5,11.24,94.32,10.63,89.37,-3.59,89.37,Under,0.11,-0.39,84.83,Yes,0.72,0.72,Standard,https://www.freeiconspng.com/img/1934,2026-10-09T00:00:00Z,No,1.4,7.5,Guardians @ Orioles,2026-09-08T22:35:00Z,Tue 06:35pm,Oriole Park at Camden Yards,outdoor,,-841,-841,9/8/2026,0.1063,https://img.favpng.com/19/20/10/logo-clip-art-brand-draftkings-font-png-favpng-R2eJSXBaGUrVGy3sJKrTGB1H3.jpg
2026-10-09T00:00:00Z,draftkings,2026-10-08T09:13:05Z,Chicago White Sox,Cleveland Guardians,batter_stolen_bases,Brenton Doyle,0.5,790,-1420,11.24,93.42,10.74,89.26,0.11,0.5,11.41,94.42,10.73,89.27,-4.15,89.27,Under,0.11,-0.39,84.83,Yes,0.01,0.01,Standard,https://www.freeiconspng.com/img/1934,2026-10-09T00:00:00Z,No,1.4,7.5,,,,,,,-832,-832,,0.1073,https://img.favpng.com/19/20/10/logo-clip-art-brand-draftkings-font-png-favpng-R2eJSXBaGUrVGy3sJKrTGB1H3.jpg
2026-10-09T00:00:00Z,draftkings,2026-10-08T09:13:05Z,Chicago White Sox,Cleveland Guardians,batter_stolen_bases,Angel Martinez,0.5,840,-1560,10.64,93.98,10.17,89.83,0.11,0.5,9.79,95.42,9.28,90.72,-3.26,90.72,Under,0.1,-0.4,85.63,Yes,0.89,0.89,Standard,https://www.freeiconspng.com/img/1934,2026-10-09T00:00:00Z,No,1.4,7.5,,,,,,,-978,-978,,0.0928,https://img.favpng.com/19/20/10/logo-clip-art-brand-draftkings-font-png-favpng-R2eJSXBaGUrVGy3sJKrTGB1H3.jpg
2026-10-09T00:00:00Z,draftkings,2026-10-08T09:13:05Z,Chicago White Sox,Cleveland Guardians,batter_stolen_bases,Chase DeLauter,0.5,940,-1780,9.62,94.68,9.22,90.78,0.1,0.5,9.43,95.58,8.94,91.06,-3.62,91.06,Under,0.09,-0.41,86.43,Yes,0.28,0.28,Standard,https://www.freeiconspng.com/img/1934,2026-10-09T00:00:00Z,No,1.4,7.5,,,,,,,-1019,-1019,,0.0894,https://img.favpng.com/19/20/10/logo-clip-art-brand-draftkings-font-png-favpng-R2eJSXBaGUrVGy3sJKrTGB1H3.jpg
2026-10-09T00:00:00Z,draftkings,2026-10-08T09:13:05Z,Chicago White Sox,Cleveland Guardians,batter_stolen_bases,Jo Adell,0.5,950,-1820,9.52,94.79,9.13,90.87,0.1,0.5,9.52,97.67,8.88,91.12,-3.67,91.12,Under,0.09,-0.41,86.43,Yes,0.25,0.25,Standard,https://www.freeiconspng.com/img/1934,2026-10-09T00:00:00Z,No,1.4,7.5,Guardians @ Orioles,2026-09-08T22:35:00Z,Tue 06:35pm,Oriole Park at Camden Yards,outdoor,,-1026,-1026,9/8/2026,0.0888,https://img.favpng.com/19/20/10/logo-clip-art-brand-draftkings-font-png-favpng-R2eJSXBaGUrVGy3sJKrTGB1H3.jpg
2026-10-09T00:00:00Z,draftkings,2026-10-08T09:13:05Z,Chicago White Sox,Cleveland Guardians,batter_stolen_bases,Miguel Vargas,0.5,950,-1820,9.52,94.79,9.13,90.87,0.1,0.5,10.17,95.31,9.61,90.39,-4.4,90.39,Under,0.1,-0.4,85.63,Yes,-0.48,-0.48,Standard,https://www.freeiconspng.com/img/1934,2026-10-09T00:00:00Z,No,1.4,7.5,Pirates @ White Sox,2026-09-08T23:40:00Z,Tue 07:40pm,Rate Field,outdoor,,-941,-941,9/8/2026,0.0961,https://img.favpng.com/19/20/10/logo-clip-art-brand-draftkings-font-png-favpng-R2eJSXBaGUrVGy3sJKrTGB1H3.jpg
2026-10-09T00:00:00Z,draftkings,2026-10-08T09:13:05Z,Chicago White Sox,Cleveland Guardians,batter_total_bases,Jose Ramirez,1.5,127,-170,44.05,62.96,41.16,58.84,1.41,1.5,44.07,62.74,41.25,58.75,-4.21,58.75,Under,1.41,-0.09,57.78,Yes,-0.09,-0.09,Standard,https://www.freeiconspng.com/img/1934,2026-10-09T00:00:00Z,No,1.4,7.5,,,,,,,-142,-142,,1.2375,https://img.favpng.com/19/20/10/logo-clip-art-brand-draftkings-font-png-favpng-R2eJSXBaGUrVGy3sJKrTGB1H3.jpg
2026-10-09T00:00:00Z,draftkings,2026-10-08T09:13:05Z,Chicago White Sox,Cleveland Guardians,batter_total_bases,Jo Adell,1.5,137,-184,42.19,64.79,39.44,60.56,1.36,1.5,41.8,65.76,38.86,61.14,-3.65,61.14,Under,1.34,-0.16,59.92,Yes,0.58,0.58,Standard,https://www.freeiconspng.com/img/1934,2026-10-09T00:00:00Z,No,1.4,7.5,Guardians @ Orioles,2026-09-08T22:35:00Z,Tue 06:35pm,Oriole Park at Camden Yards,outdoor,,-157,-157,9/8/2026,1.1658,https://img.favpng.com/19/20/10/logo-clip-art-brand-draftkings-font-png-favpng-R2eJSXBaGUrVGy3sJKrTGB1H3.jpg
2026-10-09T00:00:00Z,draftkings,2026-10-08T09:13:05Z,Chicago White Sox,Cleveland Guardians,batter_total_bases,Chase DeLauter,1.5,148,-198,40.32,66.44,37.77,62.23,1.31,1.5,41,65.27,38.58,61.42,-5.02,61.42,Under,1.34,-0.16,59.92,Yes,-0.81,-0.81,Standard,https://www.freeiconspng.com/img/1934,2026-10-09T00:00:00Z,No,1.4,7.5,,,,,,,-159,-159,,1.1574,https://img.favpng.com/19/20/10/logo-clip-art-brand-draftkings-font-png-favpng-R2eJSXBaGUrVGy3sJKrTGB1H3.jpg
2026-10-09T00:00:00Z,draftkings,2026-10-08T09:13:05Z,Chicago White Sox,Cleveland Guardians,batter_total_bases,Steven Kwan,1.5,149,-199,40.16,66.56,37.63,62.37,1.31,1.5,40.32,67.47,37.41,62.59,-3.97,62.59,Under,1.3,-0.2,61.16,Yes,0.22,0.22,Standard,https://www.freeiconspng.com/img/1934,2026-10-09T00:00:00Z,No,1.4,7.5,Guardians @ Orioles,2026-09-08T22:35:00Z,Tue 06:35pm,Oriole Park at Camden Yards,outdoor,,-167,-167,9/8/2026,1.1223,https://img.favpng.com/19/20/10/logo-clip-art-brand-draftkings-font-png-favpng-R2eJSXBaGUrVGy3sJKrTGB1H3.jpg
2026-10-09T00:00:00Z,draftkings,2026-10-08T09:13:05Z,Chicago White Sox,Cleveland Guardians,batter_walks,Munetaka Murakami,0.5,100,-139,50,58.16,46.23,53.77,0.62,0.5,52.26,58.96,46.92,53.08,-5.08,53.08,Under,0.63,0.13,52.87,No,-0.69,-0.69,Standard,https://www.freeiconspng.com/img/1934,2026-10-09T00:00:00Z,No,1.4,7.5,Pirates @ White Sox,2026-09-08T23:40:00Z,Tue 07:40pm,Rate Field,outdoor,,-113,-113,9/8/2026,0.4692,https://img.favpng.com/19/20/10/logo-clip-art-brand-draftkings-font-png-favpng-R2eJSXBaGUrVGy3sJKrTGB1H3.jpg
2026-10-09T00:00:00Z,draftkings,2026-10-08T09:13:05Z,Chicago White Sox,Cleveland Guardians,batter_walks,Steven Kwan,0.5,105,-145,48.78,59.18,45.18,54.82,0.6,0.5,48.5,60.35,44.56,55.44,-3.74,55.44,Under,0.59,0.09,54.78,No,0.62,0.62,Standard,https://www.freeiconspng.com/img/1934,2026-10-09T00:00:00Z,No,1.4,7.5,Guardians @ Orioles,2026-09-08T22:35:00Z,Tue 06:35pm,Oriole Park at Camden Yards,outdoor,,-124,-124,9/8/2026,0.4456,https://img.favpng.com/19/20/10/logo-clip-art-brand-draftkings-font-png-favpng-R2eJSXBaGUrVGy3sJKrTGB1H3.jpg
2026-10-09T00:00:00Z,draftkings,2026-10-08T09:13:05Z,Chicago White Sox,Cleveland Guardians,batter_walks,Chase DeLauter,0.5,108,-150,48.08,60,44.48,55.52,0.59,0.5,49.23,59.76,45.16,54.84,-5.16,54.84,Under,0.6,0.1,54.3,No,-0.68,-0.68,Standard,https://www.freeiconspng.com/img/1934,2026-10-09T00:00:00Z,No,1.4,7.5,,,,,,,-121,-121,,0.4516,https://img.favpng.com/19/20/10/logo-clip-art-brand-draftkings-font-png-favpng-R2eJSXBaGUrVGy3sJKrTGB1H3.jpg
2026-10-09T00:00:00Z,draftkings,2026-10-08T09:13:05Z,Chicago White Sox,Cleveland Guardians,batter_walks,Jose Ramirez,0.5,126,-175,44.25,63.64,41.01,58.99,0.53,0.5,43.7,65.17,40.14,59.86,-3.78,59.86,Under,0.51,0.01,58.84,No,0.87,0.87,Standard,https://www.freeiconspng.com/img/1934,2026-10-09T00:00:00Z,No,1.4,7.5,,,,,,,-149,-149,,0.4014,https://img.favpng.com/19/20/10/logo-clip-art-brand-draftkings-font-png-favpng-R2eJSXBaGUrVGy3sJKrTGB1H3.jpg
2026-10-09T00:00:00Z,draftkings,2026-10-08T09:13:05Z,Chicago White Sox,Cleveland Guardians,batter_walks,Miguel Vargas,0.5,128,-178,43.86,64.03,40.65,59.35,0.52,0.5,46.73,61.88,43.02,56.98,-7.05,56.98,Under,0.56,0.06,56.27,No,-2.37,-2.37,Standard,https://www.freeiconspng.com/img/1934,2026-10-09T00:00:00Z,No,1.4,7.5,Pirates @ White Sox,2026-09-08T23:40:00Z,Tue 07:40pm,Rate Field,outdoor,,-132,-132,9/8/2026,0.4302,https://img.favpng.com/19/20/10/logo-clip-art-brand-draftkings-font-png-favpng-R2eJSXBaGUrVGy3sJKrTGB1H3.jpg
2026-10-09T00:00:00Z,draftkings,2026-10-08T09:13:05Z,Chicago White Sox,Cleveland Guardians,batter_walks,Jo Adell,0.5,139,-193,41.84,65.87,38.85,61.15,0.49,0.5,42.19,66.72,38.73,61.27,-4.6,61.27,Under,0.49,-0.01,59.91,Yes,0.12,0.12,Standard,https://www.freeiconspng.com/img/1934,2026-10-09T00:00:00Z,No,1.4,7.5,Guardians @ Orioles,2026-09-08T22:35:00Z,Tue 06:35pm,Oriole Park at Camden Yards,outdoor,,-158,-158,9/8/2026,0.3873,https://img.favpng.com/19/20/10/logo-clip-art-brand-draftkings-font-png-favpng-R2eJSXBaGUrVGy3sJKrTGB1H3.jpg
2026-10-09T00:00:00Z,draftkings,2026-10-08T09:13:05Z,Chicago White Sox,Cleveland Guardians,batter_walks,Kyle Teel,0.5,155,-218,39.22,68.55,36.39,63.61,0.45,0.5,38.95,69.76,35.82,64.18,-4.37,64.18,Under,0.44,-0.06,62.68,Yes,0.57,0.57,Standard,https://www.freeiconspng.com/img/1934,2026-10-09T00:00:00Z,No,1.4,7.5,Pirates @ White Sox,2026-09-08T23:40:00Z,Tue 07:40pm,Rate Field,outdoor,,-179,-179,9/8/2026,0.3582,https://img.favpng.com/19/20/10/logo-clip-art-brand-draftkings-font-png-favpng-R2eJSXBaGUrVGy3sJKrTGB1H3.jpg
2026-10-09T00:00:00Z,draftkings,2026-10-08T09:13:05Z,Chicago White Sox,Cleveland Guardians,batter_walks,Travis Bazzana,0.5,157,-221,38.91,68.85,36.11,63.89,0.45,0.5,39.55,69.22,36.36,63.64,-5.21,63.64,Under,0.45,-0.05,62.11,Yes,-0.25,-0.25,Standard,https://www.freeiconspng.com/img/1934,2026-10-09T00:00:00Z,No,1.4,7.5,Guardians @ Orioles,2026-09-08T22:35:00Z,Tue 06:35pm,Oriole Park at Camden Yards,outdoor,,-175,-175,9/8/2026,0.3636,https://img.favpng.com/19/20/10/logo-clip-art-brand-draftkings-font-png-favpng-R2eJSXBaGUrVGy3sJKrTGB1H3.jpg
2026-10-09T00:00:00Z,draftkings,2026-10-08T09:13:05Z,Chicago White Sox,Cleveland Guardians,batter_walks,Nathaniel Lowe,0.5,161,-226,38.31,69.33,35.59,64.41,0.44,0.5,39.59,68.98,36.46,63.54,-5.79,63.54,Under,0.45,-0.05,62.11,Yes,-0.87,-0.87,Standard,https://www.freeiconspng.com/img/1934,2026-10-09T00:00:00Z,No,1.4,7.5,Guardians @ Orioles,2026-09-08T22:35:00Z,Tue 06:35pm,Oriole Park at Camden Yards,outdoor,,-174,-174,9/8/2026,0.3646,https://img.favpng.com/19/20/10/logo-clip-art-brand-draftkings-font-png-favpng-R2eJSXBaGUrVGy3sJKrTGB1H3.jpg
2026-10-09T00:00:00Z,draftkings,2026-10-08T09:13:05Z,Chicago White Sox,Cleveland Guardians,batter_walks,Chase Meidroth,0.5,170,-240,37.04,70.59,34.41,65.59,0.42,0.5,38.34,70.46,35.23,64.77,-5.82,64.77,Under,0.43,-0.07,63.24,Yes,-0.82,-0.82,Standard,https://www.freeiconspng.com/img/1934,2026-10-09T00:00:00Z,No,1.4,7.5,Pirates @ White Sox,2026-09-08T23:40:00Z,Tue 07:40pm,Rate Field,outdoor,,-184,-184,9/8/2026,0.3523,https://img.favpng.com/19/20/10/logo-clip-art-brand-draftkings-font-png-favpng-R2eJSXBaGUrVGy3sJKrTGB1H3.jpg
2026-10-09T00:00:00Z,draftkings,2026-10-08T09:13:05Z,Chicago White Sox,Cleveland Guardians,batter_walks,Colson Montgomery,0.5,204,-292,32.89,74.49,30.63,69.37,0.37,0.5,35.43,73.67,32.46,67.54,-6.95,67.54,Under,0.39,-0.11,65.58,Yes,-1.83,-1.83,Standard,https://www.freeiconspng.com/img/1934,,No,1.4,7.5,Pirates @ White Sox,2026-09-08T23:40:00Z,Tue 07:40pm,Rate Field,outdoor,,-208,-208,9/8/2026,0.3246,https://img.favpng.com/19/20/10/logo-clip-art-brand-draftkings-font-png-favpng-R2eJSXBaGUrVGy3sJKrTGB1H3.jpg
2026-10-09T00:00:00Z,draftkings,2026-10-08T09:13:05Z,Chicago White Sox,Cleveland Guardians,batter_walks,Brayan Rocchio,0.5,210,-301,32.26,75.06,30.06,69.94,0.36,0.5,33.23,75.54,30.55,69.45,-5.61,69.45,Under,0.36,-0.14,67.4,Yes,-0.49,-0.49,Standard,https://www.freeiconspng.com/img/1934,2026-10-09T00:00:00Z,No,1.4,7.5,Guardians @ Orioles,2026-09-08T22:35:00Z,Tue 06:35pm,Oriole Park at Camden Yards,outdoor,,-227,-227,9/8/2026,0.3055,https://img.favpng.com/19/20/10/logo-clip-art-brand-draftkings-font-png-favpng-R2eJSXBaGUrVGy3sJKrTGB1H3.jpg
2026-10-09T00:00:00Z,draftkings,2026-10-08T09:13:05Z,Chicago White Sox,Cleveland Guardians,batter_walks,Angel Martinez,0.5,222,-320,31.06,76.19,28.96,71.04,0.34,0.5,29.65,78.61,27.38,72.62,-3.57,72.62,Under,0.32,-0.18,69.9,Yes,1.58,1.58,Standard,https://www.freeiconspng.com/img/1934,2026-10-09T00:00:00Z,No,1.4,7.5,,,,,,,-265,-265,,0.2738,https://img.favpng.com/19/20/10/logo-clip-art-brand-draftkings-font-png-favpng-R2eJSXBaGUrVGy3sJKrTGB1H3.jpg
2026-10-09T00:00:00Z,draftkings,2026-10-08T09:13:05Z,Chicago White Sox,Cleveland Guardians,batter_walks,Patrick Bailey,0.5,224,-322,30.86,76.3,28.8,71.2,0.34,0.5,33.49,74.97,30.87,69.13,-7.17,69.13,Under,0.37,-0.13,66.78,Yes,-2.07,-2.07,Standard,https://www.freeiconspng.com/img/1934,2026-10-09T00:00:00Z,No,1.4,7.5,Guardians @ Orioles,2026-09-08T22:35:00Z,Tue 06:35pm,Oriole Park at Camden Yards,outdoor,,-224,-224,9/8/2026,0.3087,https://img.favpng.com/19/20/10/logo-clip-art-brand-draftkings-font-png-favpng-R2eJSXBaGUrVGy3sJKrTGB1H3.jpg
2026-10-09T00:00:00Z,draftkings,2026-10-08T09:13:05Z,Chicago White Sox,Cleveland Guardians,batter_walks,Tommy Pham,0.5,228,-329,30.49,76.69,28.45,71.55,0.33,0.5,34.34,73.98,31.7,68.3,-8.39,68.3,Under,0.38,-0.12,66.18,Yes,-3.25,-3.25,Standard,https://www.freeiconspng.com/img/1934,,No,1.4,7.5,,,,,,,-215,-215,,0.317,https://img.favpng.com/19/20/10/logo-clip-art-brand-draftkings-font-png-favpng-R2eJSXBaGUrVGy3sJKrTGB1H3.jpg
2026-10-09T00:00:00Z,draftkings,2026-10-08T09:13:05Z,Chicago White Sox,Cleveland Guardians,batter_walks,Braden Montgomery,0.5,266,-390,27.32,79.59,25.56,74.44,0.3,0.5,29.92,78.36,27.62,72.38,-7.21,72.38,Under,0.32,-0.18,69.9,Yes,-2.06,-2.06,Standard,https://www.freeiconspng.com/img/1934,2026-10-09T00:00:00Z,No,1.4,7.5,Pirates @ White Sox,2026-09-08T23:40:00Z,Tue 07:40pm,Rate Field,outdoor,,-262,-262,9/8/2026,0.2762,https://img.favpng.com/19/20/10/logo-clip-art-brand-draftkings-font-png-favpng-R2eJSXBaGUrVGy3sJKrTGB1H3.jpg
2026-10-09T00:00:00Z,draftkings,2026-10-08T09:13:05Z,Chicago White Sox,Cleveland Guardians,pitcher_earned_runs,Parker Messick,1.5,-108,-122,51.92,54.95,48.58,51.42,1.46,1.5,53.5,53.25,50.13,49.87,-5.08,50.13,Over,1.5,0,50,No,1.55,1.55,Standard,https://www.freeiconspng.com/img/1934,2026-10-09T00:00:00Z,No,1.4,7.5,,,,,,,-101,-101,,1.5039,https://img.favpng.com/19/20/10/logo-clip-art-brand-draftkings-font-png-favpng-R2eJSXBaGUrVGy3sJKrTGB1H3.jpg
2026-10-09T00:00:00Z,draftkings,2026-10-08T09:13:05Z,Chicago White Sox,Cleveland Guardians,pitcher_hits_allowed,Parker Messick,3.5,-132,-101,56.9,50.25,53.1,46.9,3.82,3.5,59.81,48.63,55.15,44.85,-1.75,55.15,Over,3.92,0.42,54.47,Yes,2.05,2.05,Standard,https://www.freeiconspng.com/img/1934,2026-10-09T00:00:00Z,No,1.4,7.5,,,,,,,-123,-123,,3.8605,https://img.favpng.com/19/20/10/logo-clip-art-brand-draftkings-font-png-favpng-R2eJSXBaGUrVGy3sJKrTGB1H3.jpg
2026-10-09T00:00:00Z,draftkings,2026-10-08T09:13:05Z,Chicago White Sox,Cleveland Guardians,pitcher_outs,Parker Messick,14.5,-179,134,64.16,42.74,60.02,39.98,15.24,14.5,61.81,43.68,58.57,41.43,-5.59,58.57,Over,15.13,0.63,57.57,Yes,-1.45,-1.45,Standard,https://www.freeiconspng.com/img/1934,2026-10-09T00:00:00Z,No,1.4,7.5,,,,,,,-141,-141,,16.9853,https://img.favpng.com/19/20/10/logo-clip-art-brand-draftkings-font-png-favpng-R2eJSXBaGUrVGy3sJKrTGB1H3.jpg
2026-10-09T00:00:00Z,draftkings,2026-10-08T09:13:05Z,Chicago White Sox,Cleveland Guardians,pitcher_outs,Hagen Smith,5.5,-131,-101,56.71,50.25,53.02,46.98,5.72,5.5,57.56,51.09,52.98,47.02,-3.73,52.98,Over,5.72,0.22,52.66,Yes,-0.04,-0.04,Standard,https://www.freeiconspng.com/img/1934,2026-10-09T00:00:00Z,No,1.4,7.5,,,,,,,-113,-113,,5.8278,https://img.favpng.com/19/20/10/logo-clip-art-brand-draftkings-font-png-favpng-R2eJSXBaGUrVGy3sJKrTGB1H3.jpg
2026-10-09T00:00:00Z,draftkings,2026-10-08T09:13:05Z,Chicago White Sox,Cleveland Guardians,pitcher_record_a_win,Parker Messick,0.5,222,-319,31.06,76.13,28.97,71.03,0.2897,0.5,30.74,76.85,28.57,71.43,-4.7,71.43,Under,0.2857,-0.21,68.86,Yes,0.40,0.4,Standard,https://www.freeiconspng.com/img/1934,2026-10-09T00:00:00Z,No,1.4,7.5,,,,,,,-250,-250,,0.2857,https://img.favpng.com/19/20/10/logo-clip-art-brand-draftkings-font-png-favpng-R2eJSXBaGUrVGy3sJKrTGB1H3.jpg
2026-10-09T00:00:00Z,draftkings,2026-10-08T09:13:05Z,Chicago White Sox,Cleveland Guardians,pitcher_strikeouts,Parker Messick,6.5,101,-129,49.75,56.33,46.9,53.1,6.47,6.5,45.11,61.47,42.31,57.69,1.36,57.69,Under,6.18,-0.32,56.81,Yes,4.59,4.59,Standard,https://www.freeiconspng.com/img/1934,2026-10-09T00:00:00Z,No,1.4,7.5,,,,,,,-136,-136,,5.5003,https://img.favpng.com/19/20/10/logo-clip-art-brand-draftkings-font-png-favpng-R2eJSXBaGUrVGy3sJKrTGB1H3.jpg
2026-10-09T00:00:00Z,draftkings,2026-10-08T09:13:05Z,Chicago White Sox,Cleveland Guardians,pitcher_strikeouts,Hagen Smith,1.5,-179,139,64.16,41.84,60.53,39.47,2.04,1.5,65.41,43.65,59.99,40.01,-4.17,59.99,Over,2.02,0.52,58.75,Yes,-0.54,-0.54,Standard,https://www.freeiconspng.com/img/1934,2026-10-09T00:00:00Z,No,1.4,7.5,,,,,,,-150,-150,,1.7997,https://img.favpng.com/19/20/10/logo-clip-art-brand-draftkings-font-png-favpng-R2eJSXBaGUrVGy3sJKrTGB1H3.jpg
2026-10-09T00:00:00Z,draftkings,2026-10-08T09:13:05Z,Chicago White Sox,Cleveland Guardians,pitcher_walks,Parker Messick,1.5,-113,-117,53.05,53.92,49.6,50.4,1.67,1.5,55.17,53.15,50.94,49.06,-4.86,50.94,Over,1.71,0.21,50.87,Yes,1.34,1.34,Standard,https://www.freeiconspng.com/img/1934,2026-10-09T00:00:00Z,No,1.4,7.5,,,,,,,-104,-104,,1.5282,https://img.favpng.com/19/20/10/logo-clip-art-brand-draftkings-font-png-favpng-R2eJSXBaGUrVGy3sJKrTGB1H3.jpg
2026-10-09T00:00:00Z,dabble_us_dfs,2026-10-08T09:13:01Z,Chicago White Sox,Cleveland Guardians,batter_hits,Nathaniel Lowe,0.5,-130,132,56.52,43.1,56.73,43.27,0.84,0.5,61.05,45.68,57.2,42.8,0.68,57.2,Over,0.85,0.35,56.39,Yes,0.47,0.47,Standard,https://www.freeiconspng.com/img/1934,2026-10-09T00:00:00Z,No,1.4,7.5,Guardians @ Orioles,2026-09-08T22:35:00Z,Tue 06:35pm,Oriole Park at Camden Yards,outdoor,,-134,-134,9/8/2026,0.572,
2026-10-09T00:00:00Z,dabble_us_dfs,2026-10-08T09:13:01Z,Chicago White Sox,Cleveland Guardians,batter_hits,Tommy Pham,0.5,-103,104,50.74,49.02,50.86,49.14,0.71,0.5,50.25,56.47,47.12,52.88,-3.62,52.88,Under,0.64,0.14,52.4,No,3.74,3.74,Standard,https://www.freeiconspng.com/img/1934,,No,1.4,7.5,,,,,,,-112,-112,,0.4712,
2026-10-09T00:00:00Z,dabble_us_dfs,2026-10-08T09:13:01Z,Chicago White Sox,Cleveland Guardians,batter_hits,Jo Adell,0.5,-143,145,58.85,40.82,59.05,40.95,0.89,0.5,64.55,42.21,60.45,39.55,1.6,60.45,Over,0.93,0.43,59.28,Yes,1.40,1.4,Standard,https://www.freeiconspng.com/img/1934,2026-10-09T00:00:00Z,No,1.4,7.5,Guardians @ Orioles,2026-09-08T22:35:00Z,Tue 06:35pm,Oriole Park at Camden Yards,outdoor,,-153,-153,9/8/2026,0.6045,
2026-10-09T00:00:00Z,dabble_us_dfs,2026-10-08T09:13:01Z,Chicago White Sox,Cleveland Guardians,batter_hits,Patrick Bailey,0.5,-114,115,53.27,46.51,53.39,46.61,0.76,0.5,56.59,50.14,53.02,46.98,-0.25,53.02,Over,0.76,0.26,52.85,Yes,-0.37,-0.37,Standard,https://www.freeiconspng.com/img/1934,2026-10-09T00:00:00Z,No,1.4,7.5,Guardians @ Orioles,2026-09-08T22:35:00Z,Tue 06:35pm,Oriole Park at Camden Yards,outdoor,,-113,-113,9/8/2026,0.5302,
2026-10-09T00:00:00Z,dabble_us_dfs,2026-10-08T09:13:01Z,Chicago White Sox,Cleveland Guardians,batter_hits,Miguel Vargas,0.5,-141,142,58.51,41.32,58.61,41.39,0.88,0.5,63.75,42.78,59.83,40.17,1.32,59.83,Over,0.91,0.41,58.58,Yes,1.22,1.22,Standard,https://www.freeiconspng.com/img/1934,2026-10-09T00:00:00Z,No,1.4,7.5,Pirates @ White Sox,2026-09-08T23:40:00Z,Tue 07:40pm,Rate Field,outdoor,,-149,-149,9/8/2026,0.5983,
2026-10-09T00:00:00Z,dabble_us_dfs,2026-10-08T09:13:01Z,Chicago White Sox,Cleveland Guardians,batter_hits,Randal Grichuk,0.5,-123,125,55.16,44.44,55.38,44.62,0.81,0.5,59.7,46.63,56.15,43.85,0.99,56.15,Over,0.82,0.32,55.24,Yes,0.77,0.77,Standard,https://www.freeiconspng.com/img/1934,2026-10-09T00:00:00Z,No,1.4,7.5,,,,,,,-128,-128,,0.5615,
2026-10-09T00:00:00Z,dabble_us_dfs,2026-10-08T09:13:01Z,Chicago White Sox,Cleveland Guardians,batter_hits,Braden Montgomery,0.5,-120,120,54.55,45.45,54.55,45.45,0.79,0.5,57.45,49.3,53.82,46.18,-0.73,53.82,Over,0.77,0.27,53.25,Yes,-0.73,-0.73,Standard,https://www.freeiconspng.com/img/1934,2026-10-09T00:00:00Z,No,1.4,7.5,Pirates @ White Sox,2026-09-08T23:40:00Z,Tue 07:40pm,Rate Field,outdoor,,-117,-117,9/8/2026,0.5382,
2026-10-09T00:00:00Z,dabble_us_dfs,2026-10-08T09:13:01Z,Chicago White Sox,Cleveland Guardians,batter_hits,Steven Kwan,0.5,-196,197,66.22,33.67,66.29,33.71,1.09,0.5,69.88,36.8,65.52,34.48,-0.7,65.52,Over,1.06,0.56,63.51,Yes,-0.77,-0.77,Standard,https://www.freeiconspng.com/img/1934,2026-10-09T00:00:00Z,No,1.4,7.5,Guardians @ Orioles,2026-09-08T22:35:00Z,Tue 06:35pm,Oriole Park at Camden Yards,outdoor,,-190,-190,9/8/2026,0.6552,
2026-10-09T00:00:00Z,dabble_us_dfs,2026-10-08T09:13:01Z,Chicago White Sox,Cleveland Guardians,batter_hits,Brenton Doyle,0.5,120,-120,45.45,54.55,45.45,54.55,0.61,0.5,51.77,55.96,48.02,51.98,-2.57,51.98,Under,0.65,0.15,51.94,No,-2.57,-2.57,Standard,https://www.freeiconspng.com/img/1934,2026-10-09T00:00:00Z,No,1.4,7.5,,,,,,,-108,-108,,0.4802,
2026-10-09T00:00:00Z,dabble_us_dfs,2026-10-08T09:13:01Z,Chicago White Sox,Cleveland Guardians,batter_hits,Kyle Teel,0.5,107,-105,48.31,51.22,48.54,51.46,0.66,0.5,54.77,53.78,50.45,49.55,-1.67,50.45,Over,0.7,0.2,50.3,Yes,1.91,1.91,Standard,https://www.freeiconspng.com/img/1934,2026-10-09T00:00:00Z,No,1.4,7.5,Pirates @ White Sox,2026-09-08T23:40:00Z,Tue 07:40pm,Rate Field,outdoor,,-102,-102,9/8/2026,0.5045,
2026-10-09T00:00:00Z,dabble_us_dfs,2026-10-08T09:13:01Z,Chicago White Sox,Cleveland Guardians,batter_hits,Brayan Rocchio,0.5,-133,135,57.08,42.55,57.29,42.71,0.85,0.5,59.63,46.98,55.94,44.06,-1.14,55.94,Over,0.82,0.32,55.24,Yes,-1.35,-1.35,Standard,https://www.freeiconspng.com/img/1934,2026-10-09T00:00:00Z,No,1.4,7.5,Guardians @ Orioles,2026-09-08T22:35:00Z,Tue 06:35pm,Oriole Park at Camden Yards,outdoor,,-127,-127,9/8/2026,0.5594,
2026-10-09T00:00:00Z,dabble_us_dfs,2026-10-08T09:13:01Z,Chicago White Sox,Cleveland Guardians,batter_hits,Munetaka Murakami,0.5,-108,108,51.92,48.08,51.92,48.08,0.73,0.5,56.45,49.64,53.19,46.81,1.27,53.19,Over,0.76,0.26,52.85,Yes,1.27,1.27,Standard,https://www.freeiconspng.com/img/1934,2026-10-09T00:00:00Z,No,1.4,7.5,Pirates @ White Sox,2026-09-08T23:40:00Z,Tue 07:40pm,Rate Field,outdoor,,-114,-114,9/8/2026,0.5319,
2026-10-09T00:00:00Z,dabble_us_dfs,2026-10-08T09:13:01Z,Chicago White Sox,Cleveland Guardians,batter_hits,Angel Martinez,0.5,-159,160,61.39,38.46,61.48,38.52,0.95,0.5,61.01,45.81,57.15,42.85,-4.24,57.15,Over,0.85,0.35,56.39,Yes,-4.33,-4.33,Standard,https://www.freeiconspng.com/img/1934,2026-10-09T00:00:00Z,No,1.4,7.5,,,,,,,-133,-133,,0.5715,
2026-10-09T00:00:00Z,dabble_us_dfs,2026-10-08T09:13:01Z,Chicago White Sox,Cleveland Guardians,batter_hits,Colson Montgomery,0.5,118,-118,45.87,54.13,45.87,54.13,0.61,0.5,52.66,55.13,48.81,51.19,-2.94,51.19,Under,0.67,0.17,51.03,No,-2.94,-2.94,Standard,https://www.freeiconspng.com/img/1934,,No,1.4,7.5,Pirates @ White Sox,2026-09-08T23:40:00Z,Tue 07:40pm,Rate Field,outdoor,,-105,-105,9/8/2026,0.4881,
2026-10-09T00:00:00Z,dabble_us_dfs,2026-10-08T09:13:01Z,Chicago White Sox,Cleveland Guardians,batter_hits,Travis Bazzana,0.5,-132,133,56.9,42.92,57,43,0.84,0.5,58.5,48.54,54.67,45.33,-2.23,54.67,Over,0.79,0.29,54.06,Yes,-2.33,-2.33,Standard,https://www.freeiconspng.com/img/1934,2026-10-09T00:00:00Z,No,1.4,7.5,Guardians @ Orioles,2026-09-08T22:35:00Z,Tue 06:35pm,Oriole Park at Camden Yards,outdoor,,-121,-121,9/8/2026,0.5467,
2026-10-09T00:00:00Z,dabble_us_dfs,2026-10-08T09:13:01Z,Chicago White Sox,Cleveland Guardians,batter_hits,Chase Meidroth,0.5,-179,180,64.16,35.71,64.24,35.76,1.03,0.5,66.43,40.49,62.15,37.85,-2.01,62.15,Over,0.97,0.47,60.64,Yes,-2.09,-2.09,Standard,https://www.freeiconspng.com/img/1934,2026-10-09T00:00:00Z,No,1.4,7.5,Pirates @ White Sox,2026-09-08T23:40:00Z,Tue 07:40pm,Rate Field,outdoor,,-164,-164,9/8/2026,0.6215,
2026-10-09T00:00:00Z,dabble_us_dfs,2026-10-08T09:13:01Z,Chicago White Sox,Cleveland Guardians,batter_hits,Chase DeLauter,0.5,-192,195,65.75,33.9,65.98,34.02,1.08,0.5,68.53,38.03,64.33,35.67,-1.42,64.33,Over,1.03,0.53,62.58,Yes,-1.65,-1.65,Standard,https://www.freeiconspng.com/img/1934,2026-10-09T00:00:00Z,No,1.4,7.5,,,,,,,-180,-180,,0.6433,
2026-10-09T00:00:00Z,dabble_us_dfs,2026-10-08T09:13:01Z,Chicago White Sox,Cleveland Guardians,batter_hits,Jose Ramirez,0.5,-204,206,67.11,32.68,67.25,32.75,1.12,0.5,69.01,37.25,64.96,35.04,-2.15,64.96,Over,1.05,0.55,63.21,Yes,-2.29,-2.29,Standard,https://www.freeiconspng.com/img/1934,2026-10-09T00:00:00Z,No,1.4,7.5,,,,,,,-185,-185,,0.6496,
2026-10-09T00:00:00Z,dabble_us_dfs,2026-10-08T09:13:01Z,Chicago White Sox,Cleveland Guardians,batter_hits_runs_rbis,Nathaniel Lowe,1.5,142,-141,41.32,58.51,41.39,58.61,1.42,1.5,45.09,61.36,42.34,57.66,-0.85,57.66,Under,1.44,-0.06,56.87,Yes,-0.95,-0.95,Standard,https://www.freeiconspng.com/img/1934,2026-10-09T00:00:00Z,No,1.4,7.5,Guardians @ Orioles,2026-09-08T22:35:00Z,Tue 06:35pm,Oriole Park at Camden Yards,outdoor,,-136,-136,9/8/2026,1.2702,
2026-10-09T00:00:00Z,dabble_us_dfs,2026-10-08T09:13:01Z,Chicago White Sox,Cleveland Guardians,batter_hits_runs_rbis,Tommy Pham,0.5,-135,136,57.45,42.37,57.55,42.45,0.86,0.5,56.62,52.25,52.1,47.9,-5.35,52.1,Over,0.74,0.24,52.01,Yes,-5.45,-5.45,Standard,https://www.freeiconspng.com/img/1934,,No,1.4,7.5,,,,,,,-109,-109,,0.521,
2026-10-09T00:00:00Z,dabble_us_dfs,2026-10-08T09:13:01Z,Chicago White Sox,Cleveland Guardians,batter_hits_runs_rbis,Jo Adell,1.5,118,-116,45.87,53.7,46.07,53.93,1.56,1.5,52.26,55.84,48.31,51.69,-2.01,51.69,Under,1.63,0.13,51.35,No,-2.24,-2.24,Standard,https://www.freeiconspng.com/img/1934,2026-10-09T00:00:00Z,No,1.4,7.5,Guardians @ Orioles,2026-09-08T22:35:00Z,Tue 06:35pm,Oriole Park at Camden Yards,outdoor,,-107,-107,9/8/2026,1.4493,
2026-10-09T00:00:00Z,dabble_us_dfs,2026-10-08T09:13:01Z,Chicago White Sox,Cleveland Guardians,batter_hits_runs_rbis,Patrick Bailey,0.5,-156,157,60.94,38.91,61.03,38.97,0.94,0.5,62.47,44.05,58.68,41.32,-2.26,58.68,Over,0.88,0.38,57.5,Yes,-2.35,-2.35,Standard,https://www.freeiconspng.com/img/1934,2026-10-09T00:00:00Z,No,1.4,7.5,Guardians @ Orioles,2026-09-08T22:35:00Z,Tue 06:35pm,Oriole Park at Camden Yards,outdoor,,-142,-142,9/8/2026,0.5868,
2026-10-09T00:00:00Z,dabble_us_dfs,2026-10-08T09:13:01Z,Chicago White Sox,Cleveland Guardians,batter_hits_runs_rbis,Miguel Vargas,1.5,134,-133,42.74,57.08,42.81,57.19,1.46,1.5,48.4,57.95,45.49,54.51,-2.57,54.51,Under,1.54,0.04,53.92,No,-2.68,-2.68,Standard,https://www.freeiconspng.com/img/1934,2026-10-09T00:00:00Z,No,1.40,7.5,Pirates @ White Sox,2026-09-08T23:40:00Z,Tue 07:40pm,Rate Field,outdoor,,-120,-120,9/8/2026,1.3647,
2026-10-09T00:00:00Z,dabble_us_dfs,2026-10-08T09:13:01Z,Chicago White Sox,Cleveland Guardians,batter_hits_runs_rbis,Randal Grichuk,0.5,-143,145,58.85,40.82,59.05,40.95,0.89,0.5,63.45,42.6,59.8,40.2,0.95,59.8,Over,0.91,0.41,58.58,Yes,0.75,0.75,Standard,https://www.freeiconspng.com/img/1934,2026-10-09T00:00:00Z,No,1.40,7.5,,,,,,,-149,-149,,0.598,
2026-10-09T00:00:00Z,dabble_us_dfs,2026-10-08T09:13:01Z,Chicago White Sox,Cleveland Guardians,batter_hits_runs_rbis,Braden Montgomery,0.5,-137,138,57.81,42.02,57.91,42.09,0.87,0.5,61.9,44.51,58.17,41.83,0.36,58.17,Over,0.87,0.37,57.13,Yes,0.26,0.26,Standard,https://www.freeiconspng.com/img/1934,2026-10-09T00:00:00Z,No,1.40,7.5,Pirates @ White Sox,2026-09-08T23:40:00Z,Tue 07:40pm,Rate Field,outdoor,,-139,-139,9/8/2026,0.5817,
2026-10-09T00:00:00Z,dabble_us_dfs,2026-10-08T09:13:01Z,Chicago White Sox,Cleveland Guardians,batter_hits_runs_rbis,Steven Kwan,1.5,104,-103,49.02,50.74,49.14,50.86,1.65,1.5,54.34,54.54,49.9,50.1,-0.64,50.1,Under,1.68,0.18,49.95,No,-0.76,-0.76,Standard,https://www.freeiconspng.com/img/1934,2026-10-09T00:00:00Z,No,1.40,7.5,Guardians @ Orioles,2026-09-08T22:35:00Z,Tue 06:35pm,Oriole Park at Camden Yards,outdoor,,-100,-100,9/8/2026,1.497,
2026-10-09T00:00:00Z,dabble_us_dfs,2026-10-08T09:13:01Z,Chicago White Sox,Cleveland Guardians,batter_hits_runs_rbis,Brenton Doyle,0.5,-114,114,53.27,46.73,53.27,46.73,0.76,0.5,55.8,53.11,51.28,48.72,-1.99,51.28,Over,0.72,0.22,51.17,Yes,-1.99,-1.99,Standard,https://www.freeiconspng.com/img/1934,2026-10-09T00:00:00Z,No,1.40,7.5,,,,,,,-105,-105,,0.5128,
2026-10-09T00:00:00Z,dabble_us_dfs,2026-10-08T09:13:01Z,Chicago White Sox,Cleveland Guardians,batter_hits_runs_rbis,Kyle Teel,0.5,-123,124,55.16,44.64,55.27,44.73,0.8,0.5,60.73,45.93,56.93,43.07,1.77,56.93,Over,0.84,0.34,56.01,Yes,1.66,1.66,Standard,https://www.freeiconspng.com/img/1934,2026-10-09T00:00:00Z,No,1.40,7.5,Pirates @ White Sox,2026-09-08T23:40:00Z,Tue 07:40pm,Rate Field,outdoor,,-132,-132,9/8/2026,0.5693,
2026-10-09T00:00:00Z,dabble_us_dfs,2026-10-08T09:13:01Z,Chicago White Sox,Cleveland Guardians,batter_hits_runs_rbis,Brayan Rocchio,1.5,139,-137,41.84,57.81,41.99,58.01,1.43,1.5,43.19,63.34,40.56,59.44,1.63,59.44,Under,1.39,-0.11,58.39,Yes,1.43,1.43,Standard,https://www.freeiconspng.com/img/1934,2026-10-09T00:00:00Z,No,1.40,7.5,Guardians @ Orioles,2026-09-08T22:35:00Z,Tue 06:35pm,Oriole Park at Camden Yards,outdoor,,-147,-147,9/8/2026,1.2168,
2026-10-09T00:00:00Z,dabble_us_dfs,2026-10-08T09:13:01Z,Chicago White Sox,Cleveland Guardians,batter_hits_runs_rbis,Munetaka Murakami,0.5,-143,144,58.85,40.98,58.95,41.05,0.89,0.5,58.85,40.98,58.95,41.05,0.1,58.95,Over,0.89,0.39,57.86,Yes,0.00,0,Standard,https://www.freeiconspng.com/img/1934,2026-10-09T00:00:00Z,No,1.40,7.5,Pirates @ White Sox,2026-09-08T23:40:00Z,Tue 07:40pm,Rate Field,outdoor,,-144,-144,9/8/2026,0.5895,
2026-10-09T00:00:00Z,dabble_us_dfs,2026-10-08T09:13:01Z,Chicago White Sox,Cleveland Guardians,batter_hits_runs_rbis,Angel Martinez,1.5,127,-125,44.05,55.56,44.23,55.77,1.5,1.5,44.56,61.98,41.84,58.16,2.6,58.16,Under,1.43,-0.07,57.17,Yes,2.39,2.39,Standard,https://www.freeiconspng.com/img/1934,2026-10-09T00:00:00Z,No,1.40,7.5,,,,,,,-139,-139,,1.2552,
2026-10-09T00:00:00Z,dabble_us_dfs,2026-10-08T09:13:01Z,Chicago White Sox,Cleveland Guardians,batter_hits_runs_rbis,Colson Montgomery,0.5,-120,120,54.55,45.45,54.55,45.45,0.79,0.5,58.58,47.81,55.06,44.94,0.51,55.06,Over,0.8,0.3,54.46,Yes,0.51,0.51,Standard,https://www.freeiconspng.com/img/1934,,No,1.40,7.5,Pirates @ White Sox,2026-09-08T23:40:00Z,Tue 07:40pm,Rate Field,outdoor,,-123,-123,9/8/2026,0.5506,
2026-10-09T00:00:00Z,dabble_us_dfs,2026-10-08T09:13:01Z,Chicago White Sox,Cleveland Guardians,batter_hits_runs_rbis,Travis Bazzana,1.5,142,-141,41.32,58.51,41.39,58.61,1.42,1.5,42.98,62.45,40.77,59.23,0.72,59.23,Under,1.4,-0.1,58.08,Yes,0.62,0.62,Standard,https://www.freeiconspng.com/img/1934,2026-10-09T00:00:00Z,No,1.40,7.5,Guardians @ Orioles,2026-09-08T22:35:00Z,Tue 06:35pm,Oriole Park at Camden Yards,outdoor,,-145,-145,9/8/2026,1.2231,
2026-10-09T00:00:00Z,dabble_us_dfs,2026-10-08T09:13:01Z,Chicago White Sox,Cleveland Guardians,batter_hits_runs_rbis,Chase Meidroth,1.5,122,-120,45.05,54.55,45.23,54.77,1.53,1.5,47.41,59.2,44.47,55.53,0.98,55.53,Under,1.51,0.01,54.79,No,0.76,0.76,Standard,https://www.freeiconspng.com/img/1934,2026-10-09T00:00:00Z,No,1.4,7.5,Pirates @ White Sox,2026-09-08T23:40:00Z,Tue 07:40pm,Rate Field,outdoor,,-125,-125,9/8/2026,1.3341,
2026-10-09T00:00:00Z,dabble_us_dfs,2026-10-08T09:13:01Z,Chicago White Sox,Cleveland Guardians,batter_hits_runs_rbis,Jose Ramirez,1.5,-111,112,52.61,47.17,52.72,47.28,1.77,1.5,55.1,53.79,50.63,49.37,-1.98,50.63,Over,1.7,0.2,50.59,Yes,-2.09,-2.09,Standard,https://www.freeiconspng.com/img/1934,2026-10-09T00:00:00Z,No,1.4,7.5,,,,,,,-103,-103,,1.5189,
2026-10-09T00:00:00Z,dabble_us_dfs,2026-10-08T09:13:01Z,Chicago White Sox,Cleveland Guardians,batter_hits_runs_rbis,Chase DeLauter,1.5,-104,106,50.98,48.54,51.22,48.78,1.72,1.5,54.15,54.72,49.75,50.25,-1.23,50.25,Under,1.67,0.17,50.23,No,1.47,1.47,Standard,https://www.freeiconspng.com/img/1934,2026-10-09T00:00:00Z,No,1.4,7.5,,,,,,,-101,-101,,1.4925,
2026-10-09T00:00:00Z,dabble_us_dfs,2026-10-08T09:13:01Z,Chicago White Sox,Cleveland Guardians,batter_home_runs,Nathaniel Lowe,0.5,985,-909,9.22,90.09,9.28,90.72,0.1,0.5,12.53,93.79,11.75,88.25,-1.84,88.25,Under,0.13,-0.37,83.27,Yes,-2.47,-2.47,Standard,https://www.freeiconspng.com/img/1934,2026-10-09T00:00:00Z,No,1.4,7.5,Guardians @ Orioles,2026-09-08T22:35:00Z,Tue 06:35pm,Oriole Park at Camden Yards,outdoor,,-751,-751,9/8/2026,0.1175,
2026-10-09T00:00:00Z,dabble_us_dfs,2026-10-08T09:13:01Z,Chicago White Sox,Cleveland Guardians,batter_home_runs,Tommy Pham,0.5,1094,-1000,8.38,90.91,8.44,91.56,0.09,0.5,10.62,94.72,10.05,89.95,-0.96,89.95,Under,0.11,-0.39,84.83,Yes,-1.61,-1.61,Standard,https://www.freeiconspng.com/img/1934,,No,1.4,7.5,,,,,,,-895,-895,,0.1005,
2026-10-09T00:00:00Z,dabble_us_dfs,2026-10-08T09:13:01Z,Chicago White Sox,Cleveland Guardians,batter_home_runs,Jo Adell,0.5,595,-588,14.39,85.47,14.41,85.59,0.16,0.5,16.61,89.09,15.68,84.32,-1.15,84.32,Under,0.17,-0.33,80.24,Yes,-1.27,-1.27,Standard,https://www.freeiconspng.com/img/1934,2026-10-09T00:00:00Z,No,1.4,7.5,Guardians @ Orioles,2026-09-08T22:35:00Z,Tue 06:35pm,Oriole Park at Camden Yards,outdoor,,-538,-538,9/8/2026,0.1568,
2026-10-09T00:00:00Z,dabble_us_dfs,2026-10-08T09:13:01Z,Chicago White Sox,Cleveland Guardians,batter_home_runs,Patrick Bailey,0.5,1108,-1000,8.28,90.91,8.35,91.65,0.09,0.5,11.88,93.88,11.2,88.8,-2.11,88.8,Under,0.12,-0.38,84.05,Yes,-2.85,-2.85,Standard,https://www.freeiconspng.com/img/1934,2026-10-09T00:00:00Z,No,1.4,7.5,Guardians @ Orioles,2026-09-08T22:35:00Z,Tue 06:35pm,Oriole Park at Camden Yards,outdoor,,-793,-793,9/8/2026,0.112,
2026-10-09T00:00:00Z,dabble_us_dfs,2026-10-08T09:13:01Z,Chicago White Sox,Cleveland Guardians,batter_home_runs,Miguel Vargas,0.5,661,-625,13.14,86.21,13.23,86.77,0.14,0.5,17.38,88.64,16.35,83.65,-2.56,83.65,Under,0.18,-0.32,79.5,Yes,-3.12,-3.12,Standard,https://www.freeiconspng.com/img/1934,2026-10-09T00:00:00Z,No,1.4,7.5,Pirates @ White Sox,2026-09-08T23:40:00Z,Tue 07:40pm,Rate Field,outdoor,,-512,-512,9/8/2026,0.1635,
2026-10-09T00:00:00Z,dabble_us_dfs,2026-10-08T09:13:01Z,Chicago White Sox,Cleveland Guardians,batter_home_runs,Randal Grichuk,0.5,641,-625,13.5,86.21,13.54,86.46,0.15,0.5,15.15,90.51,14.32,85.68,-0.53,85.68,Under,0.15,-0.35,81.74,Yes,-0.78,-0.78,Standard,https://www.freeiconspng.com/img/1934,2026-10-09T00:00:00Z,No,1.4,7.5,,,,,,,-598,-598,,0.1432,
2026-10-09T00:00:00Z,dabble_us_dfs,2026-10-08T09:13:01Z,Chicago White Sox,Cleveland Guardians,batter_home_runs,Braden Montgomery,0.5,1257,-1250,7.37,92.59,7.37,92.63,0.08,0.5,9.3,95.4,8.85,91.15,-1.44,91.15,Under,0.09,-0.41,86.43,Yes,-1.48,-1.48,Standard,https://www.freeiconspng.com/img/1934,2026-10-09T00:00:00Z,No,1.40,7.5,Pirates @ White Sox,2026-09-08T23:40:00Z,Tue 07:40pm,Rate Field,outdoor,,-1030,-1030,9/8/2026,0.0885,
2026-10-09T00:00:00Z,dabble_us_dfs,2026-10-08T09:13:01Z,Chicago White Sox,Cleveland Guardians,batter_home_runs,Brenton Doyle,0.5,1181,-1111,7.81,91.74,7.84,92.16,0.08,0.5,12.23,94,11.46,88.54,-3.2,88.54,Under,0.12,-0.38,84.05,Yes,-3.62,-3.62,Standard,https://www.freeiconspng.com/img/1934,2026-10-09T00:00:00Z,No,1.40,7.5,,,,,,,-773,-773,,0.1146,
2026-10-09T00:00:00Z,dabble_us_dfs,2026-10-08T09:13:01Z,Chicago White Sox,Cleveland Guardians,batter_home_runs,Kyle Teel,0.5,1256,-1250,7.37,92.59,7.38,92.62,0.08,0.5,10.85,94.65,10.25,89.75,-2.84,89.75,Under,0.11,-0.39,84.83,Yes,-2.87,-2.87,Standard,https://www.freeiconspng.com/img/1934,2026-10-09T00:00:00Z,No,1.4,7.5,Pirates @ White Sox,2026-09-08T23:40:00Z,Tue 07:40pm,Rate Field,outdoor,,-876,-876,9/8/2026,0.1025,
2026-10-09T00:00:00Z,dabble_us_dfs,2026-10-08T09:13:01Z,Chicago White Sox,Cleveland Guardians,batter_home_runs,Brayan Rocchio,0.5,1386,-1250,6.73,92.59,6.78,93.22,0.07,0.5,9.39,96.37,8.84,91.16,-1.43,91.16,Under,0.09,-0.41,86.43,Yes,-2.06,-2.06,Standard,https://www.freeiconspng.com/img/1934,2026-10-09T00:00:00Z,No,1.40,7.5,Guardians @ Orioles,2026-09-08T22:35:00Z,Tue 06:35pm,Oriole Park at Camden Yards,outdoor,,-1031,-1031,9/8/2026,0.0884,
2026-10-09T00:00:00Z,dabble_us_dfs,2026-10-08T09:13:01Z,Chicago White Sox,Cleveland Guardians,batter_home_runs,Munetaka Murakami,0.5,430,-417,18.87,80.66,18.96,81.04,0.21,0.5,19.91,85.95,18.81,81.19,0.53,81.19,Under,0.21,-0.29,77.33,Yes,0.15,0.15,Standard,https://www.freeiconspng.com/img/1934,2026-10-09T00:00:00Z,No,1.40,7.5,Pirates @ White Sox,2026-09-08T23:40:00Z,Tue 07:40pm,Rate Field,outdoor,,-432,-432,9/8/2026,0.1881,
2026-10-09T00:00:00Z,dabble_us_dfs,2026-10-08T09:13:01Z,Chicago White Sox,Cleveland Guardians,batter_home_runs,Angel Martinez,0.5,949,-909,9.53,90.09,9.57,90.43,0.1,0.5,11.28,94.27,10.66,89.34,-0.75,89.34,Under,0.11,-0.39,84.83,Yes,-1.09,-1.09,Standard,https://www.freeiconspng.com/img/1934,2026-10-09T00:00:00Z,No,1.4,7.5,,,,,,,-838,-838,,0.1066,
2026-10-09T00:00:00Z,dabble_us_dfs,2026-10-08T09:13:01Z,Chicago White Sox,Cleveland Guardians,batter_home_runs,Colson Montgomery,0.5,624,-588,13.81,85.47,13.91,86.09,0.15,0.5,16.45,88.61,15.6,84.4,-1.07,84.4,Under,0.17,-0.33,80.24,Yes,-1.69,-1.69,Standard,https://www.freeiconspng.com/img/1934,,No,1.4,7.5,Pirates @ White Sox,2026-09-08T23:40:00Z,Tue 07:40pm,Rate Field,outdoor,,-541,-541,9/8/2026,0.156,
2026-10-09T00:00:00Z,dabble_us_dfs,2026-10-08T09:13:01Z,Chicago White Sox,Cleveland Guardians,batter_home_runs,Travis Bazzana,0.5,926,-909,9.75,90.09,9.76,90.24,0.1,0.5,10.35,95.25,9.78,90.22,0.13,90.22,Under,0.1,-0.4,85.63,Yes,-0.02,-0.02,Standard,https://www.freeiconspng.com/img/1934,2026-10-09T00:00:00Z,No,1.4,7.5,Guardians @ Orioles,2026-09-08T22:35:00Z,Tue 06:35pm,Oriole Park at Camden Yards,outdoor,,-922,-922,9/8/2026,0.0978,
2026-10-09T00:00:00Z,dabble_us_dfs,2026-10-08T09:13:01Z,Chicago White Sox,Cleveland Guardians,batter_home_runs,Chase Meidroth,0.5,1211,-1111,7.63,91.74,7.68,92.32,0.08,0.5,8.59,96.63,8.14,91.86,0.12,91.86,Under,0.08,-0.42,87.23,Yes,-0.46,-0.46,Standard,https://www.freeiconspng.com/img/1934,2026-10-09T00:00:00Z,No,1.4,7.5,Pirates @ White Sox,2026-09-08T23:40:00Z,Tue 07:40pm,Rate Field,outdoor,,-1129,-1129,9/8/2026,0.0814,
2026-10-09T00:00:00Z,dabble_us_dfs,2026-10-08T09:13:01Z,Chicago White Sox,Cleveland Guardians,batter_home_runs,Jose Ramirez,0.5,708,-667,12.38,86.96,12.46,87.54,0.13,0.5,15.39,90.29,14.53,85.47,-1.49,85.47,Under,0.16,-0.34,80.99,Yes,-2.07,-2.07,Standard,https://www.freeiconspng.com/img/1934,2026-10-09T00:00:00Z,No,1.4,7.5,,,,,,,-588,-588,,0.1453,
2026-10-09T00:00:00Z,dabble_us_dfs,2026-10-08T09:13:01Z,Chicago White Sox,Cleveland Guardians,batter_home_runs,Chase DeLauter,0.5,788,-769,11.26,88.49,11.29,88.71,0.12,0.5,13.36,93.16,12.53,87.47,-1.02,87.47,Under,0.13,-0.37,83.27,Yes,-1.24,-1.24,Standard,https://www.freeiconspng.com/img/1934,2026-10-09T00:00:00Z,No,1.4,7.5,,,,,,,-698,-698,,0.1253,
2026-10-09T00:00:00Z,dabble_us_dfs,2026-10-08T09:13:01Z,Chicago White Sox,Cleveland Guardians,batter_rbis,Nathaniel Lowe,0.5,253,-250,28.33,71.43,28.4,71.6,0.33,0.5,33.26,74.35,30.89,69.11,-2.32,69.11,Under,0.37,-0.13,66.78,Yes,-2.49,-2.49,Standard,https://www.freeiconspng.com/img/1934,2026-10-09T00:00:00Z,No,1.4,7.5,Guardians @ Orioles,2026-09-08T22:35:00Z,Tue 06:35pm,Oriole Park at Camden Yards,outdoor,,-224,-224,9/8/2026,0.3089,
2026-10-09T00:00:00Z,dabble_us_dfs,2026-10-08T09:13:01Z,Chicago White Sox,Cleveland Guardians,batter_rbis,Tommy Pham,0.5,370,-357,21.28,78.12,21.41,78.59,0.24,0.5,25.29,81.7,23.61,76.39,-1.73,76.39,Under,0.27,-0.23,73.18,Yes,-2.20,-2.2,Standard,https://www.freeiconspng.com/img/1934,,No,1.4,7.5,,,,,,,-324,-324,,0.2361,
2026-10-09T00:00:00Z,dabble_us_dfs,2026-10-08T09:13:01Z,Chicago White Sox,Cleveland Guardians,batter_rbis,Jo Adell,0.5,195,-192,33.9,65.75,34.02,65.98,0.42,0.5,38.88,68.28,36.27,63.73,-2.02,63.73,Under,0.45,-0.05,62.11,Yes,-2.25,-2.25,Standard,https://www.freeiconspng.com/img/1934,2026-10-09T00:00:00Z,No,1.4,7.5,Guardians @ Orioles,2026-09-08T22:35:00Z,Tue 06:35pm,Oriole Park at Camden Yards,outdoor,,-176,-176,9/8/2026,0.3627,
2026-10-09T00:00:00Z,dabble_us_dfs,2026-10-08T09:13:01Z,Chicago White Sox,Cleveland Guardians,batter_rbis,Patrick Bailey,0.5,306,-303,24.63,75.19,24.68,75.32,0.28,0.5,28.21,78.88,26.32,73.68,-1.51,73.68,Under,0.31,-0.19,70.54,Yes,-1.64,-1.64,Standard,https://www.freeiconspng.com/img/1934,2026-10-09T00:00:00Z,No,1.4,7.5,Guardians @ Orioles,2026-09-08T22:35:00Z,Tue 06:35pm,Oriole Park at Camden Yards,outdoor,,-280,-280,9/8/2026,0.2632,
2026-10-09T00:00:00Z,dabble_us_dfs,2026-10-08T09:13:01Z,Chicago White Sox,Cleveland Guardians,batter_rbis,Miguel Vargas,0.5,258,-256,27.93,71.91,27.98,72.02,0.33,0.5,34.06,72.93,31.79,68.21,-3.7,68.21,Under,0.38,-0.12,66.18,Yes,-3.81,-3.81,Standard,https://www.freeiconspng.com/img/1934,2026-10-09T00:00:00Z,No,1.4,7.5,Pirates @ White Sox,2026-09-08T23:40:00Z,Tue 07:40pm,Rate Field,outdoor,,-215,-215,9/8/2026,0.3179,
2026-10-09T00:00:00Z,dabble_us_dfs,2026-10-08T09:13:01Z,Chicago White Sox,Cleveland Guardians,batter_rbis,Randal Grichuk,0.5,357,-345,21.88,77.53,22.01,77.99,0.25,0.5,27.73,79.47,25.83,74.17,-3.36,74.17,Under,0.3,-0.2,71.19,Yes,-3.82,-3.82,Standard,https://www.freeiconspng.com/img/1934,2026-10-09T00:00:00Z,No,1.4,7.5,,,,,,,-287,-287,,0.2583,
2026-10-09T00:00:00Z,dabble_us_dfs,2026-10-08T09:13:01Z,Chicago White Sox,Cleveland Guardians,batter_rbis,Braden Montgomery,0.5,360,-357,21.74,78.12,21.77,78.23,0.25,0.5,25.92,80.62,24.3,75.7,-2.42,75.7,Under,0.28,-0.22,72.51,Yes,-2.53,-2.53,Standard,https://www.freeiconspng.com/img/1934,2026-10-09T00:00:00Z,No,1.4,7.5,Pirates @ White Sox,2026-09-08T23:40:00Z,Tue 07:40pm,Rate Field,outdoor,,-312,-312,9/8/2026,0.243,
2026-10-09T00:00:00Z,dabble_us_dfs,2026-10-08T09:13:01Z,Chicago White Sox,Cleveland Guardians,batter_rbis,Steven Kwan,0.5,341,-333,22.68,76.91,22.77,77.23,0.26,0.5,25.35,81.82,23.65,76.35,-0.56,76.35,Under,0.27,-0.23,73.18,Yes,-0.88,-0.88,Standard,https://www.freeiconspng.com/img/1934,2026-10-09T00:00:00Z,No,1.4,7.5,Guardians @ Orioles,2026-09-08T22:35:00Z,Tue 06:35pm,Oriole Park at Camden Yards,outdoor,,-323,-323,9/8/2026,0.2365,
2026-10-09T00:00:00Z,dabble_us_dfs,2026-10-08T09:13:01Z,Chicago White Sox,Cleveland Guardians,batter_rbis,Brenton Doyle,0.5,439,-435,18.55,81.31,18.58,81.42,0.21,0.5,25.42,81.69,23.68,76.32,-4.99,76.32,Under,0.27,-0.23,73.18,Yes,-5.10,-5.1,Standard,https://www.freeiconspng.com/img/1934,2026-10-09T00:00:00Z,No,1.4,7.5,,,,,,,-322,-322,,0.2368,
2026-10-09T00:00:00Z,dabble_us_dfs,2026-10-08T09:13:01Z,Chicago White Sox,Cleveland Guardians,batter_rbis,Kyle Teel,0.5,386,-385,20.58,79.38,20.58,79.42,0.23,0.5,25.68,81.49,23.93,76.07,-3.31,76.07,Under,0.27,-0.23,73.18,Yes,-3.35,-3.35,Standard,https://www.freeiconspng.com/img/1934,2026-10-09T00:00:00Z,No,1.4,7.5,Pirates @ White Sox,2026-09-08T23:40:00Z,Tue 07:40pm,Rate Field,outdoor,,-318,-318,9/8/2026,0.2393,
2026-10-09T00:00:00Z,dabble_us_dfs,2026-10-08T09:13:01Z,Chicago White Sox,Cleveland Guardians,batter_rbis,Brayan Rocchio,0.5,301,-294,24.94,74.62,25.05,74.95,0.29,0.5,27.49,78.68,25.88,74.12,-0.5,74.12,Under,0.3,-0.2,71.19,Yes,-0.83,-0.83,Standard,https://www.freeiconspng.com/img/1934,2026-10-09T00:00:00Z,No,1.4,7.5,Guardians @ Orioles,2026-09-08T22:35:00Z,Tue 06:35pm,Oriole Park at Camden Yards,outdoor,,-286,-286,9/8/2026,0.2588,
2026-10-09T00:00:00Z,dabble_us_dfs,2026-10-08T09:13:01Z,Chicago White Sox,Cleveland Guardians,batter_rbis,Munetaka Murakami,0.5,225,-222,30.77,68.94,30.86,69.14,0.37,0.5,34.72,71.89,32.55,67.45,-1.49,67.45,Under,0.39,-0.11,65.58,Yes,-1.69,-1.69,Standard,https://www.freeiconspng.com/img/1934,2026-10-09T00:00:00Z,No,1.4,7.5,Pirates @ White Sox,2026-09-08T23:40:00Z,Tue 07:40pm,Rate Field,outdoor,,-207,-207,9/8/2026,0.3255,
2026-10-09T00:00:00Z,dabble_us_dfs,2026-10-08T09:13:01Z,Chicago White Sox,Cleveland Guardians,batter_rbis,Angel Martinez,0.5,261,-256,27.7,71.91,27.81,72.19,0.33,0.5,29.86,77.28,27.86,72.14,0.23,72.14,Under,0.33,-0.17,69.27,Yes,-0.05,-0.05,Standard,https://www.freeiconspng.com/img/1934,2026-10-09T00:00:00Z,No,1.4,7.5,,,,,,,-259,-259,,0.2786,
2026-10-09T00:00:00Z,dabble_us_dfs,2026-10-08T09:13:01Z,Chicago White Sox,Cleveland Guardians,batter_rbis,Colson Montgomery,0.5,325,-323,23.53,76.36,23.56,76.44,0.27,0.5,27.99,79.25,26.06,73.94,-2.42,73.94,Under,0.3,-0.2,71.19,Yes,-2.50,-2.5,Standard,https://www.freeiconspng.com/img/1934,,No,1.4,7.5,Pirates @ White Sox,2026-09-08T23:40:00Z,Tue 07:40pm,Rate Field,outdoor,,-284,-284,9/8/2026,0.2606,
2026-10-09T00:00:00Z,dabble_us_dfs,2026-10-08T09:13:01Z,Chicago White Sox,Cleveland Guardians,batter_rbis,Travis Bazzana,0.5,284,-278,26.04,73.54,26.15,73.85,0.3,0.5,27.8,79.41,25.93,74.07,0.53,74.07,Under,0.3,-0.2,71.19,Yes,0.22,0.22,Standard,https://www.freeiconspng.com/img/1934,2026-10-09T00:00:00Z,No,1.4,7.5,Guardians @ Orioles,2026-09-08T22:35:00Z,Tue 06:35pm,Oriole Park at Camden Yards,outdoor,,-286,-286,9/8/2026,0.2593,
2026-10-09T00:00:00Z,dabble_us_dfs,2026-10-08T09:13:01Z,Chicago White Sox,Cleveland Guardians,batter_rbis,Chase Meidroth,0.5,403,-400,19.88,80,19.9,80.1,0.22,0.5,25.02,81.83,23.39,76.61,-3.39,76.61,Under,0.27,-0.23,73.18,Yes,-3.49,-3.49,Standard,https://www.freeiconspng.com/img/1934,2026-10-09T00:00:00Z,No,1.4,7.5,Pirates @ White Sox,2026-09-08T23:40:00Z,Tue 07:40pm,Rate Field,outdoor,,-328,-328,9/8/2026,0.2339,
2026-10-09T00:00:00Z,dabble_us_dfs,2026-10-08T09:13:01Z,Chicago White Sox,Cleveland Guardians,batter_rbis,Jose Ramirez,0.5,213,-208,31.95,67.53,32.12,67.88,0.39,0.5,34.73,71.67,32.62,67.38,-0.15,67.38,Under,0.39,-0.11,65.58,Yes,-0.50,-0.5,Standard,https://www.freeiconspng.com/img/1934,2026-10-09T00:00:00Z,No,1.4,7.5,,,,,,,-207,-207,,0.3262,
2026-10-09T00:00:00Z,dabble_us_dfs,2026-10-08T09:13:01Z,Chicago White Sox,Cleveland Guardians,batter_rbis,Chase DeLauter,0.5,195,-192,33.9,65.75,34.02,65.98,0.42,0.5,37,69.74,34.66,65.34,-0.41,65.34,Under,0.43,-0.07,63.24,Yes,-0.64,-0.64,Standard,https://www.freeiconspng.com/img/1934,2026-10-09T00:00:00Z,No,1.4,7.5,,,,,,,-189,-189,,0.3466,
2026-10-09T00:00:00Z,dabble_us_dfs,2026-10-08T09:13:01Z,Chicago White Sox,Cleveland Guardians,batter_runs_scored,Nathaniel Lowe,0.5,212,-208,32.05,67.53,32.19,67.81,0.39,0.5,37.27,69.21,34.93,65.07,-2.46,65.07,Under,0.43,-0.07,63.24,Yes,-2.74,-2.74,Standard,https://www.freeiconspng.com/img/1934,2026-10-09T00:00:00Z,No,1.4,7.5,Guardians @ Orioles,2026-09-08T22:35:00Z,Tue 06:35pm,Oriole Park at Camden Yards,outdoor,,-186,-186,9/8/2026,0.3493,
2026-10-09T00:00:00Z,dabble_us_dfs,2026-10-08T09:13:01Z,Chicago White Sox,Cleveland Guardians,batter_runs_scored,Tommy Pham,0.5,252,-250,28.41,71.43,28.46,71.54,0.33,0.5,30.15,76.19,28.35,71.65,0.22,71.65,Under,0.33,-0.17,69.27,Yes,0.11,0.11,Standard,https://www.freeiconspng.com/img/1934,,No,1.4,7.5,,,,,,,-253,-253,,0.2835,
2026-10-09T00:00:00Z,dabble_us_dfs,2026-10-08T09:13:01Z,Chicago White Sox,Cleveland Guardians,batter_runs_scored,Jo Adell,0.5,156,-154,39.06,60.63,39.18,60.82,0.5,0.5,42.59,64.19,39.87,60.13,-0.5,60.13,Under,0.51,0.01,58.84,No,-0.69,-0.69,Standard,https://www.freeiconspng.com/img/1934,2026-10-09T00:00:00Z,No,1.4,7.5,Guardians @ Orioles,2026-09-08T22:35:00Z,Tue 06:35pm,Oriole Park at Camden Yards,outdoor,,-151,-151,9/8/2026,0.3987,
2026-10-09T00:00:00Z,dabble_us_dfs,2026-10-08T09:13:01Z,Chicago White Sox,Cleveland Guardians,batter_runs_scored,Patrick Bailey,0.5,221,-217,31.15,68.45,31.28,68.72,0.38,0.5,34.92,71.79,32.69,67.31,-1.14,67.31,Under,0.4,-0.1,64.99,Yes,-1.41,-1.41,Standard,https://www.freeiconspng.com/img/1934,2026-10-09T00:00:00Z,No,1.4,7.5,Guardians @ Orioles,2026-09-08T22:35:00Z,Tue 06:35pm,Oriole Park at Camden Yards,outdoor,,-206,-206,9/8/2026,0.3269,
2026-10-09T00:00:00Z,dabble_us_dfs,2026-10-08T09:13:01Z,Chicago White Sox,Cleveland Guardians,batter_runs_scored,Miguel Vargas,0.5,165,-164,37.74,62.12,37.79,62.21,0.47,0.5,42.75,63.63,40.13,59.87,-2.25,59.87,Under,0.51,0.01,58.84,No,-2.34,-2.34,Standard,https://www.freeiconspng.com/img/1934,2026-10-09T00:00:00Z,No,1.4,7.5,Pirates @ White Sox,2026-09-08T23:40:00Z,Tue 07:40pm,Rate Field,outdoor,,-149,-149,9/8/2026,0.4013,
2026-10-09T00:00:00Z,dabble_us_dfs,2026-10-08T09:13:01Z,Chicago White Sox,Cleveland Guardians,batter_runs_scored,Randal Grichuk,0.5,231,-227,30.21,69.42,30.32,69.68,0.36,0.5,36.79,69.61,34.48,65.52,-3.9,65.52,Under,0.42,-0.08,63.82,Yes,-4.16,-4.16,Standard,https://www.freeiconspng.com/img/1934,2026-10-09T00:00:00Z,No,1.4,7.5,,,,,,,-190,-190,,0.3448,
2026-10-09T00:00:00Z,dabble_us_dfs,2026-10-08T09:13:01Z,Chicago White Sox,Cleveland Guardians,batter_runs_scored,Braden Montgomery,0.5,264,-256,27.47,71.91,27.64,72.36,0.32,0.5,31.88,74.68,29.86,70.14,-1.77,70.14,Under,0.35,-0.15,68.01,Yes,-2.22,-2.22,Standard,https://www.freeiconspng.com/img/1934,2026-10-09T00:00:00Z,No,1.4,7.5,Pirates @ White Sox,2026-09-08T23:40:00Z,Tue 07:40pm,Rate Field,outdoor,,-235,-235,9/8/2026,0.2986,
2026-10-09T00:00:00Z,dabble_us_dfs,2026-10-08T09:13:01Z,Chicago White Sox,Cleveland Guardians,batter_runs_scored,Steven Kwan,0.5,151,-149,39.84,59.84,39.97,60.03,0.51,0.5,44.86,61.6,42.09,57.91,-1.93,57.91,Under,0.55,0.05,56.77,No,-2.12,-2.12,Standard,https://www.freeiconspng.com/img/1934,2026-10-09T00:00:00Z,No,1.4,7.5,Guardians @ Orioles,2026-09-08T22:35:00Z,Tue 06:35pm,Oriole Park at Camden Yards,outdoor,,-138,-138,9/8/2026,0.4209,
2026-10-09T00:00:00Z,dabble_us_dfs,2026-10-08T09:13:01Z,Chicago White Sox,Cleveland Guardians,batter_runs_scored,Brenton Doyle,0.5,317,-312,23.98,75.73,24.05,75.95,0.27,0.5,29.31,77.2,27.44,72.56,-3.17,72.56,Under,0.32,-0.18,69.9,Yes,-3.39,-3.39,Standard,https://www.freeiconspng.com/img/1934,2026-10-09T00:00:00Z,No,1.4,7.5,,,,,,,-264,-264,,0.2744,
2026-10-09T00:00:00Z,dabble_us_dfs,2026-10-08T09:13:01Z,Chicago White Sox,Cleveland Guardians,batter_runs_scored,Kyle Teel,0.5,285,-278,25.97,73.54,26.1,73.9,0.3,0.5,31.96,74.39,29.96,70.04,-3.5,70.04,Under,0.36,-0.14,67.4,Yes,-3.86,-3.86,Standard,https://www.freeiconspng.com/img/1934,2026-10-09T00:00:00Z,No,1.4,7.5,Pirates @ White Sox,2026-09-08T23:40:00Z,Tue 07:40pm,Rate Field,outdoor,,-234,-234,9/8/2026,0.2996,
2026-10-09T00:00:00Z,dabble_us_dfs,2026-10-08T09:13:01Z,Chicago White Sox,Cleveland Guardians,batter_runs_scored,Brayan Rocchio,0.5,198,-196,33.56,66.22,33.63,66.37,0.41,0.5,36.25,70.39,33.98,66.02,-0.2,66.02,Under,0.42,-0.08,63.82,Yes,-0.35,-0.35,Standard,https://www.freeiconspng.com/img/1934,2026-10-09T00:00:00Z,No,1.4,7.5,Guardians @ Orioles,2026-09-08T22:35:00Z,Tue 06:35pm,Oriole Park at Camden Yards,outdoor,,-194,-194,9/8/2026,0.3398,
2026-10-09T00:00:00Z,dabble_us_dfs,2026-10-08T09:13:01Z,Chicago White Sox,Cleveland Guardians,batter_runs_scored,Munetaka Murakami,0.5,177,-175,36.1,63.64,36.2,63.8,0.45,0.5,42.25,64.46,39.52,60.48,-3.16,60.48,Under,0.5,0,59.37,No,-3.32,-3.32,Standard,https://www.freeiconspng.com/img/1934,2026-10-09T00:00:00Z,No,1.4,7.5,Pirates @ White Sox,2026-09-08T23:40:00Z,Tue 07:40pm,Rate Field,outdoor,,-153,-153,9/8/2026,0.3952,
2026-10-09T00:00:00Z,dabble_us_dfs,2026-10-08T09:13:01Z,Chicago White Sox,Cleveland Guardians,batter_runs_scored,Angel Martinez,0.5,192,-189,34.25,65.4,34.37,65.63,0.42,0.5,35.92,70.66,33.71,66.29,0.89,66.29,Under,0.41,-0.09,64.4,Yes,0.66,0.66,Standard,https://www.freeiconspng.com/img/1934,2026-10-09T00:00:00Z,No,1.4,7.5,,,,,,,-197,-197,,0.3371,
2026-10-09T00:00:00Z,dabble_us_dfs,2026-10-08T09:13:01Z,Chicago White Sox,Cleveland Guardians,batter_runs_scored,Colson Montgomery,0.5,242,-238,29.24,70.41,29.34,70.66,0.35,0.5,34.91,71.42,32.73,67.27,-3.14,67.27,Under,0.4,-0.1,64.99,Yes,-3.39,-3.39,Standard,https://www.freeiconspng.com/img/1934,,No,1.4,7.5,Pirates @ White Sox,2026-09-08T23:40:00Z,Tue 07:40pm,Rate Field,outdoor,,-206,-206,9/8/2026,0.3273,
2026-10-09T00:00:00Z,dabble_us_dfs,2026-10-08T09:13:01Z,Chicago White Sox,Cleveland Guardians,batter_runs_scored,Travis Bazzana,0.5,186,-185,34.97,64.91,35.01,64.99,0.43,0.5,36.61,69.92,34.37,65.63,0.72,65.63,Under,0.42,-0.08,63.82,Yes,0.64,0.64,Standard,https://www.freeiconspng.com/img/1934,2026-10-09T00:00:00Z,No,1.4,7.5,Guardians @ Orioles,2026-09-08T22:35:00Z,Tue 06:35pm,Oriole Park at Camden Yards,outdoor,,-191,-191,9/8/2026,0.3437,
2026-10-09T00:00:00Z,dabble_us_dfs,2026-10-08T09:13:01Z,Chicago White Sox,Cleveland Guardians,batter_runs_scored,Chase Meidroth,0.5,165,-164,37.74,62.12,37.79,62.21,0.47,0.5,41.56,65.12,38.93,61.07,-1.05,61.07,Under,0.49,-0.01,59.91,Yes,-1.14,-1.14,Standard,https://www.freeiconspng.com/img/1934,2026-10-09T00:00:00Z,No,1.4,7.5,Pirates @ White Sox,2026-09-08T23:40:00Z,Tue 07:40pm,Rate Field,outdoor,,-157,-157,9/8/2026,0.3893,
2026-10-09T00:00:00Z,dabble_us_dfs,2026-10-08T09:13:01Z,Chicago White Sox,Cleveland Guardians,batter_runs_scored,Jose Ramirez,0.5,124,-122,44.64,54.95,44.82,55.18,0.59,0.5,47.53,59.14,44.56,55.44,0.49,55.44,Under,0.59,0.09,54.78,No,0.26,0.26,Standard,https://www.freeiconspng.com/img/1934,2026-10-09T00:00:00Z,No,1.4,7.5,,,,,,,-124,-124,,0.4456,
2026-10-09T00:00:00Z,dabble_us_dfs,2026-10-08T09:13:01Z,Chicago White Sox,Cleveland Guardians,batter_runs_scored,Chase DeLauter,0.5,146,-145,40.65,59.18,40.72,59.28,0.52,0.5,43.53,62.99,40.86,59.14,-0.04,59.14,Under,0.53,0.03,57.8,No,-0.14,-0.14,Standard,https://www.freeiconspng.com/img/1934,2026-10-09T00:00:00Z,No,1.4,7.5,,,,,,,-145,-145,,0.4086,
2026-10-09T00:00:00Z,dabble_us_dfs,2026-10-08T09:13:01Z,Chicago White Sox,Cleveland Guardians,batter_singles,Angel Martinez,0.5,120,-120,45.45,54.55,45.45,54.55,0.5,0.5,46.8,59.67,43.98,56.02,1.47,56.02,Under,0.5,0,50,No,1.47,1.47,Standard,https://www.freeiconspng.com/img/1934,2026-10-09T00:00:00Z,No,1.4,7.5,,,,,,,-127,-127,,0.4398,
2026-10-09T00:00:00Z,dabble_us_dfs,2026-10-08T09:13:01Z,Chicago White Sox,Cleveland Guardians,batter_singles,Jose Ramirez,0.5,-104,105,50.98,48.78,51.1,48.9,0.5,0.5,55,54.52,50.23,49.77,-0.75,50.23,Over,0.5,0,50,No,-0.87,-0.87,Standard,https://www.freeiconspng.com/img/1934,2026-10-09T00:00:00Z,No,1.4,7.5,,,,,,,-101,-101,,0.5023,
2026-10-09T00:00:00Z,dabble_us_dfs,2026-10-08T09:13:01Z,Chicago White Sox,Cleveland Guardians,batter_singles,Chase DeLauter,0.5,-108,108,51.92,48.08,51.92,48.08,0.5,0.5,54.86,53.67,50.58,49.42,-1.34,50.58,Over,0.5,0,50,No,-1.34,-1.34,Standard,https://www.freeiconspng.com/img/1934,2026-10-09T00:00:00Z,No,1.40,7.5,,,,,,,-102,-102,,0.5058,
2026-10-09T00:00:00Z,dabble_us_dfs,2026-10-08T09:13:01Z,Chicago White Sox,Cleveland Guardians,batter_stolen_bases,Miguel Vargas,0.5,1196,-1111,7.72,91.74,7.76,92.24,0.08,0.5,10.17,95.31,9.61,90.39,-1.35,90.39,Under,0.1,-0.4,85.63,Yes,-1.85,-1.85,Standard,https://www.freeiconspng.com/img/1934,2026-10-09T00:00:00Z,No,1.40,7.5,Pirates @ White Sox,2026-09-08T23:40:00Z,Tue 07:40pm,Rate Field,outdoor,,-941,-941,9/8/2026,0.0961,
2026-10-09T00:00:00Z,dabble_us_dfs,2026-10-08T09:13:01Z,Chicago White Sox,Cleveland Guardians,batter_stolen_bases,Brenton Doyle,0.5,1254,-1250,7.39,92.59,7.39,92.61,0.08,0.5,11.41,94.42,10.73,89.27,-3.32,89.27,Under,0.11,-0.39,84.83,Yes,-3.34,-3.34,Standard,https://www.freeiconspng.com/img/1934,2026-10-09T00:00:00Z,No,1.4,7.5,,,,,,,-832,-832,,0.1073,
2026-10-09T00:00:00Z,dabble_us_dfs,2026-10-08T09:13:01Z,Chicago White Sox,Cleveland Guardians,batter_stolen_bases,Brayan Rocchio,0.5,982,-909,9.24,90.09,9.3,90.7,0.1,0.5,11.24,94.32,10.63,89.37,-0.72,89.37,Under,0.11,-0.39,84.83,Yes,-1.33,-1.33,Standard,https://www.freeiconspng.com/img/1934,2026-10-09T00:00:00Z,No,1.4,7.5,Guardians @ Orioles,2026-09-08T22:35:00Z,Tue 06:35pm,Oriole Park at Camden Yards,outdoor,,-841,-841,9/8/2026,0.1063,
2026-10-09T00:00:00Z,dabble_us_dfs,2026-10-08T09:13:01Z,Chicago White Sox,Cleveland Guardians,batter_stolen_bases,Angel Martinez,0.5,1246,-1111,7.43,91.74,7.49,92.51,0.08,0.5,9.79,95.42,9.28,90.72,-1.02,90.72,Under,0.1,-0.4,85.63,Yes,-1.79,-1.79,Standard,https://www.freeiconspng.com/img/1934,2026-10-09T00:00:00Z,No,1.4,7.5,,,,,,,-978,-978,,0.0928,
2026-10-09T00:00:00Z,dabble_us_dfs,2026-10-08T09:13:01Z,Chicago White Sox,Cleveland Guardians,batter_stolen_bases,Travis Bazzana,0.5,999,-909,9.1,90.09,9.17,90.83,0.1,0.5,12.14,92.27,11.56,88.44,-1.65,88.44,Under,0.12,-0.38,84.05,Yes,-2.39,-2.39,Standard,https://www.freeiconspng.com/img/1934,2026-10-09T00:00:00Z,No,1.4,7.5,Guardians @ Orioles,2026-09-08T22:35:00Z,Tue 06:35pm,Oriole Park at Camden Yards,outdoor,,-765,-765,9/8/2026,0.1156,
2026-10-09T00:00:00Z,dabble_us_dfs,2026-10-08T09:13:01Z,Chicago White Sox,Cleveland Guardians,batter_stolen_bases,Jose Ramirez,0.5,345,-333,22.47,76.91,22.61,77.39,0.26,0.5,23.26,83.65,21.77,78.23,1.32,78.23,Under,0.25,-0.25,74.53,Yes,0.84,0.84,Standard,https://www.freeiconspng.com/img/1934,2026-10-09T00:00:00Z,No,1.4,7.5,,,,,,,-359,-359,,0.2177,
2026-10-09T00:00:00Z,dabble_us_dfs,2026-10-08T09:13:01Z,Chicago White Sox,Cleveland Guardians,batter_stolen_bases,Chase DeLauter,0.5,1590,-1429,5.92,93.46,5.95,94.05,0.06,0.5,9.43,95.58,8.94,91.06,-2.4,91.06,Under,0.09,-0.41,86.43,Yes,-2.99,-2.99,Standard,https://www.freeiconspng.com/img/1934,2026-10-09T00:00:00Z,No,1.4,7.5,,,,,,,-1019,-1019,,0.0894,
2026-10-09T00:00:00Z,dabble_us_dfs,2026-10-08T09:13:01Z,Chicago White Sox,Cleveland Guardians,batter_stolen_bases,Steven Kwan,0.5,1527,-1429,6.15,93.46,6.17,93.83,0.06,0.5,11.77,93.82,11.07,88.93,-4.53,88.93,Under,0.12,-0.38,84.05,Yes,-4.90,-4.9,Standard,https://www.freeiconspng.com/img/1934,2026-10-09T00:00:00Z,No,1.4,7.5,Guardians @ Orioles,2026-09-08T22:35:00Z,Tue 06:35pm,Oriole Park at Camden Yards,outdoor,,-803,-803,9/8/2026,0.1107,
2026-10-09T00:00:00Z,dabble_us_dfs,2026-10-08T09:13:01Z,Chicago White Sox,Cleveland Guardians,batter_total_bases,Tommy Pham,0.5,-103,104,50.74,49.02,50.86,49.14,0.71,0.5,52.38,55.72,48.46,51.54,-2.28,51.54,Under,0.66,0.16,51.48,No,2.40,2.4,Standard,https://www.freeiconspng.com/img/1934,,No,1.4,7.5,,,,,,,-106,-106,,0.4846,
2026-10-09T00:00:00Z,dabble_us_dfs,2026-10-08T09:13:01Z,Chicago White Sox,Cleveland Guardians,batter_total_bases,Brenton Doyle,0.5,103,-102,49.26,50.5,49.38,50.62,0.68,0.5,53.88,54.21,49.84,50.16,-0.34,50.16,Under,0.69,0.19,50.14,No,-0.46,-0.46,Standard,https://www.freeiconspng.com/img/1934,2026-10-09T00:00:00Z,No,1.4,7.5,,,,,,,-101,-101,,0.4984,
2026-10-09T00:00:00Z,dabble_us_dfs,2026-10-08T09:13:01Z,Chicago White Sox,Cleveland Guardians,batter_total_bases,Kyle Teel,0.5,107,-105,48.31,51.22,48.54,51.46,0.66,0.5,53.63,54.39,49.64,50.36,-0.86,50.36,Under,0.69,0.19,50.14,No,-1.10,-1.1,Standard,https://www.freeiconspng.com/img/1934,2026-10-09T00:00:00Z,No,1.4,7.5,Pirates @ White Sox,2026-09-08T23:40:00Z,Tue 07:40pm,Rate Field,outdoor,,-101,-101,9/8/2026,0.4964,
2026-10-09T00:00:00Z,dabble_us_dfs,2026-10-08T09:13:01Z,Chicago White Sox,Cleveland Guardians,batter_total_bases,Munetaka Murakami,0.5,-108,108,51.92,48.08,51.92,48.08,0.73,0.5,55.69,52.86,51.35,48.65,-0.57,51.35,Over,0.72,0.22,51.17,Yes,-0.57,-0.57,Standard,https://www.freeiconspng.com/img/1934,2026-10-09T00:00:00Z,No,1.4,7.5,Pirates @ White Sox,2026-09-08T23:40:00Z,Tue 07:40pm,Rate Field,outdoor,,-106,-106,9/8/2026,0.5135,
2026-10-09T00:00:00Z,dabble_us_dfs,2026-10-08T09:13:01Z,Chicago White Sox,Cleveland Guardians,batter_total_bases,Jose Ramirez,1.5,147,-145,40.49,59.18,40.62,59.38,1.39,1.5,44.07,62.74,41.25,58.75,-0.43,58.75,Under,1.41,-0.09,57.78,Yes,-0.63,-0.63,Standard,https://www.freeiconspng.com/img/1934,2026-10-09T00:00:00Z,No,1.4,7.5,,,,,,,-142,-142,,1.2375,
2026-10-09T00:00:00Z,dabble_us_dfs,2026-10-08T09:13:01Z,Chicago White Sox,Cleveland Guardians,batter_total_bases,Chase DeLauter,1.5,160,-159,38.46,61.39,38.52,61.48,1.33,1.5,41,65.27,38.58,61.42,0.03,61.42,Under,1.34,-0.16,59.92,Yes,-0.06,-0.06,Standard,https://www.freeiconspng.com/img/1934,2026-10-09T00:00:00Z,No,1.4,7.5,,,,,,,-159,-159,,1.1574,
2026-10-09T00:00:00Z,dabble_us_dfs,2026-10-08T09:13:01Z,Chicago White Sox,Cleveland Guardians,pitcher_earned_runs,Parker Messick,1.5,-104,105,50.98,48.78,51.1,48.9,1.53,1.5,53.5,53.25,50.13,49.87,-0.85,50.13,Over,1.5,0,50,No,-0.97,-0.97,Standard,https://www.freeiconspng.com/img/1934,2026-10-09T00:00:00Z,No,1.4,7.5,,,,,,,-101,-101,,1.5039,
2026-10-09T00:00:00Z,dabble_us_dfs,2026-10-08T09:13:01Z,Chicago White Sox,Cleveland Guardians,pitcher_strikeouts,Parker Messick,5.5,-132,133,56.9,42.92,57,43,6.1,5.5,59.88,45.7,56.73,43.27,-0.17,56.73,Over,6.08,0.58,55.9,Yes,-0.27,-0.27,Standard,https://www.freeiconspng.com/img/1934,2026-10-09T00:00:00Z,No,1.4,7.5,,,,,,,-131,-131,,6.2403,
2026-10-09T00:00:00Z,dabble_us_dfs,2026-10-08T09:13:01Z,Chicago White Sox,Cleveland Guardians,pitcher_walks,Parker Messick,1.5,-103,104,50.74,49.02,50.86,49.14,1.71,1.5,55.17,53.15,50.94,49.06,0.2,50.94,Over,1.71,0.21,50.87,Yes,0.08,0.08,Standard,https://www.freeiconspng.com/img/1934,2026-10-09T00:00:00Z,No,1.4,7.5,,,,,,,-104,-104,,1.5282,
2026-10-09T00:00:00Z,mybookieag,2026-10-08T09:12:49Z,Chicago White Sox,Cleveland Guardians,batter_total_bases,Jo Adell,1.5,135,-189,42.55,65.4,39.42,60.58,1.36,1.5,41.8,65.76,38.86,61.14,-4.26,61.14,Under,1.34,-0.16,59.92,Yes,0.56,0.56,Standard,https://www.freeiconspng.com/img/1934,2026-10-09T00:00:00Z,No,1.4,7.5,Guardians @ Orioles,2026-09-08T22:35:00Z,Tue 06:35pm,Oriole Park at Camden Yards,outdoor,,-157,-157,9/8/2026,1.1658,
2026-10-09T00:00:00Z,mybookieag,2026-10-08T09:12:49Z,Chicago White Sox,Cleveland Guardians,batter_total_bases,Jose Ramirez,1.5,123,-171,44.84,63.1,41.54,58.46,1.42,1.5,44.07,62.74,41.25,58.75,-4.35,58.75,Under,1.41,-0.09,57.78,Yes,0.29,0.29,Standard,https://www.freeiconspng.com/img/1934,2026-10-09T00:00:00Z,No,1.4,7.5,,,,,,,-142,-142,,1.2375,
2026-10-09T00:00:00Z,mybookieag,2026-10-08T09:12:49Z,Chicago White Sox,Cleveland Guardians,batter_total_bases,Braden Montgomery,0.5,-135,-102,57.45,50.5,53.22,46.78,0.76,0.5,57.75,50.28,53.45,46.55,-4,53.45,Over,0.76,0.26,52.85,Yes,0.23,0.23,Standard,https://www.freeiconspng.com/img/1934,2026-10-09T00:00:00Z,No,1.4,7.5,Pirates @ White Sox,2026-09-08T23:40:00Z,Tue 07:40pm,Rate Field,outdoor,,-115,-115,9/8/2026,0.5345,
2026-10-09T00:00:00Z,mybookieag,2026-10-08T09:12:49Z,Chicago White Sox,Cleveland Guardians,batter_total_bases,Munetaka Murakami,1.5,164,-234,37.88,70.06,35.09,64.91,1.24,1.5,36.7,71.1,34.04,65.96,-4.1,65.96,Under,1.21,-0.29,63.99,Yes,1.05,1.05,Standard,https://www.freeiconspng.com/img/1934,2026-10-09T00:00:00Z,No,1.4,7.5,Pirates @ White Sox,2026-09-08T23:40:00Z,Tue 07:40pm,Rate Field,outdoor,,-194,-194,9/8/2026,1.0212,
2026-10-09T00:00:00Z,mybookieag,2026-10-08T09:12:49Z,Chicago White Sox,Cleveland Guardians,batter_total_bases,Travis Bazzana,0.5,-154,111,60.63,47.39,56.13,43.87,0.82,0.5,60.02,48.26,55.43,44.57,-5.2,55.43,Over,0.81,0.31,54.85,Yes,-0.70,-0.7,Standard,https://www.freeiconspng.com/img/1934,2026-10-09T00:00:00Z,No,1.4,7.5,Guardians @ Orioles,2026-09-08T22:35:00Z,Tue 06:35pm,Oriole Park at Camden Yards,outdoor,,-124,-124,9/8/2026,0.5543,
2026-10-09T00:00:00Z,mybookieag,2026-10-08T09:12:49Z,Chicago White Sox,Cleveland Guardians,batter_total_bases,Steven Kwan,1.5,144,-204,40.98,67.11,37.92,62.08,1.32,1.5,40.32,67.47,37.41,62.59,-4.52,62.59,Under,1.3,-0.2,61.16,Yes,0.51,0.51,Standard,https://www.freeiconspng.com/img/1934,2026-10-09T00:00:00Z,No,1.4,7.5,Guardians @ Orioles,2026-09-08T22:35:00Z,Tue 06:35pm,Oriole Park at Camden Yards,outdoor,,-167,-167,9/8/2026,1.1223,
2026-10-09T00:00:00Z,mybookieag,2026-10-08T09:12:49Z,Chicago White Sox,Cleveland Guardians,batter_total_bases,Tommy Pham,0.5,-109,-127,52.15,55.95,48.25,51.75,0.66,0.5,52.38,55.72,48.46,51.54,-4.41,51.54,Under,0.66,0.16,51.48,No,-0.21,-0.21,Standard,https://www.freeiconspng.com/img/1934,,No,1.4,7.5,,,,,,,-106,-106,,0.4846,
2026-10-09T00:00:00Z,mybookieag,2026-10-08T09:12:49Z,Chicago White Sox,Cleveland Guardians,batter_total_bases,Chase DeLauter,1.5,142,-199,41.32,66.56,38.3,61.7,1.33,1.5,41,65.27,38.58,61.42,-5.14,61.42,Under,1.34,-0.16,59.92,Yes,-0.28,-0.28,Standard,https://www.freeiconspng.com/img/1934,2026-10-09T00:00:00Z,No,1.4,7.5,,,,,,,-159,-159,,1.1574,
2026-10-09T00:00:00Z,mybookieag,2026-10-08T09:12:49Z,Chicago White Sox,Cleveland Guardians,batter_total_bases,Colson Montgomery,0.5,-105,-131,51.22,56.71,47.46,52.54,0.64,0.5,51.33,56.99,47.38,52.62,-4.09,52.62,Under,0.64,0.14,52.4,No,0.08,0.08,Standard,https://www.freeiconspng.com/img/1934,,No,1.4,7.5,Pirates @ White Sox,2026-09-08T23:40:00Z,Tue 07:40pm,Rate Field,outdoor,,-111,-111,9/8/2026,0.4738,
2026-10-09T00:00:00Z,mybookieag,2026-10-08T09:12:49Z,Chicago White Sox,Cleveland Guardians,batter_total_bases,Kyle Teel,0.5,-114,-121,53.27,54.75,49.31,50.69,0.68,0.5,53.63,54.39,49.64,50.36,-4.39,50.36,Under,0.69,0.19,50.14,No,-0.33,-0.33,Standard,https://www.freeiconspng.com/img/1934,2026-10-09T00:00:00Z,No,1.4,7.5,Pirates @ White Sox,2026-09-08T23:40:00Z,Tue 07:40pm,Rate Field,outdoor,,-101,-101,9/8/2026,0.4964,
2026-10-09T00:00:00Z,mybookieag,2026-10-08T09:12:49Z,Chicago White Sox,Cleveland Guardians,batter_total_bases,Miguel Vargas,1.5,135,-189,42.55,65.4,39.42,60.58,1.36,1.5,42.17,65.22,39.27,60.73,-4.67,60.73,Under,1.36,-0.14,59.3,Yes,0.15,0.15,Standard,https://www.freeiconspng.com/img/1934,2026-10-09T00:00:00Z,No,1.4,7.5,Pirates @ White Sox,2026-09-08T23:40:00Z,Tue 07:40pm,Rate Field,outdoor,,-155,-155,9/8/2026,1.1781,
2026-10-09T00:00:00Z,mybookieag,2026-10-08T09:12:49Z,Chicago White Sox,Cleveland Guardians,batter_total_bases,Brayan Rocchio,0.5,-152,109,60.32,47.85,55.76,44.24,0.82,0.5,60.2,47.95,55.67,44.33,-4.65,55.67,Over,0.81,0.31,54.85,Yes,-0.09,-0.09,Standard,https://www.freeiconspng.com/img/1934,2026-10-09T00:00:00Z,No,1.4,7.5,Guardians @ Orioles,2026-09-08T22:35:00Z,Tue 06:35pm,Oriole Park at Camden Yards,outdoor,,-126,-126,9/8/2026,0.5567,
2026-10-09T00:00:00Z,mybookieag,2026-10-08T09:12:49Z,Chicago White Sox,Cleveland Guardians,batter_total_bases,Randal Grichuk,1.5,164,-234,37.88,70.06,35.09,64.91,1.24,1.5,37.17,70.62,34.48,65.52,-4.54,65.52,Under,1.22,-0.28,63.68,Yes,0.61,0.61,Standard,https://www.freeiconspng.com/img/1934,2026-10-09T00:00:00Z,No,1.4,7.5,,,,,,,-190,-190,,1.0344,
2026-10-09T00:00:00Z,mybookieag,2026-10-08T09:12:49Z,Chicago White Sox,Cleveland Guardians,batter_total_bases,Brenton Doyle,0.5,-115,-120,53.49,54.55,49.51,50.49,0.68,0.5,53.88,54.21,49.84,50.16,-4.39,50.16,Under,0.69,0.19,50.14,No,-0.33,-0.33,Standard,https://www.freeiconspng.com/img/1934,2026-10-09T00:00:00Z,No,1.4,7.5,,,,,,,-101,-101,,0.4984,
2026-10-09T00:00:00Z,mybookieag,2026-10-08T09:12:49Z,Chicago White Sox,Cleveland Guardians,batter_total_bases,Patrick Bailey,0.5,-125,-110,55.56,52.38,51.47,48.53,0.72,0.5,56.24,51.94,51.99,48.01,-3.57,51.99,Over,0.73,0.23,51.59,Yes,0.52,0.52,Standard,https://www.freeiconspng.com/img/1934,2026-10-09T00:00:00Z,No,1.4,7.5,Guardians @ Orioles,2026-09-08T22:35:00Z,Tue 06:35pm,Oriole Park at Camden Yards,outdoor,,-108,-108,9/8/2026,0.5199,
2026-10-09T00:00:00Z,mybookieag,2026-10-08T09:12:49Z,Chicago White Sox,Cleveland Guardians,batter_total_bases,Chase Meidroth,0.5,-171,123,63.1,44.84,58.46,41.54,0.88,0.5,64.68,43.42,59.82,40.18,-3.28,59.82,Over,0.91,0.41,58.58,Yes,1.36,1.36,Standard,https://www.freeiconspng.com/img/1934,2026-10-09T00:00:00Z,No,1.4,7.5,Pirates @ White Sox,2026-09-08T23:40:00Z,Tue 07:40pm,Rate Field,outdoor,,-149,-149,9/8/2026,0.5982,
2026-10-09T00:00:00Z,mybookieag,2026-10-08T09:12:49Z,Chicago White Sox,Cleveland Guardians,batter_total_bases,Angel Martinez,0.5,-165,119,62.26,45.66,57.69,42.31,0.86,0.5,62.12,46.01,57.44,42.56,-4.82,57.44,Over,0.85,0.35,56.39,Yes,-0.25,-0.25,Standard,https://www.freeiconspng.com/img/1934,2026-10-09T00:00:00Z,No,1.4,7.5,,,,,,,-135,-135,,0.5744,
2026-10-09T00:00:00Z,mybookieag,2026-10-08T09:12:49Z,Chicago White Sox,Cleveland Guardians,batter_total_bases,Nathaniel Lowe,0.5,-165,119,62.26,45.66,57.69,42.31,0.86,0.5,62.72,45.5,57.97,42.03,-4.29,57.97,Over,0.87,0.37,57.13,Yes,0.28,0.28,Standard,https://www.freeiconspng.com/img/1934,2026-10-09T00:00:00Z,No,1.4,7.5,Guardians @ Orioles,2026-09-08T22:35:00Z,Tue 06:35pm,Oriole Park at Camden Yards,outdoor,,-138,-138,9/8/2026,0.5797,
2026-10-09T00:00:00Z,mybookieag,2026-10-08T09:12:49Z,Chicago White Sox,Cleveland Guardians,pitcher_strikeouts,Parker Messick,6.5,119,-165,45.66,62.26,42.31,57.69,6.18,6.5,45.11,61.47,42.31,57.69,-4.57,57.69,Under,6.18,-0.32,56.81,Yes,0.00,0,Standard,https://www.freeiconspng.com/img/1934,2026-10-09T00:00:00Z,No,1.4,7.5,,,,,,,-136,-136,,5.5003,
2026-10-09T00:00:00Z,mybookieag,2026-10-08T09:12:49Z,Chicago White Sox,Cleveland Guardians,pitcher_strikeouts,Hagen Smith,2.5,128,-179,43.86,64.16,40.6,59.4,2.31,2.5,42.52,65.74,39.3,60.7,-3.46,60.7,Under,2.26,-0.24,59.39,Yes,1.30,1.3,Standard,https://www.freeiconspng.com/img/1934,2026-10-09T00:00:00Z,No,1.4,7.5,,,,,,,-154,-154,,1.965,
2026-10-09T00:00:00Z,rebet,2026-10-08T09:13:38Z,Chicago White Sox,Cleveland Guardians,batter_total_bases,Jose Ramirez,1.5,120,-174,45.45,63.5,41.72,58.28,1.43,1.5,44.07,62.74,41.25,58.75,-4.75,58.75,Under,1.41,-0.09,57.78,Yes,0.47,0.47,Standard,https://www.freeiconspng.com/img/1934,2026-10-09T00:00:00Z,No,1.4,7.5,,,,,,,-142,-142,,1.2375,
2026-10-09T00:00:00Z,rebet,2026-10-08T09:13:38Z,Chicago White Sox,Cleveland Guardians,batter_total_bases,Jo Adell,1.5,132,-193,43.1,65.87,39.55,60.45,1.36,1.5,41.8,65.76,38.86,61.14,-4.73,61.14,Under,1.34,-0.16,59.92,Yes,0.69,0.69,Standard,https://www.freeiconspng.com/img/1934,2026-10-09T00:00:00Z,No,1.4,7.5,Guardians @ Orioles,2026-09-08T22:35:00Z,Tue 06:35pm,Oriole Park at Camden Yards,outdoor,,-157,-157,9/8/2026,1.1658,
2026-10-09T00:00:00Z,rebet,2026-10-08T09:13:38Z,Chicago White Sox,Cleveland Guardians,batter_total_bases,Miguel Vargas,1.5,132,-193,43.1,65.87,39.55,60.45,1.36,1.5,42.17,65.22,39.27,60.73,-5.14,60.73,Under,1.36,-0.14,59.3,Yes,0.28,0.28,Standard,https://www.freeiconspng.com/img/1934,2026-10-09T00:00:00Z,No,1.4,7.5,Pirates @ White Sox,2026-09-08T23:40:00Z,Tue 07:40pm,Rate Field,outdoor,,-155,-155,9/8/2026,1.1781,
2026-10-09T00:00:00Z,rebet,2026-10-08T09:13:38Z,Chicago White Sox,Cleveland Guardians,batter_total_bases,Chase DeLauter,1.5,138,-204,42.02,67.11,38.5,61.5,1.33,1.5,41,65.27,38.58,61.42,-5.69,61.42,Under,1.34,-0.16,59.92,Yes,-0.08,-0.08,Standard,https://www.freeiconspng.com/img/1934,2026-10-09T00:00:00Z,No,1.4,7.5,,,,,,,-159,-159,,1.1574,
2026-10-09T00:00:00Z,rebet,2026-10-08T09:13:38Z,Chicago White Sox,Cleveland Guardians,batter_total_bases,Steven Kwan,1.5,141,-208,41.49,67.53,38.06,61.94,1.32,1.5,40.32,67.47,37.41,62.59,-4.94,62.59,Under,1.3,-0.2,61.16,Yes,0.65,0.65,Standard,https://www.freeiconspng.com/img/1934,2026-10-09T00:00:00Z,No,1.4,7.5,Guardians @ Orioles,2026-09-08T22:35:00Z,Tue 06:35pm,Oriole Park at Camden Yards,outdoor,,-167,-167,9/8/2026,1.1223,
2026-10-09T00:00:00Z,rebet,2026-10-08T09:13:38Z,Chicago White Sox,Cleveland Guardians,batter_total_bases,Munetaka Murakami,1.5,160,-240,38.46,70.59,35.27,64.73,1.24,1.5,36.7,71.1,34.04,65.96,-4.63,65.96,Under,1.21,-0.29,63.99,Yes,1.23,1.23,Standard,https://www.freeiconspng.com/img/1934,2026-10-09T00:00:00Z,No,1.4,7.5,Pirates @ White Sox,2026-09-08T23:40:00Z,Tue 07:40pm,Rate Field,outdoor,,-194,-194,9/8/2026,1.0212,
2026-10-09T00:00:00Z,rebet,2026-10-08T09:13:38Z,Chicago White Sox,Cleveland Guardians,batter_total_bases,Randal Grichuk,1.5,160,-240,38.46,70.59,35.27,64.73,1.24,1.5,37.17,70.62,34.48,65.52,-5.07,65.52,Under,1.22,-0.28,63.68,Yes,0.79,0.79,Standard,https://www.freeiconspng.com/img/1934,2026-10-09T00:00:00Z,No,1.4,7.5,,,,,,,-190,-190,,1.0344,
2026-10-09T00:00:00Z,rebet,2026-10-08T09:13:38Z,Chicago White Sox,Cleveland Guardians,batter_total_bases,Chase Meidroth,0.5,-174,120,63.5,45.45,58.28,41.72,0.87,0.5,64.68,43.42,59.82,40.18,-3.68,59.82,Over,0.91,0.41,58.58,Yes,1.54,1.54,Standard,https://www.freeiconspng.com/img/1934,2026-10-09T00:00:00Z,No,1.4,7.5,Pirates @ White Sox,2026-09-08T23:40:00Z,Tue 07:40pm,Rate Field,outdoor,,-149,-149,9/8/2026,0.5982,
2026-10-09T00:00:00Z,rebet,2026-10-08T09:13:38Z,Chicago White Sox,Cleveland Guardians,batter_total_bases,Angel Martinez,0.5,-168,116,62.69,46.3,57.52,42.48,0.86,0.5,62.12,46.01,57.44,42.56,-5.25,57.44,Over,0.85,0.35,56.39,Yes,-0.08,-0.08,Standard,https://www.freeiconspng.com/img/1934,2026-10-09T00:00:00Z,No,1.4,7.5,,,,,,,-135,-135,,0.5744,
2026-10-09T00:00:00Z,rebet,2026-10-08T09:13:38Z,Chicago White Sox,Cleveland Guardians,batter_total_bases,Nathaniel Lowe,0.5,-168,116,62.69,46.3,57.52,42.48,0.86,0.5,62.72,45.5,57.97,42.03,-4.72,57.97,Over,0.87,0.37,57.13,Yes,0.45,0.45,Standard,https://www.freeiconspng.com/img/1934,2026-10-09T00:00:00Z,No,1.4,7.5,Guardians @ Orioles,2026-09-08T22:35:00Z,Tue 06:35pm,Oriole Park at Camden Yards,outdoor,,-138,-138,9/8/2026,0.5797,
2026-10-09T00:00:00Z,rebet,2026-10-08T09:13:38Z,Chicago White Sox,Cleveland Guardians,batter_total_bases,Travis Bazzana,0.5,-157,109,61.09,47.85,56.08,43.92,0.82,0.5,60.02,48.26,55.43,44.57,-5.66,55.43,Over,0.81,0.31,54.85,Yes,-0.65,-0.65,Standard,https://www.freeiconspng.com/img/1934,2026-10-09T00:00:00Z,No,1.4,7.5,Guardians @ Orioles,2026-09-08T22:35:00Z,Tue 06:35pm,Oriole Park at Camden Yards,outdoor,,-124,-124,9/8/2026,0.5543,
2026-10-09T00:00:00Z,rebet,2026-10-08T09:13:38Z,Chicago White Sox,Cleveland Guardians,batter_total_bases,Brayan Rocchio,0.5,-155,107,60.78,48.31,55.72,44.28,0.81,0.5,60.2,47.95,55.67,44.33,-5.11,55.67,Over,0.81,0.31,54.85,Yes,-0.05,-0.05,Standard,https://www.freeiconspng.com/img/1934,2026-10-09T00:00:00Z,No,1.4,7.5,Guardians @ Orioles,2026-09-08T22:35:00Z,Tue 06:35pm,Oriole Park at Camden Yards,outdoor,,-126,-126,9/8/2026,0.5567,
2026-10-09T00:00:00Z,rebet,2026-10-08T09:13:38Z,Chicago White Sox,Cleveland Guardians,batter_total_bases,Braden Montgomery,0.5,-138,-104,57.98,50.98,53.21,46.79,0.76,0.5,57.75,50.28,53.45,46.55,-4.53,53.45,Over,0.76,0.26,52.85,Yes,0.24,0.24,Standard,https://www.freeiconspng.com/img/1934,2026-10-09T00:00:00Z,No,1.4,7.5,Pirates @ White Sox,2026-09-08T23:40:00Z,Tue 07:40pm,Rate Field,outdoor,,-115,-115,9/8/2026,0.5345,
2026-10-09T00:00:00Z,rebet,2026-10-08T09:13:38Z,Chicago White Sox,Cleveland Guardians,batter_total_bases,Patrick Bailey,0.5,-128,-112,56.14,52.83,51.52,48.48,0.72,0.5,56.24,51.94,51.99,48.01,-4.15,51.99,Over,0.73,0.23,51.59,Yes,0.47,0.47,Standard,https://www.freeiconspng.com/img/1934,2026-10-09T00:00:00Z,No,1.4,7.5,Guardians @ Orioles,2026-09-08T22:35:00Z,Tue 06:35pm,Oriole Park at Camden Yards,outdoor,,-108,-108,9/8/2026,0.5199,
2026-10-09T00:00:00Z,rebet,2026-10-08T09:13:38Z,Chicago White Sox,Cleveland Guardians,batter_total_bases,Brenton Doyle,0.5,-117,-122,53.92,54.95,49.52,50.48,0.68,0.5,53.88,54.21,49.84,50.16,-4.79,50.16,Under,0.69,0.19,50.14,No,-0.32,-0.32,Standard,https://www.freeiconspng.com/img/1934,2026-10-09T00:00:00Z,No,1.4,7.5,,,,,,,-101,-101,,0.4984,
2026-10-09T00:00:00Z,rebet,2026-10-08T09:13:38Z,Chicago White Sox,Cleveland Guardians,batter_total_bases,Kyle Teel,0.5,-116,-124,53.7,55.36,49.24,50.76,0.68,0.5,53.63,54.39,49.64,50.36,-5,50.36,Under,0.69,0.19,50.14,No,-0.40,-0.4,Standard,https://www.freeiconspng.com/img/1934,2026-10-09T00:00:00Z,No,1.4,7.5,Pirates @ White Sox,2026-09-08T23:40:00Z,Tue 07:40pm,Rate Field,outdoor,,-101,-101,9/8/2026,0.4964,
2026-10-09T00:00:00Z,rebet,2026-10-08T09:13:38Z,Chicago White Sox,Cleveland Guardians,batter_total_bases,Tommy Pham,0.5,-111,-129,52.61,56.33,48.29,51.71,0.66,0.5,52.38,55.72,48.46,51.54,-4.79,51.54,Under,0.66,0.16,51.48,No,-0.17,-0.17,Standard,https://www.freeiconspng.com/img/1934,,No,1.4,7.5,,,,,,,-106,-106,,0.4846,
2026-10-09T00:00:00Z,rebet,2026-10-08T09:13:38Z,Chicago White Sox,Cleveland Guardians,batter_total_bases,Colson Montgomery,0.5,-107,-134,51.69,57.26,47.44,52.56,0.64,0.5,51.33,56.99,47.38,52.62,-4.64,52.62,Under,0.64,0.14,52.4,No,0.06,0.06,Standard,https://www.freeiconspng.com/img/1934,,No,1.4,7.5,Pirates @ White Sox,2026-09-08T23:40:00Z,Tue 07:40pm,Rate Field,outdoor,,-111,-111,9/8/2026,0.4738,
2026-10-09T00:00:00Z,rebet,2026-10-08T09:13:38Z,Chicago White Sox,Cleveland Guardians,pitcher_strikeouts,Parker Messick,6.5,119,-165,45.66,62.26,42.31,57.69,6.18,6.5,45.11,61.47,42.31,57.69,-4.57,57.69,Under,6.18,-0.32,56.81,Yes,0.00,0,Standard,https://www.freeiconspng.com/img/1934,2026-10-09T00:00:00Z,No,1.4,7.5,,,,,,,-136,-136,,5.5003,
2026-10-09T00:00:00Z,rebet,2026-10-08T09:13:38Z,Chicago White Sox,Cleveland Guardians,pitcher_strikeouts,Hagen Smith,2.5,128,-179,43.86,64.16,40.6,59.4,2.31,2.5,42.52,65.74,39.3,60.7,-3.46,60.7,Under,2.26,-0.24,59.39,Yes,1.30,1.3,Standard,https://www.freeiconspng.com/img/1934,2026-10-09T00:00:00Z,No,1.4,7.5,,,,,,,-154,-154,,1.965,
2026-10-09T00:00:00Z,espnbet,2026-10-08T09:13:23Z,Chicago White Sox,Cleveland Guardians,batter_hits,Tommy Pham,0.5,110,-140,47.62,58.33,44.94,55.06,0.6,0.5,50.25,56.47,47.12,52.88,-5.45,52.88,Under,0.64,0.14,52.4,No,-2.18,-2.18,Standard,https://www.freeiconspng.com/img/1934,,No,1.4,7.5,,,,,,,-112,-112,,0.4712,
2026-10-09T00:00:00Z,espnbet,2026-10-08T09:13:23Z,Chicago White Sox,Cleveland Guardians,batter_hits,Chase DeLauter,0.5,-200,160,66.67,38.46,63.41,36.59,1.01,0.5,68.53,38.03,64.33,35.67,-2.34,64.33,Over,1.03,0.53,62.58,Yes,0.92,0.92,Standard,https://www.freeiconspng.com/img/1934,2026-10-09T00:00:00Z,No,1.4,7.5,,,,,,,-180,-180,,0.6433,
2026-10-09T00:00:00Z,espnbet,2026-10-08T09:13:23Z,Chicago White Sox,Cleveland Guardians,batter_hits,Chase Meidroth,0.5,-180,140,64.29,41.67,60.67,39.33,0.93,0.5,66.43,40.49,62.15,37.85,-2.14,62.15,Over,0.97,0.47,60.64,Yes,1.48,1.48,Standard,https://www.freeiconspng.com/img/1934,2026-10-09T00:00:00Z,No,1.4,7.5,Pirates @ White Sox,2026-09-08T23:40:00Z,Tue 07:40pm,Rate Field,outdoor,,-164,-164,9/8/2026,0.6215,
2026-10-09T00:00:00Z,espnbet,2026-10-08T09:13:23Z,Chicago White Sox,Cleveland Guardians,batter_hits,Nathaniel Lowe,0.5,-165,130,62.26,43.48,58.88,41.12,0.89,0.5,61.05,45.68,57.2,42.8,-5.06,57.2,Over,0.85,0.35,56.39,Yes,-1.68,-1.68,Standard,https://www.freeiconspng.com/img/1934,2026-10-09T00:00:00Z,No,1.4,7.5,Guardians @ Orioles,2026-09-08T22:35:00Z,Tue 06:35pm,Oriole Park at Camden Yards,outdoor,,-134,-134,9/8/2026,0.572,
2026-10-09T00:00:00Z,espnbet,2026-10-08T09:13:23Z,Chicago White Sox,Cleveland Guardians,batter_hits,Colson Montgomery,0.5,100,-130,50,56.52,46.94,53.06,0.63,0.5,52.66,55.13,48.81,51.19,-5.33,51.19,Under,0.67,0.17,51.03,No,-1.87,-1.87,Standard,https://www.freeiconspng.com/img/1934,,No,1.4,7.5,Pirates @ White Sox,2026-09-08T23:40:00Z,Tue 07:40pm,Rate Field,outdoor,,-105,-105,9/8/2026,0.4881,
2026-10-09T00:00:00Z,espnbet,2026-10-08T09:13:23Z,Chicago White Sox,Cleveland Guardians,batter_hits,Brayan Rocchio,0.5,-140,110,58.33,47.62,55.06,44.94,0.8,0.5,59.63,46.98,55.94,44.06,-2.39,55.94,Over,0.82,0.32,55.24,Yes,0.88,0.88,Standard,https://www.freeiconspng.com/img/1934,2026-10-09T00:00:00Z,No,1.4,7.5,Guardians @ Orioles,2026-09-08T22:35:00Z,Tue 06:35pm,Oriole Park at Camden Yards,outdoor,,-127,-127,9/8/2026,0.5594,
2026-10-09T00:00:00Z,espnbet,2026-10-08T09:13:23Z,Chicago White Sox,Cleveland Guardians,batter_hits,Steven Kwan,0.5,-220,170,68.75,37.04,64.99,35.01,1.05,0.5,69.88,36.8,65.52,34.48,-3.23,65.52,Over,1.06,0.56,63.51,Yes,0.53,0.53,Standard,https://www.freeiconspng.com/img/1934,2026-10-09T00:00:00Z,No,1.4,7.5,Guardians @ Orioles,2026-09-08T22:35:00Z,Tue 06:35pm,Oriole Park at Camden Yards,outdoor,,-190,-190,9/8/2026,0.6552,
2026-10-09T00:00:00Z,espnbet,2026-10-08T09:13:23Z,Chicago White Sox,Cleveland Guardians,batter_hits,Jose Ramirez,0.5,-200,160,66.67,38.46,63.41,36.59,1.01,0.5,69.01,37.25,64.96,35.04,-1.71,64.96,Over,1.05,0.55,63.21,Yes,1.55,1.55,Standard,https://www.freeiconspng.com/img/1934,2026-10-09T00:00:00Z,No,1.4,7.5,,,,,,,-185,-185,,0.6496,
2026-10-09T00:00:00Z,espnbet,2026-10-08T09:13:23Z,Chicago White Sox,Cleveland Guardians,batter_hits,Miguel Vargas,0.5,-165,130,62.26,43.48,58.88,41.12,0.89,0.5,63.75,42.78,59.83,40.17,-2.43,59.83,Over,0.91,0.41,58.58,Yes,0.95,0.95,Standard,https://www.freeiconspng.com/img/1934,2026-10-09T00:00:00Z,No,1.4,7.5,Pirates @ White Sox,2026-09-08T23:40:00Z,Tue 07:40pm,Rate Field,outdoor,,-149,-149,9/8/2026,0.5983,
2026-10-09T00:00:00Z,espnbet,2026-10-08T09:13:23Z,Chicago White Sox,Cleveland Guardians,batter_hits,Jo Adell,0.5,-165,130,62.26,43.48,58.88,41.12,0.89,0.5,64.55,42.21,60.45,39.55,-1.81,60.45,Over,0.93,0.43,59.28,Yes,1.57,1.57,Standard,https://www.freeiconspng.com/img/1934,2026-10-09T00:00:00Z,No,1.4,7.5,Guardians @ Orioles,2026-09-08T22:35:00Z,Tue 06:35pm,Oriole Park at Camden Yards,outdoor,,-153,-153,9/8/2026,0.6045,
2026-10-09T00:00:00Z,espnbet,2026-10-08T09:13:23Z,Chicago White Sox,Cleveland Guardians,batter_hits,Munetaka Murakami,0.5,-130,100,56.52,50,53.06,46.94,0.76,0.5,56.45,49.64,53.19,46.81,-3.33,53.19,Over,0.76,0.26,52.85,Yes,0.13,0.13,Standard,https://www.freeiconspng.com/img/1934,2026-10-09T00:00:00Z,No,1.4,7.5,Pirates @ White Sox,2026-09-08T23:40:00Z,Tue 07:40pm,Rate Field,outdoor,,-114,-114,9/8/2026,0.5319,
2026-10-09T00:00:00Z,espnbet,2026-10-08T09:13:23Z,Chicago White Sox,Cleveland Guardians,batter_hits,Travis Bazzana,0.5,-130,100,56.52,50,53.06,46.94,0.76,0.5,58.5,48.54,54.67,45.33,-1.85,54.67,Over,0.79,0.29,54.06,Yes,1.61,1.61,Standard,https://www.freeiconspng.com/img/1934,2026-10-09T00:00:00Z,No,1.4,7.5,Guardians @ Orioles,2026-09-08T22:35:00Z,Tue 06:35pm,Oriole Park at Camden Yards,outdoor,,-121,-121,9/8/2026,0.5467,
2026-10-09T00:00:00Z,espnbet,2026-10-08T09:13:23Z,Chicago White Sox,Cleveland Guardians,batter_hits,Randal Grichuk,0.5,-165,130,62.26,43.48,58.88,41.12,0.89,0.5,59.7,46.63,56.15,43.85,-6.11,56.15,Over,0.82,0.32,55.24,Yes,-2.73,-2.73,Standard,https://www.freeiconspng.com/img/1934,2026-10-09T00:00:00Z,No,1.4,7.5,,,,,,,-128,-128,,0.5615,
2026-10-09T00:00:00Z,espnbet,2026-10-08T09:13:23Z,Chicago White Sox,Cleveland Guardians,batter_hits,Brenton Doyle,0.5,-120,-110,54.55,52.38,51.01,48.99,0.71,0.5,51.77,55.96,48.02,51.98,-6.53,51.98,Under,0.65,0.15,51.94,No,2.99,2.99,Standard,https://www.freeiconspng.com/img/1934,2026-10-09T00:00:00Z,No,1.4,7.5,,,,,,,-108,-108,,0.4802,
2026-10-09T00:00:00Z,espnbet,2026-10-08T09:13:23Z,Chicago White Sox,Cleveland Guardians,batter_hits,Braden Montgomery,0.5,-130,100,56.52,50,53.06,46.94,0.76,0.5,57.45,49.3,53.82,46.18,-2.7,53.82,Over,0.77,0.27,53.25,Yes,0.76,0.76,Standard,https://www.freeiconspng.com/img/1934,2026-10-09T00:00:00Z,No,1.4,7.5,Pirates @ White Sox,2026-09-08T23:40:00Z,Tue 07:40pm,Rate Field,outdoor,,-117,-117,9/8/2026,0.5382,
2026-10-09T00:00:00Z,espnbet,2026-10-08T09:13:23Z,Chicago White Sox,Cleveland Guardians,batter_hits,Kyle Teel,0.5,-120,-110,54.55,52.38,51.01,48.99,0.71,0.5,54.77,53.78,50.45,49.55,-4.1,50.45,Over,0.7,0.2,50.3,Yes,-0.56,-0.56,Standard,https://www.freeiconspng.com/img/1934,2026-10-09T00:00:00Z,No,1.4,7.5,Pirates @ White Sox,2026-09-08T23:40:00Z,Tue 07:40pm,Rate Field,outdoor,,-102,-102,9/8/2026,0.5045,
2026-10-09T00:00:00Z,espnbet,2026-10-08T09:13:23Z,Chicago White Sox,Cleveland Guardians,batter_hits,Angel Martinez,0.5,-160,125,61.54,44.44,58.06,41.94,0.87,0.5,61.01,45.81,57.15,42.85,-4.39,57.15,Over,0.85,0.35,56.39,Yes,-0.91,-0.91,Standard,https://www.freeiconspng.com/img/1934,2026-10-09T00:00:00Z,No,1.4,7.5,,,,,,,-133,-133,,0.5715,
2026-10-09T00:00:00Z,espnbet,2026-10-08T09:13:23Z,Chicago White Sox,Cleveland Guardians,batter_hits,Patrick Bailey,0.5,-130,100,56.52,50,53.06,46.94,0.76,0.5,56.59,50.14,53.02,46.98,-3.5,53.02,Over,0.76,0.26,52.85,Yes,-0.04,-0.04,Standard,https://www.freeiconspng.com/img/1934,2026-10-09T00:00:00Z,No,1.4,7.5,Guardians @ Orioles,2026-09-08T22:35:00Z,Tue 06:35pm,Oriole Park at Camden Yards,outdoor,,-113,-113,9/8/2026,0.5302,
2026-10-09T00:00:00Z,espnbet,2026-10-08T09:13:23Z,Chicago White Sox,Cleveland Guardians,batter_home_runs,Chase Meidroth,0.5,700,-2500,12.5,96.15,11.5,88.5,0.12,0.5,8.59,96.63,8.14,91.86,-4.29,91.86,Under,0.08,-0.42,87.23,Yes,3.36,3.36,Standard,https://www.freeiconspng.com/img/1934,2026-10-09T00:00:00Z,No,1.4,7.5,Pirates @ White Sox,2026-09-08T23:40:00Z,Tue 07:40pm,Rate Field,outdoor,,-1129,-1129,9/8/2026,0.0814,
2026-10-09T00:00:00Z,espnbet,2026-10-08T09:13:23Z,Chicago White Sox,Cleveland Guardians,batter_home_runs,Chase DeLauter,0.5,550,-1400,15.38,93.33,14.15,85.85,0.15,0.5,13.36,93.16,12.53,87.47,-5.86,87.47,Under,0.13,-0.37,83.27,Yes,1.62,1.62,Standard,https://www.freeiconspng.com/img/1934,2026-10-09T00:00:00Z,No,1.4,7.5,,,,,,,-698,-698,,0.1253,
2026-10-09T00:00:00Z,espnbet,2026-10-08T09:13:23Z,Chicago White Sox,Cleveland Guardians,batter_home_runs,Munetaka Murakami,0.5,360,-700,21.74,87.5,19.9,80.1,0.22,0.5,19.91,85.95,18.81,81.19,-6.31,81.19,Under,0.21,-0.29,77.33,Yes,1.09,1.09,Standard,https://www.freeiconspng.com/img/1934,2026-10-09T00:00:00Z,No,1.4,7.5,Pirates @ White Sox,2026-09-08T23:40:00Z,Tue 07:40pm,Rate Field,outdoor,,-432,-432,9/8/2026,0.1881,
2026-10-09T00:00:00Z,espnbet,2026-10-08T09:13:23Z,Chicago White Sox,Cleveland Guardians,batter_home_runs,Braden Montgomery,0.5,700,-2500,12.5,96.15,11.5,88.5,0.12,0.5,9.3,95.4,8.85,91.15,-5,91.15,Under,0.09,-0.41,86.43,Yes,2.65,2.65,Standard,https://www.freeiconspng.com/img/1934,2026-10-09T00:00:00Z,No,1.4,7.5,Pirates @ White Sox,2026-09-08T23:40:00Z,Tue 07:40pm,Rate Field,outdoor,,-1030,-1030,9/8/2026,0.0885,
2026-10-09T00:00:00Z,espnbet,2026-10-08T09:13:23Z,Chicago White Sox,Cleveland Guardians,batter_home_runs,Kyle Teel,0.5,650,-2000,13.33,95.24,12.28,87.72,0.13,0.5,10.85,94.65,10.25,89.75,-5.49,89.75,Under,0.11,-0.39,84.83,Yes,2.03,2.03,Standard,https://www.freeiconspng.com/img/1934,2026-10-09T00:00:00Z,No,1.4,7.5,Pirates @ White Sox,2026-09-08T23:40:00Z,Tue 07:40pm,Rate Field,outdoor,,-876,-876,9/8/2026,0.1025,
2026-10-09T00:00:00Z,espnbet,2026-10-08T09:13:23Z,Chicago White Sox,Cleveland Guardians,batter_home_runs,Colson Montgomery,0.5,400,-800,20,88.89,18.37,81.63,0.2,0.5,16.45,88.61,15.6,84.4,-4.49,84.4,Under,0.17,-0.33,80.24,Yes,2.77,2.77,Standard,https://www.freeiconspng.com/img/1934,,No,1.4,7.5,Pirates @ White Sox,2026-09-08T23:40:00Z,Tue 07:40pm,Rate Field,outdoor,,-541,-541,9/8/2026,0.156,
2026-10-09T00:00:00Z,espnbet,2026-10-08T09:13:23Z,Chicago White Sox,Cleveland Guardians,batter_home_runs,Brayan Rocchio,0.5,700,-2500,12.5,96.15,11.5,88.5,0.12,0.5,9.39,96.37,8.84,91.16,-4.99,91.16,Under,0.09,-0.41,86.43,Yes,2.66,2.66,Standard,https://www.freeiconspng.com/img/1934,2026-10-09T00:00:00Z,No,1.4,7.5,Guardians @ Orioles,2026-09-08T22:35:00Z,Tue 06:35pm,Oriole Park at Camden Yards,outdoor,,-1031,-1031,9/8/2026,0.0884,
2026-10-09T00:00:00Z,espnbet,2026-10-08T09:13:23Z,Chicago White Sox,Cleveland Guardians,batter_home_runs,Angel Martinez,0.5,600,-1600,14.29,94.12,13.18,86.82,0.14,0.5,11.28,94.27,10.66,89.34,-4.78,89.34,Under,0.11,-0.39,84.83,Yes,2.52,2.52,Standard,https://www.freeiconspng.com/img/1934,2026-10-09T00:00:00Z,No,1.4,7.5,,,,,,,-838,-838,,0.1066,
2026-10-09T00:00:00Z,espnbet,2026-10-08T09:13:23Z,Chicago White Sox,Cleveland Guardians,batter_home_runs,Patrick Bailey,0.5,600,-1600,14.29,94.12,13.18,86.82,0.14,0.5,11.88,93.88,11.2,88.8,-5.32,88.8,Under,0.12,-0.38,84.05,Yes,1.98,1.98,Standard,https://www.freeiconspng.com/img/1934,2026-10-09T00:00:00Z,No,1.4,7.5,Guardians @ Orioles,2026-09-08T22:35:00Z,Tue 06:35pm,Oriole Park at Camden Yards,outdoor,,-793,-793,9/8/2026,0.112,
2026-10-09T00:00:00Z,espnbet,2026-10-08T09:13:23Z,Chicago White Sox,Cleveland Guardians,batter_home_runs,Miguel Vargas,0.5,380,-750,20.83,88.24,19.1,80.9,0.21,0.5,17.38,88.64,16.35,83.65,-4.59,83.65,Under,0.18,-0.32,79.5,Yes,2.75,2.75,Standard,https://www.freeiconspng.com/img/1934,2026-10-09T00:00:00Z,No,1.4,7.5,Pirates @ White Sox,2026-09-08T23:40:00Z,Tue 07:40pm,Rate Field,outdoor,,-512,-512,9/8/2026,0.1635,
2026-10-09T00:00:00Z,espnbet,2026-10-08T09:13:23Z,Chicago White Sox,Cleveland Guardians,batter_home_runs,Randal Grichuk,0.5,450,-1000,18.18,90.91,16.67,83.33,0.18,0.5,15.15,90.51,14.32,85.68,-5.23,85.68,Under,0.15,-0.35,81.74,Yes,2.35,2.35,Standard,https://www.freeiconspng.com/img/1934,2026-10-09T00:00:00Z,No,1.4,7.5,,,,,,,-598,-598,,0.1432,
2026-10-09T00:00:00Z,espnbet,2026-10-08T09:13:23Z,Chicago White Sox,Cleveland Guardians,batter_home_runs,Nathaniel Lowe,0.5,550,-1400,15.38,93.33,14.15,85.85,0.15,0.5,12.53,93.79,11.75,88.25,-5.08,88.25,Under,0.13,-0.37,83.27,Yes,2.40,2.4,Standard,https://www.freeiconspng.com/img/1934,2026-10-09T00:00:00Z,No,1.4,7.5,Guardians @ Orioles,2026-09-08T22:35:00Z,Tue 06:35pm,Oriole Park at Camden Yards,outdoor,,-751,-751,9/8/2026,0.1175,
2026-10-09T00:00:00Z,espnbet,2026-10-08T09:13:23Z,Chicago White Sox,Cleveland Guardians,batter_home_runs,Jo Adell,0.5,400,-800,20,88.89,18.37,81.63,0.2,0.5,16.61,89.09,15.68,84.32,-4.57,84.32,Under,0.17,-0.33,80.24,Yes,2.69,2.69,Standard,https://www.freeiconspng.com/img/1934,2026-10-09T00:00:00Z,No,1.4,7.5,Guardians @ Orioles,2026-09-08T22:35:00Z,Tue 06:35pm,Oriole Park at Camden Yards,outdoor,,-538,-538,9/8/2026,0.1568,
2026-10-09T00:00:00Z,espnbet,2026-10-08T09:13:23Z,Chicago White Sox,Cleveland Guardians,batter_home_runs,Brenton Doyle,0.5,500,-1200,16.67,92.31,15.29,84.71,0.17,0.5,12.23,94,11.46,88.54,-3.77,88.54,Under,0.12,-0.38,84.05,Yes,3.83,3.83,Standard,https://www.freeiconspng.com/img/1934,2026-10-09T00:00:00Z,No,1.4,7.5,,,,,,,-773,-773,,0.1146,
2026-10-09T00:00:00Z,espnbet,2026-10-08T09:13:23Z,Chicago White Sox,Cleveland Guardians,batter_home_runs,Travis Bazzana,0.5,650,-2500,13.33,96.15,12.18,87.82,0.13,0.5,10.35,95.25,9.78,90.22,-5.93,90.22,Under,0.1,-0.4,85.63,Yes,2.40,2.4,Standard,https://www.freeiconspng.com/img/1934,2026-10-09T00:00:00Z,No,1.4,7.5,Guardians @ Orioles,2026-09-08T22:35:00Z,Tue 06:35pm,Oriole Park at Camden Yards,outdoor,,-922,-922,9/8/2026,0.0978,
2026-10-09T00:00:00Z,espnbet,2026-10-08T09:13:23Z,Chicago White Sox,Cleveland Guardians,batter_home_runs,Tommy Pham,0.5,600,-1600,14.29,94.12,13.18,86.82,0.14,0.5,10.62,94.72,10.05,89.95,-4.17,89.95,Under,0.11,-0.39,84.83,Yes,3.13,3.13,Standard,https://www.freeiconspng.com/img/1934,,No,1.4,7.5,,,,,,,-895,-895,,0.1005,
2026-10-09T00:00:00Z,espnbet,2026-10-08T09:13:23Z,Chicago White Sox,Cleveland Guardians,batter_home_runs,Steven Kwan,0.5,1100,-5000,8.33,98.04,7.83,92.17,0.08,0.5,6.41,96.97,6.17,93.83,-4.21,93.83,Under,0.06,-0.44,88.88,Yes,1.66,1.66,Standard,https://www.freeiconspng.com/img/1934,2026-10-09T00:00:00Z,No,1.4,7.5,Guardians @ Orioles,2026-09-08T22:35:00Z,Tue 06:35pm,Oriole Park at Camden Yards,outdoor,,-1521,-1521,9/8/2026,0.0617,
2026-10-09T00:00:00Z,espnbet,2026-10-08T09:13:23Z,Chicago White Sox,Cleveland Guardians,batter_home_runs,Jose Ramirez,0.5,450,-1000,18.18,90.91,16.67,83.33,0.18,0.5,15.39,90.29,14.53,85.47,-5.44,85.47,Under,0.16,-0.34,80.99,Yes,2.14,2.14,Standard,https://www.freeiconspng.com/img/1934,2026-10-09T00:00:00Z,No,1.4,7.5,,,,,,,-588,-588,,0.1453,
2026-10-09T00:00:00Z,espnbet,2026-10-08T09:13:23Z,Chicago White Sox,Cleveland Guardians,batter_rbis,Colson Montgomery,0.5,260,-375,27.78,78.95,26.03,73.97,0.3,0.5,27.99,79.25,26.06,73.94,-5.01,73.94,Under,0.3,-0.2,71.19,Yes,-0.03,-0.03,Standard,https://www.freeiconspng.com/img/1934,,No,1.4,7.5,Pirates @ White Sox,2026-09-08T23:40:00Z,Tue 07:40pm,Rate Field,outdoor,,-284,-284,9/8/2026,0.2606,
2026-10-09T00:00:00Z,espnbet,2026-10-08T09:13:23Z,Chicago White Sox,Cleveland Guardians,batter_rbis,Miguel Vargas,0.5,200,-260,33.33,72.22,31.58,68.42,0.38,0.5,34.06,72.93,31.79,68.21,-4.01,68.21,Under,0.38,-0.12,66.18,Yes,-0.21,-0.21,Standard,https://www.freeiconspng.com/img/1934,2026-10-09T00:00:00Z,No,1.4,7.5,Pirates @ White Sox,2026-09-08T23:40:00Z,Tue 07:40pm,Rate Field,outdoor,,-215,-215,9/8/2026,0.3179,
2026-10-09T00:00:00Z,espnbet,2026-10-08T09:13:23Z,Chicago White Sox,Cleveland Guardians,batter_rbis,Angel Martinez,0.5,240,-350,29.41,77.78,27.44,72.56,0.32,0.5,29.86,77.28,27.86,72.14,-5.64,72.14,Under,0.33,-0.17,69.27,Yes,-0.42,-0.42,Standard,https://www.freeiconspng.com/img/1934,2026-10-09T00:00:00Z,No,1.4,7.5,,,,,,,-259,-259,,0.2786,
2026-10-09T00:00:00Z,espnbet,2026-10-08T09:13:23Z,Chicago White Sox,Cleveland Guardians,batter_rbis,Jo Adell,0.5,170,-220,37.04,68.75,35.01,64.99,0.43,0.5,38.88,68.28,36.27,63.73,-5.02,63.73,Under,0.45,-0.05,62.11,Yes,-1.26,-1.26,Standard,https://www.freeiconspng.com/img/1934,2026-10-09T00:00:00Z,No,1.4,7.5,Guardians @ Orioles,2026-09-08T22:35:00Z,Tue 06:35pm,Oriole Park at Camden Yards,outdoor,,-176,-176,9/8/2026,0.3627,
2026-10-09T00:00:00Z,espnbet,2026-10-08T09:13:23Z,Chicago White Sox,Cleveland Guardians,batter_rbis,Kyle Teel,0.5,320,-500,23.81,83.33,22.22,77.78,0.25,0.5,25.68,81.49,23.93,76.07,-7.26,76.07,Under,0.27,-0.23,73.18,Yes,-1.71,-1.71,Standard,https://www.freeiconspng.com/img/1934,2026-10-09T00:00:00Z,No,1.4,7.5,Pirates @ White Sox,2026-09-08T23:40:00Z,Tue 07:40pm,Rate Field,outdoor,,-318,-318,9/8/2026,0.2393,
2026-10-09T00:00:00Z,espnbet,2026-10-08T09:13:23Z,Chicago White Sox,Cleveland Guardians,batter_rbis,Tommy Pham,0.5,300,-450,25,81.82,23.4,76.6,0.27,0.5,25.29,81.7,23.61,76.39,-5.43,76.39,Under,0.27,-0.23,73.18,Yes,-0.21,-0.21,Standard,https://www.freeiconspng.com/img/1934,,No,1.4,7.5,,,,,,,-324,-324,,0.2361,
2026-10-09T00:00:00Z,espnbet,2026-10-08T09:13:23Z,Chicago White Sox,Cleveland Guardians,batter_rbis,Chase Meidroth,0.5,320,-500,23.81,83.33,22.22,77.78,0.25,0.5,25.02,81.83,23.39,76.61,-6.72,76.61,Under,0.27,-0.23,73.18,Yes,-1.17,-1.17,Standard,https://www.freeiconspng.com/img/1934,2026-10-09T00:00:00Z,No,1.4,7.5,Pirates @ White Sox,2026-09-08T23:40:00Z,Tue 07:40pm,Rate Field,outdoor,,-328,-328,9/8/2026,0.2339,
2026-10-09T00:00:00Z,espnbet,2026-10-08T09:13:23Z,Chicago White Sox,Cleveland Guardians,batter_rbis,Chase DeLauter,0.5,190,-250,34.48,71.43,32.56,67.44,0.39,0.5,37,69.74,34.66,65.34,-6.09,65.34,Under,0.43,-0.07,63.24,Yes,-2.10,-2.1,Standard,https://www.freeiconspng.com/img/1934,2026-10-09T00:00:00Z,No,1.4,7.5,,,,,,,-189,-189,,0.3466,
2026-10-09T00:00:00Z,espnbet,2026-10-08T09:13:23Z,Chicago White Sox,Cleveland Guardians,batter_rbis,Patrick Bailey,0.5,280,-400,26.32,80,24.75,75.25,0.28,0.5,28.21,78.88,26.32,73.68,-6.32,73.68,Under,0.31,-0.19,70.54,Yes,-1.57,-1.57,Standard,https://www.freeiconspng.com/img/1934,2026-10-09T00:00:00Z,No,1.4,7.5,Guardians @ Orioles,2026-09-08T22:35:00Z,Tue 06:35pm,Oriole Park at Camden Yards,outdoor,,-280,-280,9/8/2026,0.2632,
2026-10-09T00:00:00Z,espnbet,2026-10-08T09:13:23Z,Chicago White Sox,Cleveland Guardians,batter_rbis,Steven Kwan,0.5,300,-450,25,81.82,23.4,76.6,0.27,0.5,25.35,81.82,23.65,76.35,-5.47,76.35,Under,0.27,-0.23,73.18,Yes,-0.25,-0.25,Standard,https://www.freeiconspng.com/img/1934,2026-10-09T00:00:00Z,No,1.4,7.5,Guardians @ Orioles,2026-09-08T22:35:00Z,Tue 06:35pm,Oriole Park at Camden Yards,outdoor,,-323,-323,9/8/2026,0.2365,
2026-10-09T00:00:00Z,espnbet,2026-10-08T09:13:23Z,Chicago White Sox,Cleveland Guardians,batter_rbis,Brayan Rocchio,0.5,280,-400,26.32,80,24.75,75.25,0.28,0.5,27.49,78.68,25.88,74.12,-5.88,74.12,Under,0.3,-0.2,71.19,Yes,-1.13,-1.13,Standard,https://www.freeiconspng.com/img/1934,2026-10-09T00:00:00Z,No,1.4,7.5,Guardians @ Orioles,2026-09-08T22:35:00Z,Tue 06:35pm,Oriole Park at Camden Yards,outdoor,,-286,-286,9/8/2026,0.2588,
2026-10-09T00:00:00Z,espnbet,2026-10-08T09:13:23Z,Chicago White Sox,Cleveland Guardians,batter_rbis,Jose Ramirez,0.5,200,-260,33.33,72.22,31.58,68.42,0.38,0.5,34.73,71.67,32.62,67.38,-4.84,67.38,Under,0.39,-0.11,65.58,Yes,-1.04,-1.04,Standard,https://www.freeiconspng.com/img/1934,2026-10-09T00:00:00Z,No,1.4,7.5,,,,,,,-207,-207,,0.3262,
2026-10-09T00:00:00Z,espnbet,2026-10-08T09:13:23Z,Chicago White Sox,Cleveland Guardians,batter_rbis,Braden Montgomery,0.5,300,-450,25,81.82,23.4,76.6,0.27,0.5,25.92,80.62,24.3,75.7,-6.12,75.7,Under,0.28,-0.22,72.51,Yes,-0.90,-0.9,Standard,https://www.freeiconspng.com/img/1934,2026-10-09T00:00:00Z,No,1.4,7.5,Pirates @ White Sox,2026-09-08T23:40:00Z,Tue 07:40pm,Rate Field,outdoor,,-312,-312,9/8/2026,0.243,
2026-10-09T00:00:00Z,espnbet,2026-10-08T09:13:23Z,Chicago White Sox,Cleveland Guardians,batter_rbis,Randal Grichuk,0.5,280,-400,26.32,80,24.75,75.25,0.28,0.5,27.73,79.47,25.83,74.17,-5.83,74.17,Under,0.3,-0.2,71.19,Yes,-1.08,-1.08,Standard,https://www.freeiconspng.com/img/1934,2026-10-09T00:00:00Z,No,1.4,7.5,,,,,,,-287,-287,,0.2583,
2026-10-09T00:00:00Z,espnbet,2026-10-08T09:13:23Z,Chicago White Sox,Cleveland Guardians,batter_rbis,Nathaniel Lowe,0.5,220,-300,31.25,75,29.41,70.59,0.35,0.5,33.26,74.35,30.89,69.11,-5.89,69.11,Under,0.37,-0.13,66.78,Yes,-1.48,-1.48,Standard,https://www.freeiconspng.com/img/1934,2026-10-09T00:00:00Z,No,1.4,7.5,Guardians @ Orioles,2026-09-08T22:35:00Z,Tue 06:35pm,Oriole Park at Camden Yards,outdoor,,-224,-224,9/8/2026,0.3089,
2026-10-09T00:00:00Z,espnbet,2026-10-08T09:13:23Z,Chicago White Sox,Cleveland Guardians,batter_rbis,Brenton Doyle,0.5,300,-450,25,81.82,23.4,76.6,0.27,0.5,25.42,81.69,23.68,76.32,-5.5,76.32,Under,0.27,-0.23,73.18,Yes,-0.28,-0.28,Standard,https://www.freeiconspng.com/img/1934,2026-10-09T00:00:00Z,No,1.4,7.5,,,,,,,-322,-322,,0.2368,
2026-10-09T00:00:00Z,espnbet,2026-10-08T09:13:23Z,Chicago White Sox,Cleveland Guardians,batter_rbis,Travis Bazzana,0.5,260,-375,27.78,78.95,26.03,73.97,0.3,0.5,27.8,79.41,25.93,74.07,-4.88,74.07,Under,0.3,-0.2,71.19,Yes,0.10,0.1,Standard,https://www.freeiconspng.com/img/1934,2026-10-09T00:00:00Z,No,1.4,7.5,Guardians @ Orioles,2026-09-08T22:35:00Z,Tue 06:35pm,Oriole Park at Camden Yards,outdoor,,-286,-286,9/8/2026,0.2593,
2026-10-09T00:00:00Z,espnbet,2026-10-08T09:13:23Z,Chicago White Sox,Cleveland Guardians,batter_rbis,Munetaka Murakami,0.5,200,-260,33.33,72.22,31.58,68.42,0.38,0.5,34.72,71.89,32.55,67.45,-4.77,67.45,Under,0.39,-0.11,65.58,Yes,-0.97,-0.97,Standard,https://www.freeiconspng.com/img/1934,2026-10-09T00:00:00Z,No,1.4,7.5,Pirates @ White Sox,2026-09-08T23:40:00Z,Tue 07:40pm,Rate Field,outdoor,,-207,-207,9/8/2026,0.3255,
2026-10-09T00:00:00Z,espnbet,2026-10-08T09:13:23Z,Chicago White Sox,Cleveland Guardians,batter_total_bases,Kyle Teel,0.5,-120,-110,54.55,52.38,51.01,48.99,0.71,0.5,53.63,54.39,49.64,50.36,-4.91,50.36,Under,0.69,0.19,50.14,No,1.37,1.37,Standard,https://www.freeiconspng.com/img/1934,2026-10-09T00:00:00Z,No,1.4,7.5,Pirates @ White Sox,2026-09-08T23:40:00Z,Tue 07:40pm,Rate Field,outdoor,,-101,-101,9/8/2026,0.4964,
2026-10-09T00:00:00Z,espnbet,2026-10-08T09:13:23Z,Chicago White Sox,Cleveland Guardians,batter_total_bases,Chase Meidroth,0.5,-180,140,64.29,41.67,60.67,39.33,0.93,0.5,64.68,43.42,59.82,40.18,-4.47,59.82,Over,0.91,0.41,58.58,Yes,-0.85,-0.85,Standard,https://www.freeiconspng.com/img/1934,2026-10-09T00:00:00Z,No,1.4,7.5,Pirates @ White Sox,2026-09-08T23:40:00Z,Tue 07:40pm,Rate Field,outdoor,,-149,-149,9/8/2026,0.5982,
2026-10-09T00:00:00Z,espnbet,2026-10-08T09:13:23Z,Chicago White Sox,Cleveland Guardians,batter_total_bases,Steven Kwan,1.5,150,-190,40,65.52,37.91,62.09,1.32,1.5,40.32,67.47,37.41,62.59,-2.93,62.59,Under,1.3,-0.2,61.16,Yes,0.50,0.5,Standard,https://www.freeiconspng.com/img/1934,2026-10-09T00:00:00Z,No,1.4,7.5,Guardians @ Orioles,2026-09-08T22:35:00Z,Tue 06:35pm,Oriole Park at Camden Yards,outdoor,,-167,-167,9/8/2026,1.1223,
2026-10-09T00:00:00Z,espnbet,2026-10-08T09:13:23Z,Chicago White Sox,Cleveland Guardians,batter_total_bases,Angel Martinez,0.5,-160,125,61.54,44.44,58.06,41.94,0.87,0.5,62.12,46.01,57.44,42.56,-4.1,57.44,Over,0.85,0.35,56.39,Yes,-0.62,-0.62,Standard,https://www.freeiconspng.com/img/1934,2026-10-09T00:00:00Z,No,1.4,7.5,,,,,,,-135,-135,,0.5744,
2026-10-09T00:00:00Z,espnbet,2026-10-08T09:13:23Z,Chicago White Sox,Cleveland Guardians,batter_total_bases,Miguel Vargas,0.5,-165,130,62.26,43.48,58.88,41.12,0.89,0.5,64.74,43.96,59.54,40.46,-2.72,59.54,Over,0.9,0.4,58.22,Yes,0.66,0.66,Standard,https://www.freeiconspng.com/img/1934,2026-10-09T00:00:00Z,No,1.4,7.5,Pirates @ White Sox,2026-09-08T23:40:00Z,Tue 07:40pm,Rate Field,outdoor,,-147,-147,9/8/2026,0.5954,
2026-10-09T00:00:00Z,espnbet,2026-10-08T09:13:23Z,Chicago White Sox,Cleveland Guardians,batter_total_bases,Jose Ramirez,1.5,130,-165,43.48,62.26,41.12,58.88,1.41,1.5,44.07,62.74,41.25,58.75,-3.51,58.75,Under,1.41,-0.09,57.78,Yes,-0.13,-0.13,Standard,https://www.freeiconspng.com/img/1934,2026-10-09T00:00:00Z,No,1.4,7.5,,,,,,,-142,-142,,1.2375,
2026-10-09T00:00:00Z,espnbet,2026-10-08T09:13:23Z,Chicago White Sox,Cleveland Guardians,batter_total_bases,Chase DeLauter,1.5,140,-180,41.67,64.29,39.33,60.67,1.36,1.5,41,65.27,38.58,61.42,-2.87,61.42,Under,1.34,-0.16,59.92,Yes,0.75,0.75,Standard,https://www.freeiconspng.com/img/1934,2026-10-09T00:00:00Z,No,1.4,7.5,,,,,,,-159,-159,,1.1574,
2026-10-09T00:00:00Z,espnbet,2026-10-08T09:13:23Z,Chicago White Sox,Cleveland Guardians,batter_total_bases,Travis Bazzana,0.5,-130,100,56.52,50,53.06,46.94,0.76,0.5,60.02,48.26,55.43,44.57,-1.09,55.43,Over,0.81,0.31,54.85,Yes,2.37,2.37,Standard,https://www.freeiconspng.com/img/1934,2026-10-09T00:00:00Z,No,1.4,7.5,Guardians @ Orioles,2026-09-08T22:35:00Z,Tue 06:35pm,Oriole Park at Camden Yards,outdoor,,-124,-124,9/8/2026,0.5543,
2026-10-09T00:00:00Z,espnbet,2026-10-08T09:13:23Z,Chicago White Sox,Cleveland Guardians,batter_total_bases,Tommy Pham,0.5,110,-140,47.62,58.33,44.94,55.06,0.6,0.5,52.38,55.72,48.46,51.54,-6.79,51.54,Under,0.66,0.16,51.48,No,-3.52,-3.52,Standard,https://www.freeiconspng.com/img/1934,,No,1.4,7.5,,,,,,,-106,-106,,0.4846,
2026-10-09T00:00:00Z,espnbet,2026-10-08T09:13:23Z,Chicago White Sox,Cleveland Guardians,batter_total_bases,Randal Grichuk,0.5,-165,130,62.26,43.48,58.88,41.12,0.89,0.5,62.61,46.13,57.61,42.39,-4.65,57.61,Over,0.86,0.36,56.76,Yes,-1.27,-1.27,Standard,https://www.freeiconspng.com/img/1934,2026-10-09T00:00:00Z,No,1.4,7.5,,,,,,,-136,-136,,0.5761,
2026-10-09T00:00:00Z,espnbet,2026-10-08T09:13:23Z,Chicago White Sox,Cleveland Guardians,batter_total_bases,Braden Montgomery,0.5,-130,100,56.52,50,53.06,46.94,0.76,0.5,57.75,50.28,53.45,46.55,-3.07,53.45,Over,0.76,0.26,52.85,Yes,0.39,0.39,Standard,https://www.freeiconspng.com/img/1934,2026-10-09T00:00:00Z,No,1.4,7.5,Pirates @ White Sox,2026-09-08T23:40:00Z,Tue 07:40pm,Rate Field,outdoor,,-115,-115,9/8/2026,0.5345,
2026-10-09T00:00:00Z,espnbet,2026-10-08T09:13:23Z,Chicago White Sox,Cleveland Guardians,batter_total_bases,Brayan Rocchio,0.5,-140,110,58.33,47.62,55.06,44.94,0.8,0.5,60.2,47.95,55.67,44.33,-2.66,55.67,Over,0.81,0.31,54.85,Yes,0.61,0.61,Standard,https://www.freeiconspng.com/img/1934,2026-10-09T00:00:00Z,No,1.4,7.5,Guardians @ Orioles,2026-09-08T22:35:00Z,Tue 06:35pm,Oriole Park at Camden Yards,outdoor,,-126,-126,9/8/2026,0.5567,
2026-10-09T00:00:00Z,espnbet,2026-10-08T09:13:23Z,Chicago White Sox,Cleveland Guardians,batter_total_bases,Brenton Doyle,0.5,-120,-110,54.55,52.38,51.01,48.99,0.71,0.5,53.88,54.21,49.84,50.16,-4.71,50.16,Under,0.69,0.19,50.14,No,1.17,1.17,Standard,https://www.freeiconspng.com/img/1934,2026-10-09T00:00:00Z,No,1.4,7.5,,,,,,,-101,-101,,0.4984,
2026-10-09T00:00:00Z,espnbet,2026-10-08T09:13:23Z,Chicago White Sox,Cleveland Guardians,batter_total_bases,Patrick Bailey,0.5,-130,100,56.52,50,53.06,46.94,0.76,0.5,56.24,51.94,51.99,48.01,-4.53,51.99,Over,0.73,0.23,51.59,Yes,-1.07,-1.07,Standard,https://www.freeiconspng.com/img/1934,2026-10-09T00:00:00Z,No,1.4,7.5,Guardians @ Orioles,2026-09-08T22:35:00Z,Tue 06:35pm,Oriole Park at Camden Yards,outdoor,,-108,-108,9/8/2026,0.5199,
2026-10-09T00:00:00Z,espnbet,2026-10-08T09:13:23Z,Chicago White Sox,Cleveland Guardians,batter_total_bases,Jo Adell,0.5,-165,130,62.26,43.48,58.88,41.12,0.89,0.5,62.26,43.48,58.88,41.12,-3.38,58.88,Over,0.89,0.39,57.86,Yes,0.00,0,Standard,https://www.freeiconspng.com/img/1934,2026-10-09T00:00:00Z,No,1.4,7.5,Guardians @ Orioles,2026-09-08T22:35:00Z,Tue 06:35pm,Oriole Park at Camden Yards,outdoor,,-143,-143,9/8/2026,0.5888,
2026-10-09T00:00:00Z,espnbet,2026-10-08T09:13:23Z,Chicago White Sox,Cleveland Guardians,batter_total_bases,Colson Montgomery,0.5,100,-130,50,56.52,46.94,53.06,0.63,0.5,51.33,56.99,47.38,52.62,-3.9,52.62,Under,0.64,0.14,52.4,No,-0.44,-0.44,Standard,https://www.freeiconspng.com/img/1934,,No,1.4,7.5,Pirates @ White Sox,2026-09-08T23:40:00Z,Tue 07:40pm,Rate Field,outdoor,,-111,-111,9/8/2026,0.4738,
2026-10-09T00:00:00Z,espnbet,2026-10-08T09:13:23Z,Chicago White Sox,Cleveland Guardians,batter_total_bases,Nathaniel Lowe,0.5,-165,130,62.26,43.48,58.88,41.12,0.89,0.5,62.72,45.5,57.97,42.03,-4.29,57.97,Over,0.87,0.37,57.13,Yes,-0.91,-0.91,Standard,https://www.freeiconspng.com/img/1934,2026-10-09T00:00:00Z,No,1.4,7.5,Guardians @ Orioles,2026-09-08T22:35:00Z,Tue 06:35pm,Oriole Park at Camden Yards,outdoor,,-138,-138,9/8/2026,0.5797,
2026-10-09T00:00:00Z,espnbet,2026-10-08T09:13:23Z,Chicago White Sox,Cleveland Guardians,batter_total_bases,Munetaka Murakami,0.5,-130,100,56.52,50,53.06,46.94,0.76,0.5,55.69,52.86,51.35,48.65,-5.17,51.35,Over,0.72,0.22,51.17,Yes,-1.71,-1.71,Standard,https://www.freeiconspng.com/img/1934,2026-10-09T00:00:00Z,No,1.4,7.5,Pirates @ White Sox,2026-09-08T23:40:00Z,Tue 07:40pm,Rate Field,outdoor,,-106,-106,9/8/2026,0.5135,
2026-10-09T00:00:00Z,espnbet,2026-10-08T09:13:23Z,Chicago White Sox,Cleveland Guardians,pitcher_strikeouts,Parker Messick,6.5,-105,-130,51.22,56.52,47.54,52.46,6.51,6.5,45.11,61.47,42.31,57.69,1.17,57.69,Under,6.18,-0.32,56.81,Yes,5.23,5.23,Standard,https://www.freeiconspng.com/img/1934,2026-10-09T00:00:00Z,No,1.4,7.5,,,,,,,-136,-136,,5.5003,
2026-10-09T00:00:00Z,williamhill_us,2026-10-08T09:12:33Z,Chicago White Sox,Cleveland Guardians,batter_hits_runs_rbis,Nathaniel Lowe,1.5,118,-159,45.87,61.39,42.77,57.23,1.46,1.5,45.09,61.36,42.34,57.66,-3.73,57.66,Under,1.44,-0.06,56.87,Yes,0.43,0.43,Standard,https://www.freeiconspng.com/img/1934,2026-10-09T00:00:00Z,No,1.4,7.5,Guardians @ Orioles,2026-09-08T22:35:00Z,Tue 06:35pm,Oriole Park at Camden Yards,outdoor,,-136,-136,9/8/2026,1.2702,
2026-10-09T00:00:00Z,williamhill_us,2026-10-08T09:12:33Z,Chicago White Sox,Cleveland Guardians,batter_hits_runs_rbis,Brenton Doyle,0.5,-129,-104,56.33,50.98,52.49,47.51,0.74,0.5,55.8,53.11,51.28,48.72,-5.05,51.28,Over,0.72,0.22,51.17,Yes,-1.21,-1.21,Standard,https://www.freeiconspng.com/img/1934,2026-10-09T00:00:00Z,No,1.4,7.5,,,,,,,-105,-105,,0.5128,
2026-10-09T00:00:00Z,williamhill_us,2026-10-08T09:12:33Z,Chicago White Sox,Cleveland Guardians,batter_hits_runs_rbis,Chase Meidroth,1.5,110,-148,47.62,59.68,44.38,55.62,1.5,1.5,47.41,59.2,44.47,55.53,-4.15,55.53,Under,1.51,0.01,54.79,No,-0.09,-0.09,Standard,https://www.freeiconspng.com/img/1934,2026-10-09T00:00:00Z,No,1.4,7.5,Pirates @ White Sox,2026-09-08T23:40:00Z,Tue 07:40pm,Rate Field,outdoor,,-125,-125,9/8/2026,1.3341,
2026-10-09T00:00:00Z,williamhill_us,2026-10-08T09:12:33Z,Chicago White Sox,Cleveland Guardians,batter_hits_runs_rbis,Patrick Bailey,0.5,-170,127,62.96,44.05,58.84,41.16,0.89,0.5,62.47,44.05,58.68,41.32,-4.28,58.68,Over,0.88,0.38,57.5,Yes,-0.16,-0.16,Standard,https://www.freeiconspng.com/img/1934,2026-10-09T00:00:00Z,No,1.4,7.5,Guardians @ Orioles,2026-09-08T22:35:00Z,Tue 06:35pm,Oriole Park at Camden Yards,outdoor,,-142,-142,9/8/2026,0.5868,
2026-10-09T00:00:00Z,williamhill_us,2026-10-08T09:12:33Z,Chicago White Sox,Cleveland Guardians,batter_hits_runs_rbis,Angel Martinez,1.5,118,-159,45.87,61.39,42.77,57.23,1.46,1.5,44.56,61.98,41.84,58.16,-3.23,58.16,Under,1.43,-0.07,57.17,Yes,0.93,0.93,Standard,https://www.freeiconspng.com/img/1934,2026-10-09T00:00:00Z,No,1.4,7.5,,,,,,,-139,-139,,1.2552,
2026-10-09T00:00:00Z,williamhill_us,2026-10-08T09:12:33Z,Chicago White Sox,Cleveland Guardians,batter_hits_runs_rbis,Kyle Teel,0.5,-154,115,60.63,46.51,56.59,43.41,0.83,0.5,60.73,45.93,56.93,43.07,-3.7,56.93,Over,0.84,0.34,56.01,Yes,0.34,0.34,Standard,https://www.freeiconspng.com/img/1934,2026-10-09T00:00:00Z,No,1.4,7.5,Pirates @ White Sox,2026-09-08T23:40:00Z,Tue 07:40pm,Rate Field,outdoor,,-132,-132,9/8/2026,0.5693,
2026-10-09T00:00:00Z,williamhill_us,2026-10-08T09:12:33Z,Chicago White Sox,Cleveland Guardians,batter_hits_runs_rbis,Jose Ramirez,1.5,-118,-113,54.13,53.05,50.5,49.5,1.69,1.5,55.1,53.79,50.63,49.37,-3.5,50.63,Over,1.7,0.2,50.59,Yes,0.13,0.13,Standard,https://www.freeiconspng.com/img/1934,2026-10-09T00:00:00Z,No,1.4,7.5,,,,,,,-103,-103,,1.5189,
2026-10-09T00:00:00Z,williamhill_us,2026-10-08T09:12:33Z,Chicago White Sox,Cleveland Guardians,batter_hits_runs_rbis,Brayan Rocchio,1.5,133,-179,42.92,64.16,40.08,59.92,1.38,1.5,43.19,63.34,40.56,59.44,-4.72,59.44,Under,1.39,-0.11,58.39,Yes,-0.48,-0.48,Standard,https://www.freeiconspng.com/img/1934,2026-10-09T00:00:00Z,No,1.4,7.5,Guardians @ Orioles,2026-09-08T22:35:00Z,Tue 06:35pm,Oriole Park at Camden Yards,outdoor,,-147,-147,9/8/2026,1.2168,
2026-10-09T00:00:00Z,williamhill_us,2026-10-08T09:12:33Z,Chicago White Sox,Cleveland Guardians,batter_hits_runs_rbis,Miguel Vargas,1.5,103,-137,49.26,57.81,46.01,53.99,1.55,1.5,48.4,57.95,45.49,54.51,-3.3,54.51,Under,1.54,0.04,53.92,No,0.52,0.52,Standard,https://www.freeiconspng.com/img/1934,2026-10-09T00:00:00Z,No,1.4,7.5,Pirates @ White Sox,2026-09-08T23:40:00Z,Tue 07:40pm,Rate Field,outdoor,,-120,-120,9/8/2026,1.3647,
2026-10-09T00:00:00Z,williamhill_us,2026-10-08T09:12:33Z,Chicago White Sox,Cleveland Guardians,batter_hits_runs_rbis,Colson Montgomery,0.5,-141,107,58.51,48.31,54.77,45.23,0.79,0.5,58.58,47.81,55.06,44.94,-3.45,55.06,Over,0.8,0.3,54.46,Yes,0.29,0.29,Standard,https://www.freeiconspng.com/img/1934,,No,1.4,7.5,Pirates @ White Sox,2026-09-08T23:40:00Z,Tue 07:40pm,Rate Field,outdoor,,-123,-123,9/8/2026,0.5506,
2026-10-09T00:00:00Z,williamhill_us,2026-10-08T09:12:33Z,Chicago White Sox,Cleveland Guardians,batter_hits_runs_rbis,Chase DeLauter,1.5,-114,-117,53.27,53.92,49.7,50.3,1.67,1.5,54.15,54.72,49.75,50.25,-3.67,50.25,Under,1.67,0.17,50.23,No,-0.05,-0.05,Standard,https://www.freeiconspng.com/img/1934,2026-10-09T00:00:00Z,No,1.4,7.5,,,,,,,-101,-101,,1.4925,
2026-10-09T00:00:00Z,williamhill_us,2026-10-08T09:12:33Z,Chicago White Sox,Cleveland Guardians,batter_hits_runs_rbis,Braden Montgomery,0.5,-162,121,61.83,45.25,57.74,42.26,0.86,0.5,61.9,44.51,58.17,41.83,-3.66,58.17,Over,0.87,0.37,57.13,Yes,0.43,0.43,Standard,https://www.freeiconspng.com/img/1934,2026-10-09T00:00:00Z,No,1.4,7.5,Pirates @ White Sox,2026-09-08T23:40:00Z,Tue 07:40pm,Rate Field,outdoor,,-139,-139,9/8/2026,0.5817,
2026-10-09T00:00:00Z,williamhill_us,2026-10-08T09:12:33Z,Chicago White Sox,Cleveland Guardians,batter_hits_runs_rbis,Tommy Pham,0.5,-136,102,57.63,49.5,53.79,46.21,0.77,0.5,56.62,52.25,52.1,47.9,-5.53,52.1,Over,0.74,0.24,52.01,Yes,-1.69,-1.69,Standard,https://www.freeiconspng.com/img/1934,,No,1.4,7.5,,,,,,,-109,-109,,0.521,
2026-10-09T00:00:00Z,williamhill_us,2026-10-08T09:12:33Z,Chicago White Sox,Cleveland Guardians,batter_hits_runs_rbis,Jo Adell,1.5,-105,-127,51.22,55.95,47.79,52.21,1.61,1.5,52.26,55.84,48.31,51.69,-4.26,51.69,Under,1.63,0.13,51.35,No,-0.52,-0.52,Standard,https://www.freeiconspng.com/img/1934,2026-10-09T00:00:00Z,No,1.4,7.5,Guardians @ Orioles,2026-09-08T22:35:00Z,Tue 06:35pm,Oriole Park at Camden Yards,outdoor,,-107,-107,9/8/2026,1.4493,
2026-10-09T00:00:00Z,williamhill_us,2026-10-08T09:12:33Z,Chicago White Sox,Cleveland Guardians,batter_hits_runs_rbis,Steven Kwan,1.5,-115,-115,53.49,53.49,50,50,1.68,1.5,54.34,54.54,49.9,50.1,-3.39,50.1,Under,1.68,0.18,49.95,No,0.10,0.1,Standard,https://www.freeiconspng.com/img/1934,2026-10-09T00:00:00Z,No,1.4,7.5,Guardians @ Orioles,2026-09-08T22:35:00Z,Tue 06:35pm,Oriole Park at Camden Yards,outdoor,,-100,-100,9/8/2026,1.497,
2026-10-09T00:00:00Z,williamhill_us,2026-10-08T09:12:33Z,Chicago White Sox,Cleveland Guardians,batter_home_runs,Munetaka Murakami,0.5,370,,21.28,,,,0.24,0.5,19.91,85.95,18.81,81.19,,21.28,Over,0.21,-0.29,22.67,No,-2.47,-2.47,Non-Standard,https://www.freeiconspng.com/img/1934,2026-10-09T00:00:00Z,No,1.4,7.5,Pirates @ White Sox,2026-09-08T23:40:00Z,Tue 07:40pm,Rate Field,outdoor,,370,370,9/8/2026,0.1881,
2026-10-09T00:00:00Z,williamhill_us,2026-10-08T09:12:33Z,Chicago White Sox,Cleveland Guardians,batter_home_runs,Miguel Vargas,0.5,425,,19.05,,,,0.21,0.5,17.38,88.64,16.35,83.65,,19.05,Over,0.18,-0.32,20.5,No,-2.70,-2.7,Non-Standard,https://www.freeiconspng.com/img/1934,2026-10-09T00:00:00Z,No,1.4,7.5,Pirates @ White Sox,2026-09-08T23:40:00Z,Tue 07:40pm,Rate Field,outdoor,,425,425,9/8/2026,0.1635,
2026-10-09T00:00:00Z,williamhill_us,2026-10-08T09:12:33Z,Chicago White Sox,Cleveland Guardians,batter_home_runs,Colson Montgomery,0.5,475,,17.39,,,,0.19,0.5,16.45,88.61,15.6,84.4,,17.39,Over,0.17,-0.33,19.76,No,-1.79,-1.79,Non-Standard,https://www.freeiconspng.com/img/1934,,No,1.4,7.5,Pirates @ White Sox,2026-09-08T23:40:00Z,Tue 07:40pm,Rate Field,outdoor,,475,475,9/8/2026,0.156,
2026-10-09T00:00:00Z,williamhill_us,2026-10-08T09:12:33Z,Chicago White Sox,Cleveland Guardians,batter_home_runs,Jo Adell,0.5,475,,17.39,,,,0.19,0.5,16.61,89.09,15.68,84.32,,17.39,Over,0.17,-0.33,19.76,No,-1.71,-1.71,Non-Standard,https://www.freeiconspng.com/img/1934,2026-10-09T00:00:00Z,No,1.4,7.5,Guardians @ Orioles,2026-09-08T22:35:00Z,Tue 06:35pm,Oriole Park at Camden Yards,outdoor,,475,475,9/8/2026,0.1568,
2026-10-09T00:00:00Z,williamhill_us,2026-10-08T09:12:33Z,Chicago White Sox,Cleveland Guardians,batter_home_runs,Jose Ramirez,0.5,525,,16,,,,0.17,0.5,15.39,90.29,14.53,85.47,,16,Over,0.16,-0.34,19.01,No,-1.47,-1.47,Non-Standard,https://www.freeiconspng.com/img/1934,2026-10-09T00:00:00Z,No,1.4,7.5,,,,,,,525,525,,0.1453,
2026-10-09T00:00:00Z,williamhill_us,2026-10-08T09:12:33Z,Chicago White Sox,Cleveland Guardians,batter_home_runs,Randal Grichuk,0.5,575,,14.81,,,,0.16,0.5,15.15,90.51,14.32,85.68,,14.81,Over,0.15,-0.35,18.26,No,-0.49,-0.49,Non-Standard,https://www.freeiconspng.com/img/1934,2026-10-09T00:00:00Z,No,1.4,7.5,,,,,,,575,575,,0.1432,
2026-10-09T00:00:00Z,williamhill_us,2026-10-08T09:12:33Z,Chicago White Sox,Cleveland Guardians,batter_home_runs,Brenton Doyle,0.5,625,,13.79,,,,0.15,0.5,12.23,94,11.46,88.54,,13.79,Over,0.12,-0.38,15.95,No,-2.33,-2.33,Non-Standard,https://www.freeiconspng.com/img/1934,2026-10-09T00:00:00Z,No,1.4,7.5,,,,,,,625,625,,0.1146,
2026-10-09T00:00:00Z,williamhill_us,2026-10-08T09:12:33Z,Chicago White Sox,Cleveland Guardians,batter_home_runs,Chase DeLauter,0.5,625,,13.79,,,,0.15,0.5,13.36,93.16,12.53,87.47,,13.79,Over,0.13,-0.37,16.73,No,-1.26,-1.26,Non-Standard,https://www.freeiconspng.com/img/1934,2026-10-09T00:00:00Z,No,1.4,7.5,,,,,,,625,625,,0.1253,
2026-10-09T00:00:00Z,williamhill_us,2026-10-08T09:12:33Z,Chicago White Sox,Cleveland Guardians,batter_home_runs,Nathaniel Lowe,0.5,700,,12.5,,,,0.13,0.5,12.53,93.79,11.75,88.25,,12.5,Over,0.13,-0.37,16.73,No,-0.75,-0.75,Non-Standard,https://www.freeiconspng.com/img/1934,2026-10-09T00:00:00Z,No,1.4,7.5,Guardians @ Orioles,2026-09-08T22:35:00Z,Tue 06:35pm,Oriole Park at Camden Yards,outdoor,,700,700,9/8/2026,0.1175,
2026-10-09T00:00:00Z,williamhill_us,2026-10-08T09:12:33Z,Chicago White Sox,Cleveland Guardians,batter_home_runs,Patrick Bailey,0.5,750,,11.76,,,,0.13,0.5,11.88,93.88,11.2,88.8,,11.76,Over,0.12,-0.38,15.95,No,-0.56,-0.56,Non-Standard,https://www.freeiconspng.com/img/1934,2026-10-09T00:00:00Z,No,1.4,7.5,Guardians @ Orioles,2026-09-08T22:35:00Z,Tue 06:35pm,Oriole Park at Camden Yards,outdoor,,750,750,9/8/2026,0.112,
2026-10-09T00:00:00Z,williamhill_us,2026-10-08T09:12:33Z,Chicago White Sox,Cleveland Guardians,batter_home_runs,Tommy Pham,0.5,850,,10.53,,,,0.11,0.5,10.62,94.72,10.05,89.95,,10.53,Over,0.11,-0.39,15.17,No,-0.48,-0.48,Non-Standard,https://www.freeiconspng.com/img/1934,,No,1.4,7.5,,,,,,,850,850,,0.1005,
2026-10-09T00:00:00Z,williamhill_us,2026-10-08T09:12:33Z,Chicago White Sox,Cleveland Guardians,batter_home_runs,Kyle Teel,0.5,850,,10.53,,,,0.11,0.5,10.85,94.65,10.25,89.75,,10.53,Over,0.11,-0.39,15.17,No,-0.28,-0.28,Non-Standard,https://www.freeiconspng.com/img/1934,2026-10-09T00:00:00Z,No,1.4,7.5,Pirates @ White Sox,2026-09-08T23:40:00Z,Tue 07:40pm,Rate Field,outdoor,,850,850,9/8/2026,0.1025,
2026-10-09T00:00:00Z,williamhill_us,2026-10-08T09:12:33Z,Chicago White Sox,Cleveland Guardians,batter_home_runs,Angel Martinez,0.5,850,,10.53,,,,0.11,0.5,11.28,94.27,10.66,89.34,,10.53,Over,0.11,-0.39,15.17,No,0.13,0.13,Non-Standard,https://www.freeiconspng.com/img/1934,2026-10-09T00:00:00Z,No,1.4,7.5,,,,,,,850,850,,0.1066,
2026-10-09T00:00:00Z,williamhill_us,2026-10-08T09:12:33Z,Chicago White Sox,Cleveland Guardians,batter_home_runs,Chase Meidroth,0.5,950,,9.52,,,,0.1,0.5,8.59,96.63,8.14,91.86,,9.52,Over,0.08,-0.42,12.77,No,-1.38,-1.38,Non-Standard,https://www.freeiconspng.com/img/1934,2026-10-09T00:00:00Z,No,1.4,7.5,Pirates @ White Sox,2026-09-08T23:40:00Z,Tue 07:40pm,Rate Field,outdoor,,950,950,9/8/2026,0.0814,
2026-10-09T00:00:00Z,williamhill_us,2026-10-08T09:12:33Z,Chicago White Sox,Cleveland Guardians,batter_home_runs,Brayan Rocchio,0.5,950,,9.52,,,,0.1,0.5,9.39,96.37,8.84,91.16,,9.52,Over,0.09,-0.41,13.57,No,-0.68,-0.68,Non-Standard,https://www.freeiconspng.com/img/1934,2026-10-09T00:00:00Z,No,1.4,7.5,Guardians @ Orioles,2026-09-08T22:35:00Z,Tue 06:35pm,Oriole Park at Camden Yards,outdoor,,950,950,9/8/2026,0.0884,
2026-10-09T00:00:00Z,williamhill_us,2026-10-08T09:12:33Z,Chicago White Sox,Cleveland Guardians,batter_home_runs,Travis Bazzana,0.5,950,,9.52,,,,0.1,0.5,10.35,95.25,9.78,90.22,,9.52,Over,0.1,-0.4,14.37,No,0.26,0.26,Non-Standard,https://www.freeiconspng.com/img/1934,2026-10-09T00:00:00Z,No,1.4,7.5,Guardians @ Orioles,2026-09-08T22:35:00Z,Tue 06:35pm,Oriole Park at Camden Yards,outdoor,,950,950,9/8/2026,0.0978,
2026-10-09T00:00:00Z,williamhill_us,2026-10-08T09:12:33Z,Chicago White Sox,Cleveland Guardians,batter_home_runs,Braden Montgomery,0.5,950,,9.52,,,,0.1,0.5,9.3,95.4,8.85,91.15,,9.52,Over,0.09,-0.41,13.57,No,-0.67,-0.67,Non-Standard,https://www.freeiconspng.com/img/1934,2026-10-09T00:00:00Z,No,1.4,7.5,Pirates @ White Sox,2026-09-08T23:40:00Z,Tue 07:40pm,Rate Field,outdoor,,950,950,9/8/2026,0.0885,
2026-10-09T00:00:00Z,williamhill_us,2026-10-08T09:12:33Z,Chicago White Sox,Cleveland Guardians,batter_home_runs,Steven Kwan,0.5,1300,,7.14,,,,0.07,0.5,6.41,96.97,6.17,93.83,,7.14,Over,0.06,-0.44,11.12,No,-0.97,-0.97,Non-Standard,https://www.freeiconspng.com/img/1934,2026-10-09T00:00:00Z,No,1.4,7.5,Guardians @ Orioles,2026-09-08T22:35:00Z,Tue 06:35pm,Oriole Park at Camden Yards,outdoor,,1301,1301,9/8/2026,0.0617,
2026-10-09T00:00:00Z,williamhill_us,2026-10-08T09:12:33Z,Chicago White Sox,Cleveland Guardians,batter_home_runs,Jo Adell,1.5,5500,,1.79,,,,0.2,,,,,,,1.79,Over,0.2,-1.3,7.76,No,,,Non-Standard,https://www.freeiconspng.com/img/1934,2026-10-09T00:00:00Z,No,1.4,7.5,Guardians @ Orioles,2026-09-08T22:35:00Z,Tue 06:35pm,Oriole Park at Camden Yards,outdoor,,5487,,9/8/2026,0.0537,
2026-10-09T00:00:00Z,williamhill_us,2026-10-08T09:12:33Z,Chicago White Sox,Cleveland Guardians,batter_home_runs,Miguel Vargas,1.5,4500,,2.17,,,,0.22,,,,,,,2.17,Over,0.22,-1.28,7.84,No,,,Non-Standard,https://www.freeiconspng.com/img/1934,2026-10-09T00:00:00Z,No,1.4,7.5,Pirates @ White Sox,2026-09-08T23:40:00Z,Tue 07:40pm,Rate Field,outdoor,,4508,,9/8/2026,0.0651,
2026-10-09T00:00:00Z,williamhill_us,2026-10-08T09:12:33Z,Chicago White Sox,Cleveland Guardians,batter_home_runs,Randal Grichuk,1.5,8000,,1.23,,,,0.17,,,,,,,1.23,Over,0.17,-1.33,7.76,No,,,Non-Standard,https://www.freeiconspng.com/img/1934,2026-10-09T00:00:00Z,No,1.4,7.5,,,,,,,8030,,,0.0369,
2026-10-09T00:00:00Z,williamhill_us,2026-10-08T09:12:33Z,Chicago White Sox,Cleveland Guardians,batter_home_runs,Colson Montgomery,1.5,5500,,1.79,,,,0.2,,,,,,,1.79,Over,0.2,-1.3,7.76,No,,,Non-Standard,https://www.freeiconspng.com/img/1934,,No,1.4,7.5,Pirates @ White Sox,2026-09-08T23:40:00Z,Tue 07:40pm,Rate Field,outdoor,,5487,,9/8/2026,0.0537,
2026-10-09T00:00:00Z,williamhill_us,2026-10-08T09:12:33Z,Chicago White Sox,Cleveland Guardians,batter_home_runs,Jose Ramirez,1.5,7000,,1.41,,,,0.18,,,,,,,1.41,Over,0.18,-1.32,7.76,No,,,Non-Standard,https://www.freeiconspng.com/img/1934,2026-10-09T00:00:00Z,No,1.4,7.5,,,,,,,6992,,,0.0423,
2026-10-09T00:00:00Z,williamhill_us,2026-10-08T09:12:33Z,Chicago White Sox,Cleveland Guardians,batter_home_runs,Munetaka Murakami,1.5,4000,,2.44,,,,0.24,,,,,,,2.44,Over,0.24,-1.26,8.16,No,,,Non-Standard,https://www.freeiconspng.com/img/1934,2026-10-09T00:00:00Z,No,1.4,7.5,Pirates @ White Sox,2026-09-08T23:40:00Z,Tue 07:40pm,Rate Field,outdoor,,3998,,9/8/2026,0.0732,
2026-10-09T00:00:00Z,williamhill_us,2026-10-08T09:12:33Z,Chicago White Sox,Cleveland Guardians,batter_total_bases,Kyle Teel,0.5,-115,-117,53.49,53.92,49.8,50.2,0.69,0.5,53.63,54.39,49.64,50.36,-3.56,50.36,Under,0.69,0.19,50.14,No,0.16,0.16,Standard,https://www.freeiconspng.com/img/1934,2026-10-09T00:00:00Z,No,1.4,7.5,Pirates @ White Sox,2026-09-08T23:40:00Z,Tue 07:40pm,Rate Field,outdoor,,-101,-101,9/8/2026,0.4964,
2026-10-09T00:00:00Z,williamhill_us,2026-10-08T09:12:33Z,Chicago White Sox,Cleveland Guardians,batter_total_bases,Steven Kwan,1.5,150,-205,40,67.21,37.31,62.69,1.3,1.5,40.32,67.47,37.41,62.59,-4.62,62.59,Under,1.3,-0.2,61.16,Yes,-0.10,-0.1,Standard,https://www.freeiconspng.com/img/1934,2026-10-09T00:00:00Z,No,1.4,7.5,Guardians @ Orioles,2026-09-08T22:35:00Z,Tue 06:35pm,Oriole Park at Camden Yards,outdoor,,-167,-167,9/8/2026,1.1223,
2026-10-09T00:00:00Z,williamhill_us,2026-10-08T09:12:33Z,Chicago White Sox,Cleveland Guardians,batter_total_bases,Jo Adell,1.5,139,-190,41.84,65.52,38.97,61.03,1.35,1.5,41.8,65.76,38.86,61.14,-4.38,61.14,Under,1.34,-0.16,59.92,Yes,0.11,0.11,Standard,https://www.freeiconspng.com/img/1934,2026-10-09T00:00:00Z,No,1.4,7.5,Guardians @ Orioles,2026-09-08T22:35:00Z,Tue 06:35pm,Oriole Park at Camden Yards,outdoor,,-157,-157,9/8/2026,1.1658,
2026-10-09T00:00:00Z,williamhill_us,2026-10-08T09:12:33Z,Chicago White Sox,Cleveland Guardians,batter_total_bases,Brayan Rocchio,0.5,-148,111,59.68,47.39,55.74,44.26,0.82,0.5,60.2,47.95,55.67,44.33,-4.01,55.67,Over,0.81,0.31,54.85,Yes,-0.07,-0.07,Standard,https://www.freeiconspng.com/img/1934,2026-10-09T00:00:00Z,No,1.4,7.5,Guardians @ Orioles,2026-09-08T22:35:00Z,Tue 06:35pm,Oriole Park at Camden Yards,outdoor,,-126,-126,9/8/2026,0.5567,
2026-10-09T00:00:00Z,williamhill_us,2026-10-08T09:12:33Z,Chicago White Sox,Cleveland Guardians,batter_total_bases,Jose Ramirez,1.5,123,-164,44.84,62.12,41.92,58.08,1.43,1.5,44.07,62.74,41.25,58.75,-3.37,58.75,Under,1.41,-0.09,57.78,Yes,0.67,0.67,Standard,https://www.freeiconspng.com/img/1934,2026-10-09T00:00:00Z,No,1.4,7.5,,,,,,,-142,-142,,1.2375,
2026-10-09T00:00:00Z,williamhill_us,2026-10-08T09:12:33Z,Chicago White Sox,Cleveland Guardians,batter_total_bases,Patrick Bailey,0.5,-127,-106,55.95,51.46,52.09,47.91,0.74,0.5,56.24,51.94,51.99,48.01,-3.96,51.99,Over,0.73,0.23,51.59,Yes,-0.10,-0.1,Standard,https://www.freeiconspng.com/img/1934,2026-10-09T00:00:00Z,No,1.4,7.5,Guardians @ Orioles,2026-09-08T22:35:00Z,Tue 06:35pm,Oriole Park at Camden Yards,outdoor,,-108,-108,9/8/2026,0.5199,
2026-10-09T00:00:00Z,williamhill_us,2026-10-08T09:12:33Z,Chicago White Sox,Cleveland Guardians,batter_total_bases,Chase DeLauter,1.5,138,-190,42.02,65.52,39.07,60.93,1.35,1.5,41,65.27,38.58,61.42,-4.1,61.42,Under,1.34,-0.16,59.92,Yes,0.49,0.49,Standard,https://www.freeiconspng.com/img/1934,2026-10-09T00:00:00Z,No,1.4,7.5,,,,,,,-159,-159,,1.1574,
2026-10-09T00:00:00Z,williamhill_us,2026-10-08T09:12:33Z,Chicago White Sox,Cleveland Guardians,batter_total_bases,Braden Montgomery,0.5,-136,102,57.63,49.5,53.79,46.21,0.77,0.5,57.75,50.28,53.45,46.55,-4.18,53.45,Over,0.76,0.26,52.85,Yes,-0.34,-0.34,Standard,https://www.freeiconspng.com/img/1934,2026-10-09T00:00:00Z,No,1.4,7.5,Pirates @ White Sox,2026-09-08T23:40:00Z,Tue 07:40pm,Rate Field,outdoor,,-115,-115,9/8/2026,0.5345,
2026-10-09T00:00:00Z,williamhill_us,2026-10-08T09:12:33Z,Chicago White Sox,Cleveland Guardians,pitcher_outs,Parker Messick,14.5,-173,127,63.37,44.05,58.99,41.01,15.16,14.5,61.81,43.68,58.57,41.43,-4.8,58.57,Over,15.13,0.63,57.57,Yes,-0.42,-0.42,Standard,https://www.freeiconspng.com/img/1934,2026-10-09T00:00:00Z,No,1.4,7.5,,,,,,,-141,-141,,16.9853,
2026-10-09T00:00:00Z,williamhill_us,2026-10-08T09:12:33Z,Chicago White Sox,Cleveland Guardians,pitcher_outs,Hagen Smith,5.5,-132,-102,56.9,50.5,52.98,47.02,5.72,5.5,57.56,51.09,52.98,47.02,-3.92,52.98,Over,5.72,0.22,52.66,Yes,0.00,0,Standard,https://www.freeiconspng.com/img/1934,2026-10-09T00:00:00Z,No,1.4,7.5,,,,,,,-113,-113,,5.8278,
2026-10-09T00:00:00Z,fanatics,2026-10-08T09:11:28Z,Chicago White Sox,Cleveland Guardians,batter_doubles,Travis Bazzana,0.5,450,,18.18,,,,0.5,0.5,18.09,88.95,16.89,83.11,,18.18,Over,0.5,0,50,No,-1.29,-1.29,Non-Standard,https://www.freeiconspng.com/img/1934,2026-10-09T00:00:00Z,No,1.4,7.5,Guardians @ Orioles,2026-09-08T22:35:00Z,Tue 06:35pm,Oriole Park at Camden Yards,outdoor,,450,450,9/8/2026,0.1689,
2026-10-09T00:00:00Z,fanatics,2026-10-08T09:11:28Z,Chicago White Sox,Cleveland Guardians,batter_hits,Angel Martinez,0.5,-150,115,60,46.51,56.33,43.67,0.83,0.5,61.01,45.81,57.15,42.85,-2.85,57.15,Over,0.85,0.35,56.39,Yes,0.82,0.82,Standard,https://www.freeiconspng.com/img/1934,2026-10-09T00:00:00Z,No,1.4,7.5,,,,,,,-133,-133,,0.5715,
2026-10-09T00:00:00Z,fanatics,2026-10-08T09:11:28Z,Chicago White Sox,Cleveland Guardians,batter_hits_runs_rbis,Travis Bazzana,1.5,120,-170,45.45,62.96,41.93,58.07,1.43,1.5,42.98,62.45,40.77,59.23,-3.73,59.23,Under,1.4,-0.1,58.08,Yes,1.16,1.16,Standard,https://www.freeiconspng.com/img/1934,2026-10-09T00:00:00Z,No,1.4,7.5,Guardians @ Orioles,2026-09-08T22:35:00Z,Tue 06:35pm,Oriole Park at Camden Yards,outdoor,,-145,-145,9/8/2026,1.2231,
2026-10-09T00:00:00Z,fanatics,2026-10-08T09:11:28Z,Chicago White Sox,Cleveland Guardians,batter_rbis,Colson Montgomery,0.5,260,-400,27.78,80,25.77,74.23,0.3,0.5,27.99,79.25,26.06,73.94,-6.06,73.94,Under,0.3,-0.2,71.19,Yes,-0.29,-0.29,Standard,https://www.freeiconspng.com/img/1934,,No,1.4,7.5,Pirates @ White Sox,2026-09-08T23:40:00Z,Tue 07:40pm,Rate Field,outdoor,,-284,-284,9/8/2026,0.2606,
2026-10-09T00:00:00Z,fanatics,2026-10-08T09:11:28Z,Chicago White Sox,Cleveland Guardians,batter_singles,Brayan Rocchio,0.5,100,-140,50,58.33,46.15,53.85,0.5,0.5,48.26,60.5,44.37,55.63,-2.7,55.63,Under,0.5,0,50,No,1.78,1.78,Standard,https://www.freeiconspng.com/img/1934,2026-10-09T00:00:00Z,No,1.4,7.5,Guardians @ Orioles,2026-09-08T22:35:00Z,Tue 06:35pm,Oriole Park at Camden Yards,outdoor,,-125,-125,9/8/2026,0.4437,
2026-10-09T00:00:00Z,fanatics,2026-10-08T09:11:28Z,Chicago White Sox,Cleveland Guardians,batter_stolen_bases,Braden Montgomery,0.5,1000,,9.09,,,,0.1,,,,,,,9.09,Over,0.1,-0.4,14.37,No,,,Non-Standard,https://www.freeiconspng.com/img/1934,2026-10-09T00:00:00Z,No,1.4,7.5,Pirates @ White Sox,2026-09-08T23:40:00Z,Tue 07:40pm,Rate Field,outdoor,,1000,,9/8/2026,0.0909,
2026-10-09T00:00:00Z,fanatics,2026-10-08T09:11:28Z,Chicago White Sox,Cleveland Guardians,batter_total_bases,Angel Martinez,0.5,-145,110,59.18,47.62,55.41,44.59,0.81,0.5,62.12,46.01,57.44,42.56,-1.74,57.44,Over,0.85,0.35,56.39,Yes,2.03,2.03,Standard,https://www.freeiconspng.com/img/1934,2026-10-09T00:00:00Z,No,1.4,7.5,,,,,,,-135,-135,,0.5744,
2026-10-09T00:00:00Z,fanatics,2026-10-08T09:11:28Z,Chicago White Sox,Cleveland Guardians,batter_triples,Travis Bazzana,0.5,2500,,3.85,,,,0.5,,,,,,,3.85,Over,0.5,0,50,No,,,Non-Standard,https://www.freeiconspng.com/img/1934,2026-10-09T00:00:00Z,No,1.4,7.5,Guardians @ Orioles,2026-09-08T22:35:00Z,Tue 06:35pm,Oriole Park at Camden Yards,outdoor,,2497,,9/8/2026,0.0385,
2026-10-09T00:00:00Z,fanatics,2026-10-08T09:11:28Z,Chicago White Sox,Cleveland Guardians,batter_walks,Chase DeLauter,0.5,100,-140,50,58.33,46.15,53.85,0.62,0.5,49.23,59.76,45.16,54.84,-3.49,54.84,Under,0.6,0.1,54.3,No,0.99,0.99,Standard,https://www.freeiconspng.com/img/1934,2026-10-09T00:00:00Z,No,1.4,7.5,,,,,,,-121,-121,,0.4516,
2026-10-09T00:00:00Z,fanatics,2026-10-08T09:11:28Z,Chicago White Sox,Cleveland Guardians,batter_walks,Steven Kwan,0.5,110,-155,47.62,60.78,43.93,56.07,0.58,0.5,48.5,60.35,44.56,55.44,-5.34,55.44,Under,0.59,0.09,54.78,No,-0.63,-0.63,Standard,https://www.freeiconspng.com/img/1934,2026-10-09T00:00:00Z,No,1.4,7.5,Guardians @ Orioles,2026-09-08T22:35:00Z,Tue 06:35pm,Oriole Park at Camden Yards,outdoor,,-124,-124,9/8/2026,0.4456,
2026-10-09T00:00:00Z,fanatics,2026-10-08T09:11:28Z,Chicago White Sox,Cleveland Guardians,batter_walks,Angel Martinez,0.5,300,-475,25,82.61,23.23,76.77,0.26,0.5,29.65,78.61,27.38,72.62,-9.99,72.62,Under,0.32,-0.18,69.9,Yes,-4.15,-4.15,Standard,https://www.freeiconspng.com/img/1934,2026-10-09T00:00:00Z,No,1.4,7.5,,,,,,,-265,-265,,0.2738,
2026-10-09T00:00:00Z,fanatics,2026-10-08T09:11:28Z,Chicago White Sox,Cleveland Guardians,batter_walks,Braden Montgomery,0.5,230,-350,30.3,77.78,28.04,71.96,0.33,0.5,29.92,78.36,27.62,72.38,-5.4,72.38,Under,0.32,-0.18,69.9,Yes,0.42,0.42,Standard,https://www.freeiconspng.com/img/1934,2026-10-09T00:00:00Z,No,1.4,7.5,Pirates @ White Sox,2026-09-08T23:40:00Z,Tue 07:40pm,Rate Field,outdoor,,-262,-262,9/8/2026,0.2762,
2026-10-09T00:00:00Z,fanatics,2026-10-08T09:11:28Z,Chicago White Sox,Cleveland Guardians,batter_walks,Patrick Bailey,0.5,175,-255,36.36,71.83,33.61,66.39,0.41,0.5,33.49,74.97,30.87,69.13,-2.7,69.13,Under,0.37,-0.13,66.78,Yes,2.74,2.74,Standard,https://www.freeiconspng.com/img/1934,2026-10-09T00:00:00Z,No,1.4,7.5,Guardians @ Orioles,2026-09-08T22:35:00Z,Tue 06:35pm,Oriole Park at Camden Yards,outdoor,,-224,-224,9/8/2026,0.3087,
2026-10-09T00:00:00Z,fanatics,2026-10-08T09:11:28Z,Chicago White Sox,Cleveland Guardians,batter_walks,Brayan Rocchio,0.5,210,-310,32.26,75.61,29.91,70.09,0.36,0.5,33.23,75.54,30.55,69.45,-6.16,69.45,Under,0.36,-0.14,67.4,Yes,-0.64,-0.64,Standard,https://www.freeiconspng.com/img/1934,2026-10-09T00:00:00Z,No,1.4,7.5,Guardians @ Orioles,2026-09-08T22:35:00Z,Tue 06:35pm,Oriole Park at Camden Yards,outdoor,,-227,-227,9/8/2026,0.3055,
2026-10-09T00:00:00Z,fanatics,2026-10-08T09:11:28Z,Chicago White Sox,Cleveland Guardians,batter_walks,Munetaka Murakami,0.5,125,-180,44.44,64.29,40.88,59.12,0.53,0.5,52.26,58.96,46.92,53.08,-11.21,53.08,Under,0.63,0.13,52.87,No,-6.04,-6.04,Standard,https://www.freeiconspng.com/img/1934,2026-10-09T00:00:00Z,No,1.4,7.5,Pirates @ White Sox,2026-09-08T23:40:00Z,Tue 07:40pm,Rate Field,outdoor,,-113,-113,9/8/2026,0.4692,
2026-10-09T00:00:00Z,fanatics,2026-10-08T09:11:28Z,Chicago White Sox,Cleveland Guardians,batter_walks,Miguel Vargas,0.5,100,-140,50,58.33,46.15,53.85,0.62,0.5,46.73,61.88,43.02,56.98,-1.35,56.98,Under,0.56,0.06,56.27,No,3.13,3.13,Standard,https://www.freeiconspng.com/img/1934,2026-10-09T00:00:00Z,No,1.4,7.5,Pirates @ White Sox,2026-09-08T23:40:00Z,Tue 07:40pm,Rate Field,outdoor,,-132,-132,9/8/2026,0.4302,
2026-10-09T00:00:00Z,fanatics,2026-10-08T09:11:28Z,Chicago White Sox,Cleveland Guardians,batter_walks,Tommy Pham,0.5,160,-230,38.46,69.7,35.56,64.44,0.44,0.5,34.34,73.98,31.7,68.3,-1.4,68.3,Under,0.38,-0.12,66.18,Yes,3.86,3.86,Standard,https://www.freeiconspng.com/img/1934,,No,1.4,7.5,,,,,,,-215,-215,,0.317,
2026-10-09T00:00:00Z,fanatics,2026-10-08T09:11:28Z,Chicago White Sox,Cleveland Guardians,batter_walks,Travis Bazzana,0.5,150,-215,40,68.25,36.95,63.05,0.46,0.5,39.55,69.22,36.36,63.64,-4.61,63.64,Under,0.45,-0.05,62.11,Yes,0.59,0.59,Standard,https://www.freeiconspng.com/img/1934,2026-10-09T00:00:00Z,No,1.4,7.5,Guardians @ Orioles,2026-09-08T22:35:00Z,Tue 06:35pm,Oriole Park at Camden Yards,outdoor,,-175,-175,9/8/2026,0.3636,
2026-10-09T00:00:00Z,fanatics,2026-10-08T09:11:28Z,Chicago White Sox,Cleveland Guardians,batter_walks,Jose Ramirez,0.5,135,-195,42.55,66.1,39.16,60.84,0.5,0.5,43.7,65.17,40.14,59.86,-6.24,59.86,Under,0.51,0.01,58.84,No,-0.98,-0.98,Standard,https://www.freeiconspng.com/img/1934,2026-10-09T00:00:00Z,No,1.4,7.5,,,,,,,-149,-149,,0.4014,
2026-10-09T00:00:00Z,fanatics,2026-10-08T09:11:28Z,Chicago White Sox,Cleveland Guardians,batter_walks,Colson Montgomery,0.5,175,-255,36.36,71.83,33.61,66.39,0.41,0.5,35.43,73.67,32.46,67.54,-4.29,67.54,Under,0.39,-0.11,65.58,Yes,1.15,1.15,Standard,https://www.freeiconspng.com/img/1934,,No,1.4,7.5,Pirates @ White Sox,2026-09-08T23:40:00Z,Tue 07:40pm,Rate Field,outdoor,,-208,-208,9/8/2026,0.3246,
2026-10-09T00:00:00Z,fanatics,2026-10-08T09:11:28Z,Chicago White Sox,Cleveland Guardians,batter_walks,Kyle Teel,0.5,180,-265,35.71,72.6,32.97,67.03,0.4,0.5,38.95,69.76,35.82,64.18,-8.42,64.18,Under,0.44,-0.06,62.68,Yes,-2.85,-2.85,Standard,https://www.freeiconspng.com/img/1934,2026-10-09T00:00:00Z,No,1.4,7.5,Pirates @ White Sox,2026-09-08T23:40:00Z,Tue 07:40pm,Rate Field,outdoor,,-179,-179,9/8/2026,0.3582,
2026-10-09T00:00:00Z,fanatics,2026-10-08T09:11:28Z,Chicago White Sox,Cleveland Guardians,batter_walks,Nathaniel Lowe,0.5,150,-215,40,68.25,36.95,63.05,0.46,0.5,39.59,68.98,36.46,63.54,-4.71,63.54,Under,0.45,-0.05,62.11,Yes,0.49,0.49,Standard,https://www.freeiconspng.com/img/1934,2026-10-09T00:00:00Z,No,1.4,7.5,Guardians @ Orioles,2026-09-08T22:35:00Z,Tue 06:35pm,Oriole Park at Camden Yards,outdoor,,-174,-174,9/8/2026,0.3646,
2026-10-09T00:00:00Z,fanatics,2026-10-08T09:11:28Z,Chicago White Sox,Cleveland Guardians,batter_walks,Chase Meidroth,0.5,170,-245,37.04,71.01,34.28,65.72,0.42,0.5,38.34,70.46,35.23,64.77,-6.24,64.77,Under,0.43,-0.07,63.24,Yes,-0.95,-0.95,Standard,https://www.freeiconspng.com/img/1934,2026-10-09T00:00:00Z,No,1.4,7.5,Pirates @ White Sox,2026-09-08T23:40:00Z,Tue 07:40pm,Rate Field,outdoor,,-184,-184,9/8/2026,0.3523,
2026-10-09T00:00:00Z,fanatics,2026-10-08T09:11:28Z,Chicago White Sox,Cleveland Guardians,batter_walks,Jo Adell,0.5,145,-210,40.82,67.74,37.6,62.4,0.47,0.5,42.19,66.72,38.73,61.27,-6.47,61.27,Under,0.49,-0.01,59.91,Yes,-1.13,-1.13,Standard,https://www.freeiconspng.com/img/1934,2026-10-09T00:00:00Z,No,1.4,7.5,Guardians @ Orioles,2026-09-08T22:35:00Z,Tue 06:35pm,Oriole Park at Camden Yards,outdoor,,-158,-158,9/8/2026,0.3873,
2026-10-09T00:00:00Z,fanatics,2026-10-08T09:11:28Z,Chicago White Sox,Cleveland Guardians,pitcher_earned_runs,Parker Messick,1.5,-125,-115,55.56,53.49,50.95,49.05,1.53,1.5,53.5,53.25,50.13,49.87,-5.43,50.13,Over,1.5,0,50,No,-0.82,-0.82,Standard,https://www.freeiconspng.com/img/1934,2026-10-09T00:00:00Z,No,1.4,7.5,,,,,,,-101,-101,,1.5039,
2026-10-09T00:00:00Z,fanatics,2026-10-08T09:11:28Z,Chicago White Sox,Cleveland Guardians,pitcher_hits_allowed,Parker Messick,3.5,-165,115,62.26,46.51,57.24,42.76,4.03,3.5,59.81,48.63,55.15,44.85,-7.11,55.15,Over,3.92,0.42,54.47,Yes,-2.09,-2.09,Standard,https://www.freeiconspng.com/img/1934,2026-10-09T00:00:00Z,No,1.4,7.5,,,,,,,-123,-123,,3.8605,
2026-10-09T00:00:00Z,fanatics,2026-10-08T09:11:28Z,Chicago White Sox,Cleveland Guardians,pitcher_outs,Parker Messick,15.5,125,-175,44.44,63.64,41.12,58.88,14.85,15.5,47.18,61.42,43.44,56.56,-7.08,56.56,Under,15.02,-0.48,55.78,Yes,-2.32,-2.32,Standard,https://www.freeiconspng.com/img/1934,2026-10-09T00:00:00Z,No,1.4,7.5,,,,,,,-130,-130,,13.4664,
2026-10-09T00:00:00Z,fanatics,2026-10-08T09:11:28Z,Chicago White Sox,Cleveland Guardians,pitcher_record_a_win,Parker Messick,0.5,250,-375,28.57,78.95,26.57,73.43,0.2657,0.5,30.74,76.85,28.57,71.43,-7.52,71.43,Under,0.2857,-0.21,68.86,Yes,-2.00,-2,Standard,https://www.freeiconspng.com/img/1934,2026-10-09T00:00:00Z,No,1.4,7.5,,,,,,,-250,-250,,0.2857,
2026-10-09T00:00:00Z,fanatics,2026-10-08T09:11:28Z,Chicago White Sox,Cleveland Guardians,pitcher_strikeouts,Parker Messick,5.5,-145,110,59.18,47.62,55.41,44.59,6,5.5,59.88,45.7,56.73,43.27,-2.45,56.73,Over,6.08,0.58,55.9,Yes,1.32,1.32,Standard,https://www.freeiconspng.com/img/1934,2026-10-09T00:00:00Z,No,1.4,7.5,,,,,,,-131,-131,,6.2403,
2026-10-09T00:00:00Z,hardrockbet,2026-10-08T09:13:37Z,Chicago White Sox,Cleveland Guardians,batter_doubles,Chase Meidroth,0.5,400,-600,20,85.71,18.92,81.08,0.5,0.5,20.93,86.45,19.48,80.52,-5.19,80.52,Under,0.5,0,50,No,-0.56,-0.56,Standard,https://www.freeiconspng.com/img/1934,2026-10-09T00:00:00Z,No,1.4,7.5,Pirates @ White Sox,2026-09-08T23:40:00Z,Tue 07:40pm,Rate Field,outdoor,,-413,-413,9/8/2026,0.1948,
2026-10-09T00:00:00Z,hardrockbet,2026-10-08T09:13:37Z,Chicago White Sox,Cleveland Guardians,batter_doubles,Tommy Pham,0.5,700,-1200,12.5,92.31,11.93,88.07,0.5,0.5,13.59,92.67,12.77,87.23,-5.08,87.23,Under,0.5,0,50,No,-0.84,-0.84,Standard,https://www.freeiconspng.com/img/1934,,No,1.4,7.5,,,,,,,-683,-683,,0.1277,
2026-10-09T00:00:00Z,hardrockbet,2026-10-08T09:13:37Z,Chicago White Sox,Cleveland Guardians,batter_doubles,Brenton Doyle,0.5,600,-1000,14.29,90.91,13.58,86.42,0.5,0.5,14.95,91.56,14.02,85.98,-4.93,85.98,Under,0.5,0,50,No,-0.44,-0.44,Standard,https://www.freeiconspng.com/img/1934,2026-10-09T00:00:00Z,No,1.4,7.5,,,,,,,-613,-613,,0.1402,
2026-10-09T00:00:00Z,hardrockbet,2026-10-08T09:13:37Z,Chicago White Sox,Cleveland Guardians,batter_doubles,Munetaka Murakami,0.5,525,-850,16,89.47,15.17,84.83,0.5,0.5,16.34,90.39,15.3,84.7,-4.77,84.7,Under,0.5,0,50,No,-0.13,-0.13,Standard,https://www.freeiconspng.com/img/1934,2026-10-09T00:00:00Z,No,1.4,7.5,Pirates @ White Sox,2026-09-08T23:40:00Z,Tue 07:40pm,Rate Field,outdoor,,-554,-554,9/8/2026,0.153,
2026-10-09T00:00:00Z,hardrockbet,2026-10-08T09:13:37Z,Chicago White Sox,Cleveland Guardians,batter_doubles,Braden Montgomery,0.5,500,-800,16.67,88.89,15.79,84.21,0.5,0.5,17.56,89.4,16.4,83.6,-5.29,83.6,Under,0.5,0,50,No,-0.61,-0.61,Standard,https://www.freeiconspng.com/img/1934,2026-10-09T00:00:00Z,No,1.4,7.5,Pirates @ White Sox,2026-09-08T23:40:00Z,Tue 07:40pm,Rate Field,outdoor,,-510,-510,9/8/2026,0.164,
2026-10-09T00:00:00Z,hardrockbet,2026-10-08T09:13:37Z,Chicago White Sox,Cleveland Guardians,batter_doubles,Randal Grichuk,0.5,400,-650,20,86.67,18.75,81.25,0.5,0.5,20.38,87.23,18.92,81.08,-5.59,81.08,Under,0.5,0,50,No,-0.17,-0.17,Standard,https://www.freeiconspng.com/img/1934,2026-10-09T00:00:00Z,No,1.4,7.5,,,,,,,-429,-429,,0.1892,
2026-10-09T00:00:00Z,hardrockbet,2026-10-08T09:13:37Z,Chicago White Sox,Cleveland Guardians,batter_doubles,Miguel Vargas,0.5,375,-575,21.05,85.19,19.82,80.18,0.5,0.5,21.81,85.8,20.25,79.75,-5.44,79.75,Under,0.5,0,50,No,-0.43,-0.43,Standard,https://www.freeiconspng.com/img/1934,2026-10-09T00:00:00Z,No,1.4,7.5,Pirates @ White Sox,2026-09-08T23:40:00Z,Tue 07:40pm,Rate Field,outdoor,,-394,-394,9/8/2026,0.2025,
2026-10-09T00:00:00Z,hardrockbet,2026-10-08T09:13:37Z,Chicago White Sox,Cleveland Guardians,batter_doubles,Kyle Teel,0.5,575,-950,14.81,90.48,14.07,85.93,0.5,0.5,15.58,91.03,14.6,85.4,-5.08,85.4,Under,0.5,0,50,No,-0.53,-0.53,Standard,https://www.freeiconspng.com/img/1934,2026-10-09T00:00:00Z,No,1.4,7.5,Pirates @ White Sox,2026-09-08T23:40:00Z,Tue 07:40pm,Rate Field,outdoor,,-585,-585,9/8/2026,0.146,
2026-10-09T00:00:00Z,hardrockbet,2026-10-08T09:13:37Z,Chicago White Sox,Cleveland Guardians,batter_doubles,Steven Kwan,0.5,375,-575,21.05,85.19,19.82,80.18,0.5,0.5,21.43,86.15,19.91,80.09,-5.1,80.09,Under,0.5,0,50,No,-0.09,-0.09,Standard,https://www.freeiconspng.com/img/1934,2026-10-09T00:00:00Z,No,1.4,7.5,Guardians @ Orioles,2026-09-08T22:35:00Z,Tue 06:35pm,Oriole Park at Camden Yards,outdoor,,-402,-402,9/8/2026,0.1991,
2026-10-09T00:00:00Z,hardrockbet,2026-10-08T09:13:37Z,Chicago White Sox,Cleveland Guardians,batter_doubles,Jose Ramirez,0.5,375,-575,21.05,85.19,19.82,80.18,0.5,0.5,21.74,85.88,20.19,79.81,-5.38,79.81,Under,0.5,0,50,No,-0.37,-0.37,Standard,https://www.freeiconspng.com/img/1934,2026-10-09T00:00:00Z,No,1.4,7.5,,,,,,,-395,-395,,0.2019,
2026-10-09T00:00:00Z,hardrockbet,2026-10-08T09:13:37Z,Chicago White Sox,Cleveland Guardians,batter_doubles,Travis Bazzana,0.5,475,-750,17.39,88.24,16.46,83.54,0.5,0.5,18.09,88.95,16.89,83.11,-5.13,83.11,Under,0.5,0,50,No,-0.43,-0.43,Standard,https://www.freeiconspng.com/img/1934,2026-10-09T00:00:00Z,No,1.4,7.5,Guardians @ Orioles,2026-09-08T22:35:00Z,Tue 06:35pm,Oriole Park at Camden Yards,outdoor,,-492,-492,9/8/2026,0.1689,
2026-10-09T00:00:00Z,hardrockbet,2026-10-08T09:13:37Z,Chicago White Sox,Cleveland Guardians,batter_doubles,Angel Martinez,0.5,450,-700,18.18,87.5,17.2,82.8,0.5,0.5,19.16,88.03,17.87,82.13,-5.37,82.13,Under,0.5,0,50,No,-0.67,-0.67,Standard,https://www.freeiconspng.com/img/1934,2026-10-09T00:00:00Z,No,1.4,7.5,,,,,,,-460,-460,,0.1787,
2026-10-09T00:00:00Z,hardrockbet,2026-10-08T09:13:37Z,Chicago White Sox,Cleveland Guardians,batter_doubles,Patrick Bailey,0.5,500,-800,16.67,88.89,15.79,84.21,0.5,0.5,17.49,89.44,16.34,83.66,-5.23,83.66,Under,0.5,0,50,No,-0.55,-0.55,Standard,https://www.freeiconspng.com/img/1934,2026-10-09T00:00:00Z,No,1.4,7.5,Guardians @ Orioles,2026-09-08T22:35:00Z,Tue 06:35pm,Oriole Park at Camden Yards,outdoor,,-512,-512,9/8/2026,0.1634,
2026-10-09T00:00:00Z,hardrockbet,2026-10-08T09:13:37Z,Chicago White Sox,Cleveland Guardians,batter_doubles,Brayan Rocchio,0.5,450,-750,18.18,88.24,17.09,82.91,0.5,0.5,18.44,88.82,17.18,82.82,-5.42,82.82,Under,0.5,0,50,No,-0.09,-0.09,Standard,https://www.freeiconspng.com/img/1934,2026-10-09T00:00:00Z,No,1.4,7.5,Guardians @ Orioles,2026-09-08T22:35:00Z,Tue 06:35pm,Oriole Park at Camden Yards,outdoor,,-482,-482,9/8/2026,0.1718,
2026-10-09T00:00:00Z,hardrockbet,2026-10-08T09:13:37Z,Chicago White Sox,Cleveland Guardians,batter_doubles,Nathaniel Lowe,0.5,475,-750,17.39,88.24,16.46,83.54,0.5,0.5,18.06,88.93,16.87,83.13,-5.11,83.13,Under,0.5,0,50,No,-0.41,-0.41,Standard,https://www.freeiconspng.com/img/1934,2026-10-09T00:00:00Z,No,1.4,7.5,Guardians @ Orioles,2026-09-08T22:35:00Z,Tue 06:35pm,Oriole Park at Camden Yards,outdoor,,-493,-493,9/8/2026,0.1687,
2026-10-09T00:00:00Z,hardrockbet,2026-10-08T09:13:37Z,Chicago White Sox,Cleveland Guardians,batter_doubles,Chase DeLauter,0.5,400,-600,20,85.71,18.92,81.08,0.5,0.5,20.55,86.8,19.13,80.87,-4.84,80.87,Under,0.5,0,50,No,-0.21,-0.21,Standard,https://www.freeiconspng.com/img/1934,2026-10-09T00:00:00Z,No,1.4,7.5,,,,,,,-423,-423,,0.1913,
2026-10-09T00:00:00Z,hardrockbet,2026-10-08T09:13:37Z,Chicago White Sox,Cleveland Guardians,batter_doubles,Jo Adell,0.5,400,-600,20,85.71,18.92,81.08,0.5,0.5,20.77,86.59,19.33,80.67,-5.04,80.67,Under,0.5,0,50,No,-0.41,-0.41,Standard,https://www.freeiconspng.com/img/1934,2026-10-09T00:00:00Z,No,1.4,7.5,Guardians @ Orioles,2026-09-08T22:35:00Z,Tue 06:35pm,Oriole Park at Camden Yards,outdoor,,-417,-417,9/8/2026,0.1933,
2026-10-09T00:00:00Z,hardrockbet,2026-10-08T09:13:37Z,Chicago White Sox,Cleveland Guardians,batter_hits,Angel Martinez,0.5,-155,120,60.78,45.45,57.21,42.79,0.85,0.5,61.01,45.81,57.15,42.85,-3.63,57.15,Over,0.85,0.35,56.39,Yes,-0.06,-0.06,Standard,https://www.freeiconspng.com/img/1934,2026-10-09T00:00:00Z,No,1.4,7.5,,,,,,,-133,-133,,0.5715,
2026-10-09T00:00:00Z,hardrockbet,2026-10-08T09:13:37Z,Chicago White Sox,Cleveland Guardians,batter_hits,Travis Bazzana,0.5,-140,105,58.33,48.78,54.46,45.54,0.79,0.5,58.5,48.54,54.67,45.33,-3.66,54.67,Over,0.79,0.29,54.06,Yes,0.21,0.21,Standard,https://www.freeiconspng.com/img/1934,2026-10-09T00:00:00Z,No,1.4,7.5,Guardians @ Orioles,2026-09-08T22:35:00Z,Tue 06:35pm,Oriole Park at Camden Yards,outdoor,,-121,-121,9/8/2026,0.5467,
2026-10-09T00:00:00Z,hardrockbet,2026-10-08T09:13:37Z,Chicago White Sox,Cleveland Guardians,batter_hits,Braden Montgomery,0.5,-135,105,57.45,48.78,54.08,45.92,0.78,0.5,57.45,49.3,53.82,46.18,-3.63,53.82,Over,0.77,0.27,53.25,Yes,-0.26,-0.26,Standard,https://www.freeiconspng.com/img/1934,2026-10-09T00:00:00Z,No,1.4,7.5,Pirates @ White Sox,2026-09-08T23:40:00Z,Tue 07:40pm,Rate Field,outdoor,,-117,-117,9/8/2026,0.5382,
2026-10-09T00:00:00Z,hardrockbet,2026-10-08T09:13:37Z,Chicago White Sox,Cleveland Guardians,batter_hits,Jose Ramirez,0.5,-225,160,69.23,38.46,64.29,35.71,1.03,0.5,69.01,37.25,64.96,35.04,-4.27,64.96,Over,1.05,0.55,63.21,Yes,0.67,0.67,Standard,https://www.freeiconspng.com/img/1934,2026-10-09T00:00:00Z,No,1.4,7.5,,,,,,,-185,-185,,0.6496,
2026-10-09T00:00:00Z,hardrockbet,2026-10-08T09:13:37Z,Chicago White Sox,Cleveland Guardians,batter_hits,Patrick Bailey,0.5,-130,100,56.52,50,53.06,46.94,0.76,0.5,56.59,50.14,53.02,46.98,-3.5,53.02,Over,0.76,0.26,52.85,Yes,-0.04,-0.04,Standard,https://www.freeiconspng.com/img/1934,2026-10-09T00:00:00Z,No,1.4,7.5,Guardians @ Orioles,2026-09-08T22:35:00Z,Tue 06:35pm,Oriole Park at Camden Yards,outdoor,,-113,-113,9/8/2026,0.5302,
2026-10-09T00:00:00Z,hardrockbet,2026-10-08T09:13:37Z,Chicago White Sox,Cleveland Guardians,batter_hits,Miguel Vargas,0.5,-175,135,63.64,42.55,59.93,40.07,0.91,0.5,63.75,42.78,59.83,40.17,-3.81,59.83,Over,0.91,0.41,58.58,Yes,-0.10,-0.1,Standard,https://www.freeiconspng.com/img/1934,2026-10-09T00:00:00Z,No,1.4,7.5,Pirates @ White Sox,2026-09-08T23:40:00Z,Tue 07:40pm,Rate Field,outdoor,,-149,-149,9/8/2026,0.5983,
2026-10-09T00:00:00Z,hardrockbet,2026-10-08T09:13:37Z,Chicago White Sox,Cleveland Guardians,batter_hits,Nathaniel Lowe,0.5,-155,120,60.78,45.45,57.21,42.79,0.85,0.5,61.05,45.68,57.2,42.8,-3.58,57.2,Over,0.85,0.35,56.39,Yes,-0.01,-0.01,Standard,https://www.freeiconspng.com/img/1934,2026-10-09T00:00:00Z,No,1.4,7.5,Guardians @ Orioles,2026-09-08T22:35:00Z,Tue 06:35pm,Oriole Park at Camden Yards,outdoor,,-134,-134,9/8/2026,0.572,
2026-10-09T00:00:00Z,hardrockbet,2026-10-08T09:13:37Z,Chicago White Sox,Cleveland Guardians,batter_hits,Munetaka Murakami,0.5,-130,100,56.52,50,53.06,46.94,0.76,0.5,56.45,49.64,53.19,46.81,-3.33,53.19,Over,0.76,0.26,52.85,Yes,0.13,0.13,Standard,https://www.freeiconspng.com/img/1934,2026-10-09T00:00:00Z,No,1.4,7.5,Pirates @ White Sox,2026-09-08T23:40:00Z,Tue 07:40pm,Rate Field,outdoor,,-114,-114,9/8/2026,0.5319,
2026-10-09T00:00:00Z,hardrockbet,2026-10-08T09:13:37Z,Chicago White Sox,Cleveland Guardians,batter_hits,Jo Adell,0.5,-185,135,64.91,42.55,60.4,39.6,0.93,0.5,64.55,42.21,60.45,39.55,-4.46,60.45,Over,0.93,0.43,59.28,Yes,0.05,0.05,Standard,https://www.freeiconspng.com/img/1934,2026-10-09T00:00:00Z,No,1.4,7.5,Guardians @ Orioles,2026-09-08T22:35:00Z,Tue 06:35pm,Oriole Park at Camden Yards,outdoor,,-153,-153,9/8/2026,0.6045,
2026-10-09T00:00:00Z,hardrockbet,2026-10-08T09:13:37Z,Chicago White Sox,Cleveland Guardians,batter_hits,Chase DeLauter,0.5,-220,155,68.75,39.22,63.68,36.32,1.01,0.5,68.53,38.03,64.33,35.67,-4.42,64.33,Over,1.03,0.53,62.58,Yes,0.65,0.65,Standard,https://www.freeiconspng.com/img/1934,2026-10-09T00:00:00Z,No,1.4,7.5,,,,,,,-180,-180,,0.6433,
2026-10-09T00:00:00Z,hardrockbet,2026-10-08T09:13:37Z,Chicago White Sox,Cleveland Guardians,batter_hits,Chase Meidroth,0.5,-200,145,66.67,40.82,62.03,37.97,0.97,0.5,66.43,40.49,62.15,37.85,-4.52,62.15,Over,0.97,0.47,60.64,Yes,0.12,0.12,Standard,https://www.freeiconspng.com/img/1934,2026-10-09T00:00:00Z,No,1.4,7.5,Pirates @ White Sox,2026-09-08T23:40:00Z,Tue 07:40pm,Rate Field,outdoor,,-164,-164,9/8/2026,0.6215,
2026-10-09T00:00:00Z,hardrockbet,2026-10-08T09:13:37Z,Chicago White Sox,Cleveland Guardians,batter_hits,Brayan Rocchio,0.5,-145,110,59.18,47.62,55.41,44.59,0.81,0.5,59.63,46.98,55.94,44.06,-3.24,55.94,Over,0.82,0.32,55.24,Yes,0.53,0.53,Standard,https://www.freeiconspng.com/img/1934,2026-10-09T00:00:00Z,No,1.4,7.5,Guardians @ Orioles,2026-09-08T22:35:00Z,Tue 06:35pm,Oriole Park at Camden Yards,outdoor,,-127,-127,9/8/2026,0.5594,
2026-10-09T00:00:00Z,hardrockbet,2026-10-08T09:13:37Z,Chicago White Sox,Cleveland Guardians,batter_hits,Steven Kwan,0.5,-240,170,70.59,37.04,65.59,34.41,1.07,0.5,69.88,36.8,65.52,34.48,-5.07,65.52,Over,1.06,0.56,63.51,Yes,-0.07,-0.07,Standard,https://www.freeiconspng.com/img/1934,2026-10-09T00:00:00Z,No,1.4,7.5,Guardians @ Orioles,2026-09-08T22:35:00Z,Tue 06:35pm,Oriole Park at Camden Yards,outdoor,,-190,-190,9/8/2026,0.6552,
2026-10-09T00:00:00Z,hardrockbet,2026-10-08T09:13:37Z,Chicago White Sox,Cleveland Guardians,batter_hits,Brenton Doyle,0.5,-110,-120,52.38,54.55,48.99,51.01,0.67,0.5,51.77,55.96,48.02,51.98,-2.57,51.98,Under,0.65,0.15,51.94,No,0.97,0.97,Standard,https://www.freeiconspng.com/img/1934,2026-10-09T00:00:00Z,No,1.4,7.5,,,,,,,-108,-108,,0.4802,
2026-10-09T00:00:00Z,hardrockbet,2026-10-08T09:13:37Z,Chicago White Sox,Cleveland Guardians,batter_hits,Tommy Pham,0.5,100,-130,50,56.52,46.94,53.06,0.63,0.5,50.25,56.47,47.12,52.88,-3.64,52.88,Under,0.64,0.14,52.4,No,-0.18,-0.18,Standard,https://www.freeiconspng.com/img/1934,,No,1.4,7.5,,,,,,,-112,-112,,0.4712,
2026-10-09T00:00:00Z,hardrockbet,2026-10-08T09:13:37Z,Chicago White Sox,Cleveland Guardians,batter_hits,Kyle Teel,0.5,-115,-115,53.49,53.49,50,50,0.69,0.5,54.77,53.78,50.45,49.55,-3.94,50.45,Over,0.7,0.2,50.3,Yes,0.45,0.45,Standard,https://www.freeiconspng.com/img/1934,2026-10-09T00:00:00Z,No,1.4,7.5,Pirates @ White Sox,2026-09-08T23:40:00Z,Tue 07:40pm,Rate Field,outdoor,,-102,-102,9/8/2026,0.5045,
2026-10-09T00:00:00Z,hardrockbet,2026-10-08T09:13:37Z,Chicago White Sox,Cleveland Guardians,batter_hits,Randal Grichuk,0.5,-160,120,61.54,45.45,57.52,42.48,0.86,0.5,59.7,46.63,56.15,43.85,-5.39,56.15,Over,0.82,0.32,55.24,Yes,-1.37,-1.37,Standard,https://www.freeiconspng.com/img/1934,2026-10-09T00:00:00Z,No,1.4,7.5,,,,,,,-128,-128,,0.5615,
2026-10-09T00:00:00Z,hardrockbet,2026-10-08T09:13:37Z,Chicago White Sox,Cleveland Guardians,batter_hits_runs_rbis,Steven Kwan,1.5,-110,-120,52.38,54.55,48.99,51.01,1.65,1.5,54.34,54.54,49.9,50.1,-4.45,50.1,Under,1.68,0.18,49.95,No,-0.91,-0.91,Standard,https://www.freeiconspng.com/img/1934,2026-10-09T00:00:00Z,No,1.4,7.5,Guardians @ Orioles,2026-09-08T22:35:00Z,Tue 06:35pm,Oriole Park at Camden Yards,outdoor,,-100,-100,9/8/2026,1.497,
2026-10-09T00:00:00Z,hardrockbet,2026-10-08T09:13:37Z,Chicago White Sox,Cleveland Guardians,batter_hits_runs_rbis,Chase DeLauter,1.5,-115,-115,53.49,53.49,50,50,1.68,1.5,54.15,54.72,49.75,50.25,-3.24,50.25,Under,1.67,0.17,50.23,No,0.25,0.25,Standard,https://www.freeiconspng.com/img/1934,2026-10-09T00:00:00Z,No,1.4,7.5,,,,,,,-101,-101,,1.4925,
2026-10-09T00:00:00Z,hardrockbet,2026-10-08T09:13:37Z,Chicago White Sox,Cleveland Guardians,batter_hits_runs_rbis,Jose Ramirez,1.5,-120,-110,54.55,52.38,51.01,48.99,1.71,1.5,55.1,53.79,50.63,49.37,-3.92,50.63,Over,1.7,0.2,50.59,Yes,-0.38,-0.38,Standard,https://www.freeiconspng.com/img/1934,2026-10-09T00:00:00Z,No,1.4,7.5,,,,,,,-103,-103,,1.5189,
2026-10-09T00:00:00Z,hardrockbet,2026-10-08T09:13:37Z,Chicago White Sox,Cleveland Guardians,batter_hits_runs_rbis,Brenton Doyle,0.5,-120,-110,54.55,52.38,51.01,48.99,0.71,0.5,55.8,53.11,51.28,48.72,-3.27,51.28,Over,0.72,0.22,51.17,Yes,0.27,0.27,Standard,https://www.freeiconspng.com/img/1934,2026-10-09T00:00:00Z,No,1.4,7.5,,,,,,,-105,-105,,0.5128,
2026-10-09T00:00:00Z,hardrockbet,2026-10-08T09:13:37Z,Chicago White Sox,Cleveland Guardians,batter_hits_runs_rbis,Jo Adell,1.5,100,-130,50,56.52,46.94,53.06,1.58,1.5,52.26,55.84,48.31,51.69,-4.83,51.69,Under,1.63,0.13,51.35,No,-1.37,-1.37,Standard,https://www.freeiconspng.com/img/1934,2026-10-09T00:00:00Z,No,1.4,7.5,Guardians @ Orioles,2026-09-08T22:35:00Z,Tue 06:35pm,Oriole Park at Camden Yards,outdoor,,-107,-107,9/8/2026,1.4493,
2026-10-09T00:00:00Z,hardrockbet,2026-10-08T09:13:37Z,Chicago White Sox,Cleveland Guardians,batter_hits_runs_rbis,Chase Meidroth,1.5,105,-140,48.78,58.33,45.54,54.46,1.54,1.5,47.41,59.2,44.47,55.53,-2.8,55.53,Under,1.51,0.01,54.79,No,1.07,1.07,Standard,https://www.freeiconspng.com/img/1934,2026-10-09T00:00:00Z,No,1.4,7.5,Pirates @ White Sox,2026-09-08T23:40:00Z,Tue 07:40pm,Rate Field,outdoor,,-125,-125,9/8/2026,1.3341,
2026-10-09T00:00:00Z,hardrockbet,2026-10-08T09:13:37Z,Chicago White Sox,Cleveland Guardians,batter_hits_runs_rbis,Angel Martinez,1.5,125,-165,44.44,62.26,41.65,58.35,1.42,1.5,44.56,61.98,41.84,58.16,-4.1,58.16,Under,1.43,-0.07,57.17,Yes,-0.19,-0.19,Standard,https://www.freeiconspng.com/img/1934,2026-10-09T00:00:00Z,No,1.4,7.5,,,,,,,-139,-139,,1.2552,
2026-10-09T00:00:00Z,hardrockbet,2026-10-08T09:13:37Z,Chicago White Sox,Cleveland Guardians,batter_hits_runs_rbis,Kyle Teel,0.5,-155,115,60.78,46.51,56.65,43.35,0.84,0.5,60.73,45.93,56.93,43.07,-3.85,56.93,Over,0.84,0.34,56.01,Yes,0.28,0.28,Standard,https://www.freeiconspng.com/img/1934,2026-10-09T00:00:00Z,No,1.4,7.5,Pirates @ White Sox,2026-09-08T23:40:00Z,Tue 07:40pm,Rate Field,outdoor,,-132,-132,9/8/2026,0.5693,
2026-10-09T00:00:00Z,hardrockbet,2026-10-08T09:13:37Z,Chicago White Sox,Cleveland Guardians,batter_hits_runs_rbis,Randal Grichuk,1.5,135,-180,42.55,64.29,39.83,60.17,1.37,1.5,42.55,64.29,39.83,60.17,-4.12,60.17,Under,1.37,-0.13,59,Yes,0.00,0,Standard,https://www.freeiconspng.com/img/1934,2026-10-09T00:00:00Z,No,1.4,7.5,,,,,,,-151,-151,,1.1949,
2026-10-09T00:00:00Z,hardrockbet,2026-10-08T09:13:37Z,Chicago White Sox,Cleveland Guardians,batter_hits_runs_rbis,Nathaniel Lowe,1.5,120,-160,45.45,61.54,42.48,57.52,1.45,1.5,45.09,61.36,42.34,57.66,-3.88,57.66,Under,1.44,-0.06,56.87,Yes,0.14,0.14,Standard,https://www.freeiconspng.com/img/1934,2026-10-09T00:00:00Z,No,1.4,7.5,Guardians @ Orioles,2026-09-08T22:35:00Z,Tue 06:35pm,Oriole Park at Camden Yards,outdoor,,-136,-136,9/8/2026,1.2702,
2026-10-09T00:00:00Z,hardrockbet,2026-10-08T09:13:37Z,Chicago White Sox,Cleveland Guardians,batter_hits_runs_rbis,Brayan Rocchio,1.5,130,-175,43.48,63.64,40.59,59.41,1.39,1.5,43.19,63.34,40.56,59.44,-4.2,59.44,Under,1.39,-0.11,58.39,Yes,0.03,0.03,Standard,https://www.freeiconspng.com/img/1934,2026-10-09T00:00:00Z,No,1.4,7.5,Guardians @ Orioles,2026-09-08T22:35:00Z,Tue 06:35pm,Oriole Park at Camden Yards,outdoor,,-147,-147,9/8/2026,1.2168,
2026-10-09T00:00:00Z,hardrockbet,2026-10-08T09:13:37Z,Chicago White Sox,Cleveland Guardians,batter_hits_runs_rbis,Braden Montgomery,0.5,-165,125,62.26,44.44,58.35,41.65,0.88,0.5,61.9,44.51,58.17,41.83,-4.09,58.17,Over,0.87,0.37,57.13,Yes,-0.18,-0.18,Standard,https://www.freeiconspng.com/img/1934,2026-10-09T00:00:00Z,No,1.4,7.5,Pirates @ White Sox,2026-09-08T23:40:00Z,Tue 07:40pm,Rate Field,outdoor,,-139,-139,9/8/2026,0.5817,
2026-10-09T00:00:00Z,hardrockbet,2026-10-08T09:13:37Z,Chicago White Sox,Cleveland Guardians,batter_hits_runs_rbis,Travis Bazzana,1.5,140,-190,41.67,65.52,38.87,61.13,1.34,1.5,42.98,62.45,40.77,59.23,-6.29,59.23,Under,1.4,-0.1,58.08,Yes,-1.90,-1.9,Standard,https://www.freeiconspng.com/img/1934,2026-10-09T00:00:00Z,No,1.40,7.5,Guardians @ Orioles,2026-09-08T22:35:00Z,Tue 06:35pm,Oriole Park at Camden Yards,outdoor,,-145,-145,9/8/2026,1.2231,
2026-10-09T00:00:00Z,hardrockbet,2026-10-08T09:13:37Z,Chicago White Sox,Cleveland Guardians,batter_hits_runs_rbis,Munetaka Murakami,1.5,125,-170,44.44,62.96,41.38,58.62,1.42,1.5,44.9,62.76,41.71,58.29,-4.67,58.29,Under,1.43,-0.07,57.17,Yes,-0.33,-0.33,Standard,https://www.freeiconspng.com/img/1934,2026-10-09T00:00:00Z,No,1.40,7.5,Pirates @ White Sox,2026-09-08T23:40:00Z,Tue 07:40pm,Rate Field,outdoor,,-140,-140,9/8/2026,1.2513,
2026-10-09T00:00:00Z,hardrockbet,2026-10-08T09:13:37Z,Chicago White Sox,Cleveland Guardians,batter_hits_runs_rbis,Miguel Vargas,1.5,105,-135,48.78,57.45,45.92,54.08,1.55,1.5,48.4,57.95,45.49,54.51,-2.94,54.51,Under,1.54,0.04,53.92,No,0.43,0.43,Standard,https://www.freeiconspng.com/img/1934,2026-10-09T00:00:00Z,No,1.40,7.5,Pirates @ White Sox,2026-09-08T23:40:00Z,Tue 07:40pm,Rate Field,outdoor,,-120,-120,9/8/2026,1.3647,
2026-10-09T00:00:00Z,hardrockbet,2026-10-08T09:13:37Z,Chicago White Sox,Cleveland Guardians,batter_hits_runs_rbis,Tommy Pham,0.5,-125,-105,55.56,51.22,52.03,47.97,0.73,0.5,56.62,52.25,52.1,47.9,-3.46,52.1,Over,0.74,0.24,52.01,Yes,0.07,0.07,Standard,https://www.freeiconspng.com/img/1934,,No,1.4,7.5,,,,,,,-109,-109,,0.521,
2026-10-09T00:00:00Z,hardrockbet,2026-10-08T09:13:37Z,Chicago White Sox,Cleveland Guardians,batter_hits_runs_rbis,Patrick Bailey,0.5,-165,125,62.26,44.44,58.35,41.65,0.88,0.5,62.47,44.05,58.68,41.32,-3.58,58.68,Over,0.88,0.38,57.5,Yes,0.33,0.33,Standard,https://www.freeiconspng.com/img/1934,2026-10-09T00:00:00Z,No,1.4,7.5,Guardians @ Orioles,2026-09-08T22:35:00Z,Tue 06:35pm,Oriole Park at Camden Yards,outdoor,,-142,-142,9/8/2026,0.5868,
2026-10-09T00:00:00Z,hardrockbet,2026-10-08T09:13:37Z,Chicago White Sox,Cleveland Guardians,batter_home_runs,Braden Montgomery,0.5,1100,,8.33,,,,0.09,0.5,9.3,95.4,8.85,91.15,,8.33,Over,0.09,-0.41,13.57,No,0.52,0.52,Non-Standard,https://www.freeiconspng.com/img/1934,2026-10-09T00:00:00Z,No,1.4,7.5,Pirates @ White Sox,2026-09-08T23:40:00Z,Tue 07:40pm,Rate Field,outdoor,,1100,1100,9/8/2026,0.0885,
2026-10-09T00:00:00Z,hardrockbet,2026-10-08T09:13:37Z,Chicago White Sox,Cleveland Guardians,batter_home_runs,Chase DeLauter,0.5,700,,12.5,,,,0.13,0.5,13.36,93.16,12.53,87.47,,12.5,Over,0.13,-0.37,16.73,No,0.03,0.03,Non-Standard,https://www.freeiconspng.com/img/1934,2026-10-09T00:00:00Z,No,1.4,7.5,,,,,,,700,700,,0.1253,
2026-10-09T00:00:00Z,hardrockbet,2026-10-08T09:13:37Z,Chicago White Sox,Cleveland Guardians,batter_home_runs,Jose Ramirez,0.5,550,,15.38,,,,0.17,0.5,15.39,90.29,14.53,85.47,,15.38,Over,0.16,-0.34,19.01,No,-0.85,-0.85,Non-Standard,https://www.freeiconspng.com/img/1934,2026-10-09T00:00:00Z,No,1.4,7.5,,,,,,,550,550,,0.1453,
2026-10-09T00:00:00Z,hardrockbet,2026-10-08T09:13:37Z,Chicago White Sox,Cleveland Guardians,batter_home_runs,Randal Grichuk,0.5,550,,15.38,,,,0.17,0.5,15.15,90.51,14.32,85.68,,15.38,Over,0.15,-0.35,18.26,No,-1.06,-1.06,Non-Standard,https://www.freeiconspng.com/img/1934,2026-10-09T00:00:00Z,No,1.4,7.5,,,,,,,550,550,,0.1432,
2026-10-09T00:00:00Z,hardrockbet,2026-10-08T09:13:37Z,Chicago White Sox,Cleveland Guardians,batter_home_runs,Angel Martinez,0.5,850,,10.53,,,,0.11,0.5,11.28,94.27,10.66,89.34,,10.53,Over,0.11,-0.39,15.17,No,0.13,0.13,Non-Standard,https://www.freeiconspng.com/img/1934,2026-10-09T00:00:00Z,No,1.4,7.5,,,,,,,850,850,,0.1066,
2026-10-09T00:00:00Z,hardrockbet,2026-10-08T09:13:37Z,Chicago White Sox,Cleveland Guardians,batter_home_runs,Travis Bazzana,0.5,1000,,9.09,,,,0.1,0.5,10.35,95.25,9.78,90.22,,9.09,Over,0.1,-0.4,14.37,No,0.69,0.69,Non-Standard,https://www.freeiconspng.com/img/1934,2026-10-09T00:00:00Z,No,1.4,7.5,Guardians @ Orioles,2026-09-08T22:35:00Z,Tue 06:35pm,Oriole Park at Camden Yards,outdoor,,1000,1000,9/8/2026,0.0978,
2026-10-09T00:00:00Z,hardrockbet,2026-10-08T09:13:37Z,Chicago White Sox,Cleveland Guardians,batter_home_runs,Kyle Teel,0.5,800,,11.11,,,,0.12,0.5,10.85,94.65,10.25,89.75,,11.11,Over,0.11,-0.39,15.17,No,-0.86,-0.86,Non-Standard,https://www.freeiconspng.com/img/1934,2026-10-09T00:00:00Z,No,1.4,7.5,Pirates @ White Sox,2026-09-08T23:40:00Z,Tue 07:40pm,Rate Field,outdoor,,800,800,9/8/2026,0.1025,
2026-10-09T00:00:00Z,hardrockbet,2026-10-08T09:13:37Z,Chicago White Sox,Cleveland Guardians,batter_home_runs,Brayan Rocchio,0.5,1000,,9.09,,,,0.1,0.5,9.39,96.37,8.84,91.16,,9.09,Over,0.09,-0.41,13.57,No,-0.25,-0.25,Non-Standard,https://www.freeiconspng.com/img/1934,2026-10-09T00:00:00Z,No,1.4,7.5,Guardians @ Orioles,2026-09-08T22:35:00Z,Tue 06:35pm,Oriole Park at Camden Yards,outdoor,,1000,1000,9/8/2026,0.0884,
2026-10-09T00:00:00Z,hardrockbet,2026-10-08T09:13:37Z,Chicago White Sox,Cleveland Guardians,batter_home_runs,Miguel Vargas,0.5,475,,17.39,,,,0.19,0.5,17.38,88.64,16.35,83.65,,17.39,Over,0.18,-0.32,20.5,No,-1.04,-1.04,Non-Standard,https://www.freeiconspng.com/img/1934,2026-10-09T00:00:00Z,No,1.4,7.5,Pirates @ White Sox,2026-09-08T23:40:00Z,Tue 07:40pm,Rate Field,outdoor,,475,475,9/8/2026,0.1635,
2026-10-09T00:00:00Z,hardrockbet,2026-10-08T09:13:37Z,Chicago White Sox,Cleveland Guardians,batter_home_runs,Patrick Bailey,0.5,750,,11.76,,,,0.13,0.5,11.88,93.88,11.2,88.8,,11.76,Over,0.12,-0.38,15.95,No,-0.56,-0.56,Non-Standard,https://www.freeiconspng.com/img/1934,2026-10-09T00:00:00Z,No,1.4,7.5,Guardians @ Orioles,2026-09-08T22:35:00Z,Tue 06:35pm,Oriole Park at Camden Yards,outdoor,,750,750,9/8/2026,0.112,
2026-10-09T00:00:00Z,hardrockbet,2026-10-08T09:13:37Z,Chicago White Sox,Cleveland Guardians,batter_home_runs,Munetaka Murakami,0.5,400,,20,,,,0.22,0.5,19.91,85.95,18.81,81.19,,20,Over,0.21,-0.29,22.67,No,-1.19,-1.19,Non-Standard,https://www.freeiconspng.com/img/1934,2026-10-09T00:00:00Z,No,1.4,7.5,Pirates @ White Sox,2026-09-08T23:40:00Z,Tue 07:40pm,Rate Field,outdoor,,400,400,9/8/2026,0.1881,
2026-10-09T00:00:00Z,hardrockbet,2026-10-08T09:13:37Z,Chicago White Sox,Cleveland Guardians,batter_home_runs,Steven Kwan,0.5,1750,,5.41,,,,0.06,0.5,6.41,96.97,6.17,93.83,,5.41,Over,0.06,-0.44,11.12,No,0.76,0.76,Non-Standard,https://www.freeiconspng.com/img/1934,2026-10-09T00:00:00Z,No,1.4,7.5,Guardians @ Orioles,2026-09-08T22:35:00Z,Tue 06:35pm,Oriole Park at Camden Yards,outdoor,,1748,1748,9/8/2026,0.0617,
2026-10-09T00:00:00Z,hardrockbet,2026-10-08T09:13:37Z,Chicago White Sox,Cleveland Guardians,batter_home_runs,Nathaniel Lowe,0.5,700,,12.5,,,,0.13,0.5,12.53,93.79,11.75,88.25,,12.5,Over,0.13,-0.37,16.73,No,-0.75,-0.75,Non-Standard,https://www.freeiconspng.com/img/1934,2026-10-09T00:00:00Z,No,1.4,7.5,Guardians @ Orioles,2026-09-08T22:35:00Z,Tue 06:35pm,Oriole Park at Camden Yards,outdoor,,700,700,9/8/2026,0.1175,
2026-10-09T00:00:00Z,hardrockbet,2026-10-08T09:13:37Z,Chicago White Sox,Cleveland Guardians,batter_home_runs,Jo Adell,0.5,500,,16.67,,,,0.18,0.5,16.61,89.09,15.68,84.32,,16.67,Over,0.17,-0.33,19.76,No,-0.99,-0.99,Non-Standard,https://www.freeiconspng.com/img/1934,2026-10-09T00:00:00Z,No,1.4,7.5,Guardians @ Orioles,2026-09-08T22:35:00Z,Tue 06:35pm,Oriole Park at Camden Yards,outdoor,,500,500,9/8/2026,0.1568,
2026-10-09T00:00:00Z,hardrockbet,2026-10-08T09:13:37Z,Chicago White Sox,Cleveland Guardians,batter_home_runs,Chase Meidroth,0.5,1300,,7.14,,,,0.07,0.5,8.59,96.63,8.14,91.86,,7.14,Over,0.08,-0.42,12.77,No,1.00,1,Non-Standard,https://www.freeiconspng.com/img/1934,2026-10-09T00:00:00Z,No,1.4,7.5,Pirates @ White Sox,2026-09-08T23:40:00Z,Tue 07:40pm,Rate Field,outdoor,,1301,1301,9/8/2026,0.0814,
2026-10-09T00:00:00Z,hardrockbet,2026-10-08T09:13:37Z,Chicago White Sox,Cleveland Guardians,batter_home_runs,Tommy Pham,0.5,850,,10.53,,,,0.11,0.5,10.62,94.72,10.05,89.95,,10.53,Over,0.11,-0.39,15.17,No,-0.48,-0.48,Non-Standard,https://www.freeiconspng.com/img/1934,,No,1.4,7.5,,,,,,,850,850,,0.1005,
2026-10-09T00:00:00Z,hardrockbet,2026-10-08T09:13:37Z,Chicago White Sox,Cleveland Guardians,batter_home_runs,Brenton Doyle,0.5,700,,12.5,,,,0.13,0.5,12.23,94,11.46,88.54,,12.5,Over,0.12,-0.38,15.95,No,-1.04,-1.04,Non-Standard,https://www.freeiconspng.com/img/1934,2026-10-09T00:00:00Z,No,1.4,7.5,,,,,,,700,700,,0.1146,
2026-10-09T00:00:00Z,hardrockbet,2026-10-08T09:13:37Z,Chicago White Sox,Cleveland Guardians,batter_rbis,Brenton Doyle,0.5,300,-450,25,81.82,23.4,76.6,0.27,0.5,25.42,81.69,23.68,76.32,-5.5,76.32,Under,0.27,-0.23,73.18,Yes,-0.28,-0.28,Standard,https://www.freeiconspng.com/img/1934,2026-10-09T00:00:00Z,No,1.4,7.5,,,,,,,-322,-322,,0.2368,
2026-10-09T00:00:00Z,hardrockbet,2026-10-08T09:13:37Z,Chicago White Sox,Cleveland Guardians,batter_rbis,Randal Grichuk,0.5,275,-400,26.67,80,25,75,0.29,0.5,27.73,79.47,25.83,74.17,-5.83,74.17,Under,0.3,-0.2,71.19,Yes,-0.83,-0.83,Standard,https://www.freeiconspng.com/img/1934,2026-10-09T00:00:00Z,No,1.4,7.5,,,,,,,-287,-287,,0.2583,
2026-10-09T00:00:00Z,hardrockbet,2026-10-08T09:13:37Z,Chicago White Sox,Cleveland Guardians,batter_rbis,Miguel Vargas,0.5,190,-275,34.48,73.33,31.98,68.02,0.39,0.5,34.06,72.93,31.79,68.21,-5.12,68.21,Under,0.38,-0.12,66.18,Yes,0.19,0.19,Standard,https://www.freeiconspng.com/img/1934,2026-10-09T00:00:00Z,No,1.4,7.5,Pirates @ White Sox,2026-09-08T23:40:00Z,Tue 07:40pm,Rate Field,outdoor,,-215,-215,9/8/2026,0.3179,
2026-10-09T00:00:00Z,hardrockbet,2026-10-08T09:13:37Z,Chicago White Sox,Cleveland Guardians,batter_rbis,Kyle Teel,0.5,300,-450,25,81.82,23.4,76.6,0.27,0.5,25.68,81.49,23.93,76.07,-5.75,76.07,Under,0.27,-0.23,73.18,Yes,-0.53,-0.53,Standard,https://www.freeiconspng.com/img/1934,2026-10-09T00:00:00Z,No,1.4,7.5,Pirates @ White Sox,2026-09-08T23:40:00Z,Tue 07:40pm,Rate Field,outdoor,,-318,-318,9/8/2026,0.2393,
2026-10-09T00:00:00Z,hardrockbet,2026-10-08T09:13:37Z,Chicago White Sox,Cleveland Guardians,batter_rbis,Braden Montgomery,0.5,300,-450,25,81.82,23.4,76.6,0.27,0.5,25.92,80.62,24.3,75.7,-6.12,75.7,Under,0.28,-0.22,72.51,Yes,-0.90,-0.9,Standard,https://www.freeiconspng.com/img/1934,2026-10-09T00:00:00Z,No,1.4,7.5,Pirates @ White Sox,2026-09-08T23:40:00Z,Tue 07:40pm,Rate Field,outdoor,,-312,-312,9/8/2026,0.243,
2026-10-09T00:00:00Z,hardrockbet,2026-10-08T09:13:37Z,Chicago White Sox,Cleveland Guardians,batter_rbis,Tommy Pham,0.5,300,-450,25,81.82,23.4,76.6,0.27,0.5,25.29,81.7,23.61,76.39,-5.43,76.39,Under,0.27,-0.23,73.18,Yes,-0.21,-0.21,Standard,https://www.freeiconspng.com/img/1934,,No,1.4,7.5,,,,,,,-324,-324,,0.2361,
2026-10-09T00:00:00Z,hardrockbet,2026-10-08T09:13:37Z,Chicago White Sox,Cleveland Guardians,batter_rbis,Chase Meidroth,0.5,350,-500,22.22,83.33,21.05,78.95,0.24,0.5,25.02,81.83,23.39,76.61,-6.72,76.61,Under,0.27,-0.23,73.18,Yes,-2.34,-2.34,Standard,https://www.freeiconspng.com/img/1934,2026-10-09T00:00:00Z,No,1.4,7.5,Pirates @ White Sox,2026-09-08T23:40:00Z,Tue 07:40pm,Rate Field,outdoor,,-328,-328,9/8/2026,0.2339,
2026-10-09T00:00:00Z,hardrockbet,2026-10-08T09:13:37Z,Chicago White Sox,Cleveland Guardians,batter_rbis,Munetaka Murakami,0.5,185,-275,35.09,73.33,32.36,67.64,0.39,0.5,34.72,71.89,32.55,67.45,-5.88,67.45,Under,0.39,-0.11,65.58,Yes,-0.19,-0.19,Standard,https://www.freeiconspng.com/img/1934,2026-10-09T00:00:00Z,No,1.4,7.5,Pirates @ White Sox,2026-09-08T23:40:00Z,Tue 07:40pm,Rate Field,outdoor,,-207,-207,9/8/2026,0.3255,
2026-10-09T00:00:00Z,hardrockbet,2026-10-08T09:13:37Z,Chicago White Sox,Cleveland Guardians,batter_rbis,Jose Ramirez,0.5,185,-275,35.09,73.33,32.36,67.64,0.39,0.5,34.73,71.67,32.62,67.38,-5.95,67.38,Under,0.39,-0.11,65.58,Yes,-0.26,-0.26,Standard,https://www.freeiconspng.com/img/1934,2026-10-09T00:00:00Z,No,1.4,7.5,,,,,,,-207,-207,,0.3262,
2026-10-09T00:00:00Z,hardrockbet,2026-10-08T09:13:37Z,Chicago White Sox,Cleveland Guardians,batter_rbis,Patrick Bailey,0.5,250,-375,28.57,78.95,26.57,73.43,0.31,0.5,28.21,78.88,26.32,73.68,-5.27,73.68,Under,0.31,-0.19,70.54,Yes,0.25,0.25,Standard,https://www.freeiconspng.com/img/1934,2026-10-09T00:00:00Z,No,1.4,7.5,Guardians @ Orioles,2026-09-08T22:35:00Z,Tue 06:35pm,Oriole Park at Camden Yards,outdoor,,-280,-280,9/8/2026,0.2632,
2026-10-09T00:00:00Z,hardrockbet,2026-10-08T09:13:37Z,Chicago White Sox,Cleveland Guardians,batter_rbis,Jo Adell,0.5,165,-230,37.74,69.7,35.13,64.87,0.43,0.5,38.88,68.28,36.27,63.73,-5.97,63.73,Under,0.45,-0.05,62.11,Yes,-1.14,-1.14,Standard,https://www.freeiconspng.com/img/1934,2026-10-09T00:00:00Z,No,1.4,7.5,Guardians @ Orioles,2026-09-08T22:35:00Z,Tue 06:35pm,Oriole Park at Camden Yards,outdoor,,-176,-176,9/8/2026,0.3627,
2026-10-09T00:00:00Z,hardrockbet,2026-10-08T09:13:37Z,Chicago White Sox,Cleveland Guardians,batter_rbis,Steven Kwan,0.5,300,-450,25,81.82,23.4,76.6,0.27,0.5,25.35,81.82,23.65,76.35,-5.47,76.35,Under,0.27,-0.23,73.18,Yes,-0.25,-0.25,Standard,https://www.freeiconspng.com/img/1934,2026-10-09T00:00:00Z,No,1.4,7.5,Guardians @ Orioles,2026-09-08T22:35:00Z,Tue 06:35pm,Oriole Park at Camden Yards,outdoor,,-323,-323,9/8/2026,0.2365,
2026-10-09T00:00:00Z,hardrockbet,2026-10-08T09:13:37Z,Chicago White Sox,Cleveland Guardians,batter_rbis,Chase DeLauter,0.5,185,-260,35.09,72.22,32.7,67.3,0.4,0.5,37,69.74,34.66,65.34,-6.88,65.34,Under,0.43,-0.07,63.24,Yes,-1.96,-1.96,Standard,https://www.freeiconspng.com/img/1934,2026-10-09T00:00:00Z,No,1.4,7.5,,,,,,,-189,-189,,0.3466,
2026-10-09T00:00:00Z,hardrockbet,2026-10-08T09:13:37Z,Chicago White Sox,Cleveland Guardians,batter_rbis,Travis Bazzana,0.5,260,-400,27.78,80,25.77,74.23,0.3,0.5,27.8,79.41,25.93,74.07,-5.93,74.07,Under,0.3,-0.2,71.19,Yes,-0.16,-0.16,Standard,https://www.freeiconspng.com/img/1934,2026-10-09T00:00:00Z,No,1.4,7.5,Guardians @ Orioles,2026-09-08T22:35:00Z,Tue 06:35pm,Oriole Park at Camden Yards,outdoor,,-286,-286,9/8/2026,0.2593,
2026-10-09T00:00:00Z,hardrockbet,2026-10-08T09:13:37Z,Chicago White Sox,Cleveland Guardians,batter_rbis,Nathaniel Lowe,0.5,200,-300,33.33,75,30.77,69.23,0.37,0.5,33.26,74.35,30.89,69.11,-5.89,69.11,Under,0.37,-0.13,66.78,Yes,-0.12,-0.12,Standard,https://www.freeiconspng.com/img/1934,2026-10-09T00:00:00Z,No,1.4,7.5,Guardians @ Orioles,2026-09-08T22:35:00Z,Tue 06:35pm,Oriole Park at Camden Yards,outdoor,,-224,-224,9/8/2026,0.3089,
2026-10-09T00:00:00Z,hardrockbet,2026-10-08T09:13:37Z,Chicago White Sox,Cleveland Guardians,batter_rbis,Brayan Rocchio,0.5,275,-400,26.67,80,25,75,0.29,0.5,27.49,78.68,25.88,74.12,-5.88,74.12,Under,0.3,-0.2,71.19,Yes,-0.88,-0.88,Standard,https://www.freeiconspng.com/img/1934,2026-10-09T00:00:00Z,No,1.4,7.5,Guardians @ Orioles,2026-09-08T22:35:00Z,Tue 06:35pm,Oriole Park at Camden Yards,outdoor,,-286,-286,9/8/2026,0.2588,
2026-10-09T00:00:00Z,hardrockbet,2026-10-08T09:13:37Z,Chicago White Sox,Cleveland Guardians,batter_rbis,Angel Martinez,0.5,240,-350,29.41,77.78,27.44,72.56,0.32,0.5,29.86,77.28,27.86,72.14,-5.64,72.14,Under,0.33,-0.17,69.27,Yes,-0.42,-0.42,Standard,https://www.freeiconspng.com/img/1934,2026-10-09T00:00:00Z,No,1.4,7.5,,,,,,,-259,-259,,0.2786,
2026-10-09T00:00:00Z,hardrockbet,2026-10-08T09:13:37Z,Chicago White Sox,Cleveland Guardians,batter_runs_scored,Brenton Doyle,0.5,220,-325,31.25,76.47,29.01,70.99,0.34,0.5,29.31,77.2,27.44,72.56,-3.91,72.56,Under,0.32,-0.18,69.9,Yes,1.57,1.57,Standard,https://www.freeiconspng.com/img/1934,2026-10-09T00:00:00Z,No,1.4,7.5,,,,,,,-264,-264,,0.2744,
2026-10-09T00:00:00Z,hardrockbet,2026-10-08T09:13:37Z,Chicago White Sox,Cleveland Guardians,batter_runs_scored,Tommy Pham,0.5,225,-325,30.77,76.47,28.69,71.31,0.34,0.5,30.15,76.19,28.35,71.65,-4.82,71.65,Under,0.33,-0.17,69.27,Yes,0.34,0.34,Standard,https://www.freeiconspng.com/img/1934,,No,1.4,7.5,,,,,,,-253,-253,,0.2835,
2026-10-09T00:00:00Z,hardrockbet,2026-10-08T09:13:37Z,Chicago White Sox,Cleveland Guardians,batter_runs_scored,Chase Meidroth,0.5,135,-185,42.55,64.91,39.6,60.4,0.5,0.5,41.56,65.12,38.93,61.07,-3.84,61.07,Under,0.49,-0.01,59.91,Yes,0.67,0.67,Standard,https://www.freeiconspng.com/img/1934,2026-10-09T00:00:00Z,No,1.4,7.5,Pirates @ White Sox,2026-09-08T23:40:00Z,Tue 07:40pm,Rate Field,outdoor,,-157,-157,9/8/2026,0.3893,
2026-10-09T00:00:00Z,hardrockbet,2026-10-08T09:13:37Z,Chicago White Sox,Cleveland Guardians,batter_runs_scored,Braden Montgomery,0.5,200,-300,33.33,75,30.77,69.23,0.37,0.5,31.88,74.68,29.86,70.14,-4.86,70.14,Under,0.35,-0.15,68.01,Yes,0.91,0.91,Standard,https://www.freeiconspng.com/img/1934,2026-10-09T00:00:00Z,No,1.4,7.5,Pirates @ White Sox,2026-09-08T23:40:00Z,Tue 07:40pm,Rate Field,outdoor,,-235,-235,9/8/2026,0.2986,
2026-10-09T00:00:00Z,hardrockbet,2026-10-08T09:13:37Z,Chicago White Sox,Cleveland Guardians,batter_runs_scored,Randal Grichuk,0.5,155,-210,39.22,67.74,36.66,63.34,0.46,0.5,36.79,69.61,34.48,65.52,-2.22,65.52,Under,0.42,-0.08,63.82,Yes,2.18,2.18,Standard,https://www.freeiconspng.com/img/1934,2026-10-09T00:00:00Z,No,1.4,7.5,,,,,,,-190,-190,,0.3448,
2026-10-09T00:00:00Z,hardrockbet,2026-10-08T09:13:37Z,Chicago White Sox,Cleveland Guardians,batter_runs_scored,Kyle Teel,0.5,195,-275,33.9,73.33,31.61,68.39,0.38,0.5,31.96,74.39,29.96,70.04,-3.29,70.04,Under,0.36,-0.14,67.4,Yes,1.65,1.65,Standard,https://www.freeiconspng.com/img/1934,2026-10-09T00:00:00Z,No,1.4,7.5,Pirates @ White Sox,2026-09-08T23:40:00Z,Tue 07:40pm,Rate Field,outdoor,,-234,-234,9/8/2026,0.2996,
2026-10-09T00:00:00Z,hardrockbet,2026-10-08T09:13:37Z,Chicago White Sox,Cleveland Guardians,batter_runs_scored,Munetaka Murakami,0.5,130,-175,43.48,63.64,40.59,59.41,0.52,0.5,42.25,64.46,39.52,60.48,-3.16,60.48,Under,0.5,0,59.37,No,1.07,1.07,Standard,https://www.freeiconspng.com/img/1934,2026-10-09T00:00:00Z,No,1.4,7.5,Pirates @ White Sox,2026-09-08T23:40:00Z,Tue 07:40pm,Rate Field,outdoor,,-153,-153,9/8/2026,0.3952,
2026-10-09T00:00:00Z,hardrockbet,2026-10-08T09:13:37Z,Chicago White Sox,Cleveland Guardians,batter_runs_scored,Miguel Vargas,0.5,130,-170,43.48,62.96,40.85,59.15,0.53,0.5,42.75,63.63,40.13,59.87,-3.09,59.87,Under,0.51,0.01,58.84,No,0.72,0.72,Standard,https://www.freeiconspng.com/img/1934,2026-10-09T00:00:00Z,No,1.4,7.5,Pirates @ White Sox,2026-09-08T23:40:00Z,Tue 07:40pm,Rate Field,outdoor,,-149,-149,9/8/2026,0.4013,
2026-10-09T00:00:00Z,hardrockbet,2026-10-08T09:13:37Z,Chicago White Sox,Cleveland Guardians,batter_runs_scored,Chase DeLauter,0.5,130,-170,43.48,62.96,40.85,59.15,0.53,0.5,43.53,62.99,40.86,59.14,-3.82,59.14,Under,0.53,0.03,57.8,No,-0.01,-0.01,Standard,https://www.freeiconspng.com/img/1934,2026-10-09T00:00:00Z,No,1.4,7.5,,,,,,,-145,-145,,0.4086,
2026-10-09T00:00:00Z,hardrockbet,2026-10-08T09:13:37Z,Chicago White Sox,Cleveland Guardians,batter_runs_scored,Steven Kwan,0.5,120,-160,45.45,61.54,42.48,57.52,0.55,0.5,44.86,61.6,42.09,57.91,-3.63,57.91,Under,0.55,0.05,56.77,No,0.39,0.39,Standard,https://www.freeiconspng.com/img/1934,2026-10-09T00:00:00Z,No,1.4,7.5,Guardians @ Orioles,2026-09-08T22:35:00Z,Tue 06:35pm,Oriole Park at Camden Yards,outdoor,,-138,-138,9/8/2026,0.4209,
2026-10-09T00:00:00Z,hardrockbet,2026-10-08T09:13:37Z,Chicago White Sox,Cleveland Guardians,batter_runs_scored,Brayan Rocchio,0.5,175,-250,36.36,71.43,33.73,66.27,0.41,0.5,36.25,70.39,33.98,66.02,-5.41,66.02,Under,0.42,-0.08,63.82,Yes,-0.25,-0.25,Standard,https://www.freeiconspng.com/img/1934,2026-10-09T00:00:00Z,No,1.4,7.5,Guardians @ Orioles,2026-09-08T22:35:00Z,Tue 06:35pm,Oriole Park at Camden Yards,outdoor,,-194,-194,9/8/2026,0.3398,
2026-10-09T00:00:00Z,hardrockbet,2026-10-08T09:13:37Z,Chicago White Sox,Cleveland Guardians,batter_runs_scored,Jose Ramirez,0.5,110,-145,47.62,59.18,44.59,55.41,0.59,0.5,47.53,59.14,44.56,55.44,-3.74,55.44,Under,0.59,0.09,54.78,No,0.03,0.03,Standard,https://www.freeiconspng.com/img/1934,2026-10-09T00:00:00Z,No,1.4,7.5,,,,,,,-124,-124,,0.4456,
2026-10-09T00:00:00Z,hardrockbet,2026-10-08T09:13:37Z,Chicago White Sox,Cleveland Guardians,batter_runs_scored,Patrick Bailey,0.5,180,-260,35.71,72.22,33.09,66.91,0.4,0.5,34.92,71.79,32.69,67.31,-4.91,67.31,Under,0.4,-0.1,64.99,Yes,0.40,0.4,Standard,https://www.freeiconspng.com/img/1934,2026-10-09T00:00:00Z,No,1.4,7.5,Guardians @ Orioles,2026-09-08T22:35:00Z,Tue 06:35pm,Oriole Park at Camden Yards,outdoor,,-206,-206,9/8/2026,0.3269,
2026-10-09T00:00:00Z,hardrockbet,2026-10-08T09:13:37Z,Chicago White Sox,Cleveland Guardians,batter_runs_scored,Angel Martinez,0.5,175,-250,36.36,71.43,33.73,66.27,0.41,0.5,35.92,70.66,33.71,66.29,-5.14,66.29,Under,0.41,-0.09,64.4,Yes,0.02,0.02,Standard,https://www.freeiconspng.com/img/1934,2026-10-09T00:00:00Z,No,1.4,7.5,,,,,,,-197,-197,,0.3371,
2026-10-09T00:00:00Z,hardrockbet,2026-10-08T09:13:37Z,Chicago White Sox,Cleveland Guardians,batter_runs_scored,Jo Adell,0.5,135,-185,42.55,64.91,39.6,60.4,0.5,0.5,42.59,64.19,39.87,60.13,-4.78,60.13,Under,0.51,0.01,58.84,No,-0.27,-0.27,Standard,https://www.freeiconspng.com/img/1934,2026-10-09T00:00:00Z,No,1.4,7.5,Guardians @ Orioles,2026-09-08T22:35:00Z,Tue 06:35pm,Oriole Park at Camden Yards,outdoor,,-151,-151,9/8/2026,0.3987,
2026-10-09T00:00:00Z,hardrockbet,2026-10-08T09:13:37Z,Chicago White Sox,Cleveland Guardians,batter_runs_scored,Travis Bazzana,0.5,170,-240,37.04,70.59,34.41,65.59,0.42,0.5,36.61,69.92,34.37,65.63,-4.96,65.63,Under,0.42,-0.08,63.82,Yes,0.04,0.04,Standard,https://www.freeiconspng.com/img/1934,2026-10-09T00:00:00Z,No,1.4,7.5,Guardians @ Orioles,2026-09-08T22:35:00Z,Tue 06:35pm,Oriole Park at Camden Yards,outdoor,,-191,-191,9/8/2026,0.3437,
2026-10-09T00:00:00Z,hardrockbet,2026-10-08T09:13:37Z,Chicago White Sox,Cleveland Guardians,batter_runs_scored,Nathaniel Lowe,0.5,160,-220,38.46,68.75,35.87,64.13,0.44,0.5,37.27,69.21,34.93,65.07,-3.68,65.07,Under,0.43,-0.07,63.24,Yes,0.94,0.94,Standard,https://www.freeiconspng.com/img/1934,2026-10-09T00:00:00Z,No,1.4,7.5,Guardians @ Orioles,2026-09-08T22:35:00Z,Tue 06:35pm,Oriole Park at Camden Yards,outdoor,,-186,-186,9/8/2026,0.3493,
2026-10-09T00:00:00Z,hardrockbet,2026-10-08T09:13:37Z,Chicago White Sox,Cleveland Guardians,batter_singles,Chase Meidroth,0.5,-120,-110,54.55,52.38,51.01,48.99,0.5,0.5,55.34,53.66,50.77,49.23,-3.78,50.77,Over,0.5,0,50,No,-0.24,-0.24,Standard,https://www.freeiconspng.com/img/1934,2026-10-09T00:00:00Z,No,1.4,7.5,Pirates @ White Sox,2026-09-08T23:40:00Z,Tue 07:40pm,Rate Field,outdoor,,-103,-103,9/8/2026,0.5077,
2026-10-09T00:00:00Z,hardrockbet,2026-10-08T09:13:37Z,Chicago White Sox,Cleveland Guardians,batter_singles,Brenton Doyle,0.5,165,-230,37.74,69.7,35.13,64.87,0.5,0.5,37.39,71.25,34.4,65.6,-4.1,65.6,Under,0.5,0,50,No,0.73,0.73,Standard,https://www.freeiconspng.com/img/1934,2026-10-09T00:00:00Z,No,1.4,7.5,,,,,,,-191,-191,,0.344,
2026-10-09T00:00:00Z,hardrockbet,2026-10-08T09:13:37Z,Chicago White Sox,Cleveland Guardians,batter_singles,Tommy Pham,0.5,170,-240,37.04,70.59,34.41,65.59,0.5,0.5,36.72,72.25,33.68,66.32,-4.27,66.32,Under,0.5,0,50,No,0.73,0.73,Standard,https://www.freeiconspng.com/img/1934,,No,1.4,7.5,,,,,,,-197,-197,,0.3368,
2026-10-09T00:00:00Z,hardrockbet,2026-10-08T09:13:37Z,Chicago White Sox,Cleveland Guardians,batter_singles,Miguel Vargas,0.5,130,-170,43.48,62.96,40.85,59.15,0.5,0.5,44.43,64.34,40.84,59.16,-3.8,59.16,Under,0.5,0,50,No,0.01,0.01,Standard,https://www.freeiconspng.com/img/1934,2026-10-09T00:00:00Z,No,1.4,7.5,Pirates @ White Sox,2026-09-08T23:40:00Z,Tue 07:40pm,Rate Field,outdoor,,-145,-145,9/8/2026,0.4084,
2026-10-09T00:00:00Z,hardrockbet,2026-10-08T09:13:37Z,Chicago White Sox,Cleveland Guardians,batter_singles,Braden Montgomery,0.5,130,-175,43.48,63.64,40.59,59.41,0.5,0.5,44.62,64.39,40.92,59.08,-4.56,59.08,Under,0.5,0,50,No,-0.33,-0.33,Standard,https://www.freeiconspng.com/img/1934,2026-10-09T00:00:00Z,No,1.4,7.5,Pirates @ White Sox,2026-09-08T23:40:00Z,Tue 07:40pm,Rate Field,outdoor,,-144,-144,9/8/2026,0.4092,
2026-10-09T00:00:00Z,hardrockbet,2026-10-08T09:13:37Z,Chicago White Sox,Cleveland Guardians,batter_singles,Randal Grichuk,0.5,145,-195,40.82,66.1,38.18,61.82,0.5,0.5,41.49,67.33,38.11,61.89,-4.21,61.89,Under,0.5,0,50,No,0.07,0.07,Standard,https://www.freeiconspng.com/img/1934,2026-10-09T00:00:00Z,No,1.4,7.5,,,,,,,-162,-162,,0.3811,
2026-10-09T00:00:00Z,hardrockbet,2026-10-08T09:13:37Z,Chicago White Sox,Cleveland Guardians,batter_singles,Kyle Teel,0.5,150,-210,40,67.74,37.13,62.87,0.5,0.5,40.34,68.73,36.97,63.03,-4.71,63.03,Under,0.5,0,50,No,0.16,0.16,Standard,https://www.freeiconspng.com/img/1934,2026-10-09T00:00:00Z,No,1.4,7.5,Pirates @ White Sox,2026-09-08T23:40:00Z,Tue 07:40pm,Rate Field,outdoor,,-170,-170,9/8/2026,0.3697,
2026-10-09T00:00:00Z,hardrockbet,2026-10-08T09:13:37Z,Chicago White Sox,Cleveland Guardians,batter_singles,Munetaka Murakami,0.5,180,-260,35.71,72.22,33.09,66.91,0.5,0.5,36.26,72.82,33.23,66.77,-5.45,66.77,Under,0.5,0,50,No,-0.14,-0.14,Standard,https://www.freeiconspng.com/img/1934,2026-10-09T00:00:00Z,No,1.4,7.5,Pirates @ White Sox,2026-09-08T23:40:00Z,Tue 07:40pm,Rate Field,outdoor,,-201,-201,9/8/2026,0.3323,
2026-10-09T00:00:00Z,hardrockbet,2026-10-08T09:13:37Z,Chicago White Sox,Cleveland Guardians,batter_singles,Travis Bazzana,0.5,120,-160,45.45,61.54,42.48,57.52,0.5,0.5,46.04,62.71,42.33,57.67,-3.87,57.67,Under,0.5,0,50,No,0.15,0.15,Standard,https://www.freeiconspng.com/img/1934,2026-10-09T00:00:00Z,No,1.4,7.5,Guardians @ Orioles,2026-09-08T22:35:00Z,Tue 06:35pm,Oriole Park at Camden Yards,outdoor,,-136,-136,9/8/2026,0.4233,
2026-10-09T00:00:00Z,hardrockbet,2026-10-08T09:13:37Z,Chicago White Sox,Cleveland Guardians,batter_singles,Chase DeLauter,0.5,-120,-110,54.55,52.38,51.01,48.99,0.5,0.5,54.86,53.67,50.58,49.42,-3.97,50.58,Over,0.5,0,50,No,-0.43,-0.43,Standard,https://www.freeiconspng.com/img/1934,2026-10-09T00:00:00Z,No,1.4,7.5,,,,,,,-102,-102,,0.5058,
2026-10-09T00:00:00Z,hardrockbet,2026-10-08T09:13:37Z,Chicago White Sox,Cleveland Guardians,batter_singles,Steven Kwan,0.5,-160,120,61.54,45.45,57.52,42.48,0.5,0.5,61.93,47.13,56.79,43.21,-4.75,56.79,Over,0.5,0,50,No,-0.73,-0.73,Standard,https://www.freeiconspng.com/img/1934,2026-10-09T00:00:00Z,No,1.4,7.5,Guardians @ Orioles,2026-09-08T22:35:00Z,Tue 06:35pm,Oriole Park at Camden Yards,outdoor,,-131,-131,9/8/2026,0.5679,
2026-10-09T00:00:00Z,hardrockbet,2026-10-08T09:13:37Z,Chicago White Sox,Cleveland Guardians,batter_singles,Jose Ramirez,0.5,-115,-115,53.49,53.49,50,50,0.5,0.5,55,54.52,50.23,49.77,-3.72,50.23,Over,0.5,0,50,No,0.23,0.23,Standard,https://www.freeiconspng.com/img/1934,2026-10-09T00:00:00Z,No,1.4,7.5,,,,,,,-101,-101,,0.5023,
2026-10-09T00:00:00Z,hardrockbet,2026-10-08T09:13:37Z,Chicago White Sox,Cleveland Guardians,batter_singles,Jo Adell,0.5,115,-155,46.51,60.78,43.35,56.65,0.5,0.5,47.34,61.61,43.45,56.55,-4.23,56.55,Under,0.5,0,50,No,-0.10,-0.1,Standard,https://www.freeiconspng.com/img/1934,2026-10-09T00:00:00Z,No,1.4,7.5,Guardians @ Orioles,2026-09-08T22:35:00Z,Tue 06:35pm,Oriole Park at Camden Yards,outdoor,,-130,-130,9/8/2026,0.4345,
2026-10-09T00:00:00Z,hardrockbet,2026-10-08T09:13:37Z,Chicago White Sox,Cleveland Guardians,batter_singles,Patrick Bailey,0.5,135,-180,42.55,64.29,39.83,60.17,0.5,0.5,43.4,65.34,39.9,60.1,-4.19,60.1,Under,0.5,0,50,No,-0.07,-0.07,Standard,https://www.freeiconspng.com/img/1934,2026-10-09T00:00:00Z,No,1.4,7.5,Guardians @ Orioles,2026-09-08T22:35:00Z,Tue 06:35pm,Oriole Park at Camden Yards,outdoor,,-151,-151,9/8/2026,0.399,
2026-10-09T00:00:00Z,hardrockbet,2026-10-08T09:13:37Z,Chicago White Sox,Cleveland Guardians,batter_singles,Brayan Rocchio,0.5,115,-150,46.51,60,43.67,56.33,0.5,0.5,48.26,60.5,44.37,55.63,-4.37,55.63,Under,0.5,0,50,No,-0.70,-0.7,Standard,https://www.freeiconspng.com/img/1934,2026-10-09T00:00:00Z,No,1.4,7.5,Guardians @ Orioles,2026-09-08T22:35:00Z,Tue 06:35pm,Oriole Park at Camden Yards,outdoor,,-125,-125,9/8/2026,0.4437,
2026-10-09T00:00:00Z,hardrockbet,2026-10-08T09:13:37Z,Chicago White Sox,Cleveland Guardians,batter_singles,Angel Martinez,0.5,115,-145,46.51,59.18,44.01,55.99,0.5,0.5,46.8,59.67,43.98,56.02,-3.16,56.02,Under,0.5,0,50,No,0.03,0.03,Standard,https://www.freeiconspng.com/img/1934,2026-10-09T00:00:00Z,No,1.4,7.5,,,,,,,-127,-127,,0.4398,
2026-10-09T00:00:00Z,hardrockbet,2026-10-08T09:13:37Z,Chicago White Sox,Cleveland Guardians,batter_singles,Nathaniel Lowe,0.5,115,-145,46.51,59.18,44.01,55.99,0.5,0.5,47.6,60.8,43.9,56.1,-3.08,56.1,Under,0.5,0,50,No,0.11,0.11,Standard,https://www.freeiconspng.com/img/1934,2026-10-09T00:00:00Z,No,1.4,7.5,Guardians @ Orioles,2026-09-08T22:35:00Z,Tue 06:35pm,Oriole Park at Camden Yards,outdoor,,-128,-128,9/8/2026,0.439,
2026-10-09T00:00:00Z,hardrockbet,2026-10-08T09:13:37Z,Chicago White Sox,Cleveland Guardians,batter_stolen_bases,Brayan Rocchio,0.5,750,,11.76,,,,0.13,0.5,11.24,94.32,10.63,89.37,,11.76,Over,0.11,-0.39,15.17,No,-1.13,-1.13,Non-Standard,https://www.freeiconspng.com/img/1934,2026-10-09T00:00:00Z,No,1.4,7.5,Guardians @ Orioles,2026-09-08T22:35:00Z,Tue 06:35pm,Oriole Park at Camden Yards,outdoor,,750,750,9/8/2026,0.1063,
2026-10-09T00:00:00Z,hardrockbet,2026-10-08T09:13:37Z,Chicago White Sox,Cleveland Guardians,batter_stolen_bases,Chase DeLauter,0.5,900,,10,,,,0.11,0.5,9.43,95.58,8.94,91.06,,10,Over,0.09,-0.41,13.57,No,-1.06,-1.06,Non-Standard,https://www.freeiconspng.com/img/1934,2026-10-09T00:00:00Z,No,1.4,7.5,,,,,,,900,900,,0.0894,
2026-10-09T00:00:00Z,hardrockbet,2026-10-08T09:13:37Z,Chicago White Sox,Cleveland Guardians,batter_stolen_bases,Angel Martinez,0.5,900,,10,,,,0.11,0.5,9.79,95.42,9.28,90.72,,10,Over,0.1,-0.4,14.37,No,-0.72,-0.72,Non-Standard,https://www.freeiconspng.com/img/1934,2026-10-09T00:00:00Z,No,1.4,7.5,,,,,,,900,900,,0.0928,
2026-10-09T00:00:00Z,hardrockbet,2026-10-08T09:13:37Z,Chicago White Sox,Cleveland Guardians,batter_stolen_bases,Tommy Pham,0.5,2000,,4.76,,,,0.05,,,,,,,4.76,Over,0.05,-0.45,10.29,No,,,Non-Standard,https://www.freeiconspng.com/img/1934,,No,1.4,7.5,,,,,,,2001,,,0.0476,
2026-10-09T00:00:00Z,hardrockbet,2026-10-08T09:13:37Z,Chicago White Sox,Cleveland Guardians,batter_stolen_bases,Travis Bazzana,0.5,700,,12.5,,,,0.13,0.5,12.14,92.27,11.56,88.44,,12.5,Over,0.12,-0.38,15.95,No,-0.94,-0.94,Non-Standard,https://www.freeiconspng.com/img/1934,2026-10-09T00:00:00Z,No,1.4,7.5,Guardians @ Orioles,2026-09-08T22:35:00Z,Tue 06:35pm,Oriole Park at Camden Yards,outdoor,,700,700,9/8/2026,0.1156,
2026-10-09T00:00:00Z,hardrockbet,2026-10-08T09:13:37Z,Chicago White Sox,Cleveland Guardians,batter_stolen_bases,Steven Kwan,0.5,650,,13.33,,,,0.14,0.5,11.77,93.82,11.07,88.93,,13.33,Over,0.12,-0.38,15.95,No,-2.26,-2.26,Non-Standard,https://www.freeiconspng.com/img/1934,2026-10-09T00:00:00Z,No,1.4,7.5,Guardians @ Orioles,2026-09-08T22:35:00Z,Tue 06:35pm,Oriole Park at Camden Yards,outdoor,,650,650,9/8/2026,0.1107,
2026-10-09T00:00:00Z,hardrockbet,2026-10-08T09:13:37Z,Chicago White Sox,Cleveland Guardians,batter_stolen_bases,Brenton Doyle,0.5,750,,11.76,,,,0.13,0.5,11.41,94.42,10.73,89.27,,11.76,Over,0.11,-0.39,15.17,No,-1.03,-1.03,Non-Standard,https://www.freeiconspng.com/img/1934,2026-10-09T00:00:00Z,No,1.4,7.5,,,,,,,750,750,,0.1073,
2026-10-09T00:00:00Z,hardrockbet,2026-10-08T09:13:37Z,Chicago White Sox,Cleveland Guardians,batter_stolen_bases,Munetaka Murakami,0.5,1600,,5.88,,,,0.06,,,,,,,5.88,Over,0.06,-0.44,11.12,No,,,Non-Standard,https://www.freeiconspng.com/img/1934,2026-10-09T00:00:00Z,No,1.4,7.5,Pirates @ White Sox,2026-09-08T23:40:00Z,Tue 07:40pm,Rate Field,outdoor,,1601,,9/8/2026,0.0588,
2026-10-09T00:00:00Z,hardrockbet,2026-10-08T09:13:37Z,Chicago White Sox,Cleveland Guardians,batter_stolen_bases,Kyle Teel,0.5,2250,,4.26,,,,0.04,,,,,,,4.26,Over,0.04,-0.46,10.29,No,,,Non-Standard,https://www.freeiconspng.com/img/1934,2026-10-09T00:00:00Z,No,1.4,7.5,Pirates @ White Sox,2026-09-08T23:40:00Z,Tue 07:40pm,Rate Field,outdoor,,2247,,9/8/2026,0.0426,
2026-10-09T00:00:00Z,hardrockbet,2026-10-08T09:13:37Z,Chicago White Sox,Cleveland Guardians,batter_stolen_bases,Jose Ramirez,0.5,325,,23.53,,,,0.27,0.5,23.26,83.65,21.77,78.23,,23.53,Over,0.25,-0.25,25.47,No,-1.76,-1.76,Non-Standard,https://www.freeiconspng.com/img/1934,2026-10-09T00:00:00Z,No,1.4,7.5,,,,,,,325,325,,0.2177,
2026-10-09T00:00:00Z,hardrockbet,2026-10-08T09:13:37Z,Chicago White Sox,Cleveland Guardians,batter_stolen_bases,Chase Meidroth,0.5,1600,,5.88,,,,0.06,,,,,,,5.88,Over,0.06,-0.44,11.12,No,,,Non-Standard,https://www.freeiconspng.com/img/1934,2026-10-09T00:00:00Z,No,1.4,7.5,Pirates @ White Sox,2026-09-08T23:40:00Z,Tue 07:40pm,Rate Field,outdoor,,1601,,9/8/2026,0.0588,
2026-10-09T00:00:00Z,hardrockbet,2026-10-08T09:13:37Z,Chicago White Sox,Cleveland Guardians,batter_stolen_bases,Miguel Vargas,0.5,900,,10,,,,0.11,0.5,10.17,95.31,9.61,90.39,,10,Over,0.1,-0.4,14.37,No,-0.39,-0.39,Non-Standard,https://www.freeiconspng.com/img/1934,2026-10-09T00:00:00Z,No,1.4,7.5,Pirates @ White Sox,2026-09-08T23:40:00Z,Tue 07:40pm,Rate Field,outdoor,,900,900,9/8/2026,0.0961,
2026-10-09T00:00:00Z,hardrockbet,2026-10-08T09:13:37Z,Chicago White Sox,Cleveland Guardians,batter_stolen_bases,Braden Montgomery,0.5,1500,,6.25,,,,0.06,,,,,,,6.25,Over,0.06,-0.44,11.12,No,,,Non-Standard,https://www.freeiconspng.com/img/1934,2026-10-09T00:00:00Z,No,1.4,7.5,Pirates @ White Sox,2026-09-08T23:40:00Z,Tue 07:40pm,Rate Field,outdoor,,1500,,9/8/2026,0.0625,
2026-10-09T00:00:00Z,hardrockbet,2026-10-08T09:13:37Z,Chicago White Sox,Cleveland Guardians,batter_stolen_bases,Randal Grichuk,0.5,1750,,5.41,,,,0.06,,,,,,,5.41,Over,0.06,-0.44,11.12,No,,,Non-Standard,https://www.freeiconspng.com/img/1934,2026-10-09T00:00:00Z,No,1.4,7.5,,,,,,,1748,,,0.0541,
2026-10-09T00:00:00Z,hardrockbet,2026-10-08T09:13:37Z,Chicago White Sox,Cleveland Guardians,batter_stolen_bases,Jo Adell,0.5,900,,10,,,,0.11,0.5,9.52,97.67,8.88,91.12,,10,Over,0.09,-0.41,13.57,No,-1.12,-1.12,Non-Standard,https://www.freeiconspng.com/img/1934,2026-10-09T00:00:00Z,No,1.4,7.5,Guardians @ Orioles,2026-09-08T22:35:00Z,Tue 06:35pm,Oriole Park at Camden Yards,outdoor,,900,900,9/8/2026,0.0888,
2026-10-09T00:00:00Z,hardrockbet,2026-10-08T09:13:37Z,Chicago White Sox,Cleveland Guardians,batter_stolen_bases,Nathaniel Lowe,0.5,2500,,3.85,,,,0.04,,,,,,,3.85,Over,0.04,-0.46,10.29,No,,,Non-Standard,https://www.freeiconspng.com/img/1934,2026-10-09T00:00:00Z,No,1.4,7.5,Guardians @ Orioles,2026-09-08T22:35:00Z,Tue 06:35pm,Oriole Park at Camden Yards,outdoor,,2497,,9/8/2026,0.0385,
2026-10-09T00:00:00Z,hardrockbet,2026-10-08T09:13:37Z,Chicago White Sox,Cleveland Guardians,batter_stolen_bases,Patrick Bailey,0.5,2500,,3.85,,,,0.04,,,,,,,3.85,Over,0.04,-0.46,10.29,No,,,Non-Standard,https://www.freeiconspng.com/img/1934,2026-10-09T00:00:00Z,No,1.4,7.5,Guardians @ Orioles,2026-09-08T22:35:00Z,Tue 06:35pm,Oriole Park at Camden Yards,outdoor,,2497,,9/8/2026,0.0385,
2026-10-09T00:00:00Z,hardrockbet,2026-10-08T09:13:37Z,Chicago White Sox,Cleveland Guardians,batter_total_bases,Jo Adell,1.5,140,-190,41.67,65.52,38.87,61.13,1.34,1.5,41.8,65.76,38.86,61.14,-4.38,61.14,Under,1.34,-0.16,59.92,Yes,0.01,0.01,Standard,https://www.freeiconspng.com/img/1934,2026-10-09T00:00:00Z,No,1.4,7.5,Guardians @ Orioles,2026-09-08T22:35:00Z,Tue 06:35pm,Oriole Park at Camden Yards,outdoor,,-157,-157,9/8/2026,1.1658,
2026-10-09T00:00:00Z,hardrockbet,2026-10-08T09:13:37Z,Chicago White Sox,Cleveland Guardians,batter_total_bases,Steven Kwan,1.5,145,-200,40.82,66.67,37.97,62.03,1.32,1.5,40.32,67.47,37.41,62.59,-4.08,62.59,Under,1.3,-0.2,61.16,Yes,0.56,0.56,Standard,https://www.freeiconspng.com/img/1934,2026-10-09T00:00:00Z,No,1.4,7.5,Guardians @ Orioles,2026-09-08T22:35:00Z,Tue 06:35pm,Oriole Park at Camden Yards,outdoor,,-167,-167,9/8/2026,1.1223,
2026-10-09T00:00:00Z,hardrockbet,2026-10-08T09:13:37Z,Chicago White Sox,Cleveland Guardians,batter_total_bases,Chase DeLauter,1.5,140,-190,41.67,65.52,38.87,61.13,1.34,1.5,41,65.27,38.58,61.42,-4.1,61.42,Under,1.34,-0.16,59.92,Yes,0.29,0.29,Standard,https://www.freeiconspng.com/img/1934,2026-10-09T00:00:00Z,No,1.4,7.5,,,,,,,-159,-159,,1.1574,
2026-10-09T00:00:00Z,hardrockbet,2026-10-08T09:13:37Z,Chicago White Sox,Cleveland Guardians,batter_total_bases,Jose Ramirez,1.5,125,-165,44.44,62.26,41.65,58.35,1.42,1.5,44.07,62.74,41.25,58.75,-3.51,58.75,Under,1.41,-0.09,57.78,Yes,0.40,0.4,Standard,https://www.freeiconspng.com/img/1934,2026-10-09T00:00:00Z,No,1.4,7.5,,,,,,,-142,-142,,1.2375,
2026-10-09T00:00:00Z,hardrockbet,2026-10-08T09:13:37Z,Chicago White Sox,Cleveland Guardians,batter_total_bases,Chase Meidroth,1.5,170,-240,37.04,70.59,34.41,65.59,1.22,1.5,37.04,70.59,34.41,65.59,-5,65.59,Under,1.22,-0.28,63.68,Yes,0.00,0,Standard,https://www.freeiconspng.com/img/1934,2026-10-09T00:00:00Z,No,1.4,7.5,Pirates @ White Sox,2026-09-08T23:40:00Z,Tue 07:40pm,Rate Field,outdoor,,-191,-191,9/8/2026,1.0323,
2026-10-09T00:00:00Z,hardrockbet,2026-10-08T09:13:37Z,Chicago White Sox,Cleveland Guardians,batter_total_bases,Miguel Vargas,1.5,140,-185,41.67,64.91,39.09,60.91,1.35,1.5,42.17,65.22,39.27,60.73,-4.18,60.73,Under,1.36,-0.14,59.3,Yes,-0.18,-0.18,Standard,https://www.freeiconspng.com/img/1934,2026-10-09T00:00:00Z,No,1.4,7.5,Pirates @ White Sox,2026-09-08T23:40:00Z,Tue 07:40pm,Rate Field,outdoor,,-155,-155,9/8/2026,1.1781,
2026-10-09T00:00:00Z,hardrockbet,2026-10-08T09:13:37Z,Chicago White Sox,Cleveland Guardians,batter_total_bases,Patrick Bailey,1.5,220,-325,31.25,76.47,29.01,70.99,1.07,1.5,31.25,76.47,29.01,70.99,-5.48,70.99,Under,1.07,-0.43,68.48,Yes,0.00,0,Standard,https://www.freeiconspng.com/img/1934,2026-10-09T00:00:00Z,No,1.4,7.5,Guardians @ Orioles,2026-09-08T22:35:00Z,Tue 06:35pm,Oriole Park at Camden Yards,outdoor,,-245,-245,9/8/2026,0.8703,
2026-10-09T00:00:00Z,hardrockbet,2026-10-08T09:13:37Z,Chicago White Sox,Cleveland Guardians,batter_total_bases,Munetaka Murakami,1.5,190,-275,34.48,73.33,31.98,68.02,1.15,1.5,36.7,71.1,34.04,65.96,-7.37,65.96,Under,1.21,-0.29,63.99,Yes,-2.06,-2.06,Standard,https://www.freeiconspng.com/img/1934,2026-10-09T00:00:00Z,No,1.4,7.5,Pirates @ White Sox,2026-09-08T23:40:00Z,Tue 07:40pm,Rate Field,outdoor,,-194,-194,9/8/2026,1.0212,
2026-10-09T00:00:00Z,hardrockbet,2026-10-08T09:13:37Z,Chicago White Sox,Cleveland Guardians,batter_total_bases,Tommy Pham,1.5,260,-400,27.78,80,25.77,74.23,0.98,1.5,27.78,80,25.77,74.23,-5.77,74.23,Under,0.98,-0.52,71.39,Yes,0.00,0,Standard,https://www.freeiconspng.com/img/1934,,No,1.4,7.5,,,,,,,-288,-288,,0.7731,
2026-10-09T00:00:00Z,hardrockbet,2026-10-08T09:13:37Z,Chicago White Sox,Cleveland Guardians,batter_total_bases,Kyle Teel,1.5,250,-375,28.57,78.95,26.57,73.43,1,1.5,28.57,78.95,26.57,73.43,-5.52,73.43,Under,1,-0.5,70.75,Yes,0.00,0,Standard,https://www.freeiconspng.com/img/1934,2026-10-09T00:00:00Z,No,1.4,7.5,Pirates @ White Sox,2026-09-08T23:40:00Z,Tue 07:40pm,Rate Field,outdoor,,-276,-276,9/8/2026,0.7971,
2026-10-09T00:00:00Z,hardrockbet,2026-10-08T09:13:37Z,Chicago White Sox,Cleveland Guardians,batter_total_bases,Brenton Doyle,1.5,240,-350,29.41,77.78,27.44,72.56,1.03,1.5,29.41,77.78,27.44,72.56,-5.22,72.56,Under,1.03,-0.47,69.78,Yes,0.00,0,Standard,https://www.freeiconspng.com/img/1934,2026-10-09T00:00:00Z,No,1.4,7.5,,,,,,,-264,-264,,0.8232,
2026-10-09T00:00:00Z,hardrockbet,2026-10-08T09:13:37Z,Chicago White Sox,Cleveland Guardians,batter_total_bases,Braden Montgomery,1.5,220,-325,31.25,76.47,29.01,70.99,1.07,1.5,31.25,76.47,29.01,70.99,-5.48,70.99,Under,1.07,-0.43,68.48,Yes,0.00,0,Standard,https://www.freeiconspng.com/img/1934,2026-10-09T00:00:00Z,No,1.4,7.5,Pirates @ White Sox,2026-09-08T23:40:00Z,Tue 07:40pm,Rate Field,outdoor,,-245,-245,9/8/2026,0.8703,
2026-10-09T00:00:00Z,hardrockbet,2026-10-08T09:13:37Z,Chicago White Sox,Cleveland Guardians,batter_total_bases,Brayan Rocchio,1.5,200,-300,33.33,75,30.77,69.23,1.12,1.5,33.33,75,30.77,69.23,-5.77,69.23,Under,1.12,-0.38,66.87,Yes,0.00,0,Standard,https://www.freeiconspng.com/img/1934,2026-10-09T00:00:00Z,No,1.4,7.5,Guardians @ Orioles,2026-09-08T22:35:00Z,Tue 06:35pm,Oriole Park at Camden Yards,outdoor,,-225,-225,9/8/2026,0.9231,
2026-10-09T00:00:00Z,hardrockbet,2026-10-08T09:13:37Z,Chicago White Sox,Cleveland Guardians,batter_total_bases,Travis Bazzana,1.5,210,-300,32.26,75,30.08,69.92,1.1,1.5,32.26,75,30.08,69.92,-5.08,69.92,Under,1.1,-0.4,67.51,Yes,0.00,0,Standard,https://www.freeiconspng.com/img/1934,2026-10-09T00:00:00Z,No,1.4,7.5,Guardians @ Orioles,2026-09-08T22:35:00Z,Tue 06:35pm,Oriole Park at Camden Yards,outdoor,,-232,-232,9/8/2026,0.9024,
2026-10-09T00:00:00Z,hardrockbet,2026-10-08T09:13:37Z,Chicago White Sox,Cleveland Guardians,batter_total_bases,Randal Grichuk,1.5,175,-250,36.36,71.43,33.73,66.27,1.2,1.5,37.17,70.62,34.48,65.52,-5.91,65.52,Under,1.22,-0.28,63.68,Yes,-0.75,-0.75,Standard,https://www.freeiconspng.com/img/1934,2026-10-09T00:00:00Z,No,1.4,7.5,,,,,,,-190,-190,,1.0344,
2026-10-09T00:00:00Z,hardrockbet,2026-10-08T09:13:37Z,Chicago White Sox,Cleveland Guardians,batter_total_bases,Angel Martinez,1.5,180,-260,35.71,72.22,33.09,66.91,1.18,1.5,35.71,72.22,33.09,66.91,-5.31,66.91,Under,1.18,-0.32,64.95,Yes,0.00,0,Standard,https://www.freeiconspng.com/img/1934,2026-10-09T00:00:00Z,No,1.4,7.5,,,,,,,-202,-202,,0.9927,
2026-10-09T00:00:00Z,hardrockbet,2026-10-08T09:13:37Z,Chicago White Sox,Cleveland Guardians,batter_total_bases,Nathaniel Lowe,1.5,185,-275,35.09,73.33,32.36,67.64,1.16,1.5,35.09,73.33,32.36,67.64,-5.69,67.64,Under,1.16,-0.34,65.59,Yes,0.00,0,Standard,https://www.freeiconspng.com/img/1934,2026-10-09T00:00:00Z,No,1.4,7.5,Guardians @ Orioles,2026-09-08T22:35:00Z,Tue 06:35pm,Oriole Park at Camden Yards,outdoor,,-209,-209,9/8/2026,0.9708,
2026-10-09T00:00:00Z,hardrockbet,2026-10-08T09:13:37Z,Chicago White Sox,Cleveland Guardians,batter_walks,Chase Meidroth,0.5,160,-225,38.46,69.23,35.71,64.29,0.44,0.5,38.34,70.46,35.23,64.77,-4.46,64.77,Under,0.43,-0.07,63.24,Yes,0.48,0.48,Standard,https://www.freeiconspng.com/img/1934,2026-10-09T00:00:00Z,No,1.4,7.5,Pirates @ White Sox,2026-09-08T23:40:00Z,Tue 07:40pm,Rate Field,outdoor,,-184,-184,9/8/2026,0.3523,
2026-10-09T00:00:00Z,hardrockbet,2026-10-08T09:13:37Z,Chicago White Sox,Cleveland Guardians,batter_walks,Kyle Teel,0.5,155,-210,39.22,67.74,36.66,63.34,0.46,0.5,38.95,69.76,35.82,64.18,-3.56,64.18,Under,0.44,-0.06,62.68,Yes,0.84,0.84,Standard,https://www.freeiconspng.com/img/1934,2026-10-09T00:00:00Z,No,1.4,7.5,Pirates @ White Sox,2026-09-08T23:40:00Z,Tue 07:40pm,Rate Field,outdoor,,-179,-179,9/8/2026,0.3582,
2026-10-09T00:00:00Z,hardrockbet,2026-10-08T09:13:37Z,Chicago White Sox,Cleveland Guardians,batter_walks,Tommy Pham,0.5,200,-275,33.33,73.33,31.25,68.75,0.37,0.5,34.34,73.98,31.7,68.3,-5.03,68.3,Under,0.38,-0.12,66.18,Yes,-0.45,-0.45,Standard,https://www.freeiconspng.com/img/1934,,No,1.4,7.5,,,,,,,-215,-215,,0.317,
2026-10-09T00:00:00Z,hardrockbet,2026-10-08T09:13:37Z,Chicago White Sox,Cleveland Guardians,batter_walks,Braden Montgomery,0.5,230,-325,30.3,76.47,28.38,71.62,0.33,0.5,29.92,78.36,27.62,72.38,-4.09,72.38,Under,0.32,-0.18,69.9,Yes,0.76,0.76,Standard,https://www.freeiconspng.com/img/1934,2026-10-09T00:00:00Z,No,1.4,7.5,Pirates @ White Sox,2026-09-08T23:40:00Z,Tue 07:40pm,Rate Field,outdoor,,-262,-262,9/8/2026,0.2762,
2026-10-09T00:00:00Z,hardrockbet,2026-10-08T09:13:37Z,Chicago White Sox,Cleveland Guardians,batter_walks,Munetaka Murakami,0.5,100,-130,50,56.52,46.94,53.06,0.63,0.5,52.26,58.96,46.92,53.08,-3.44,53.08,Under,0.63,0.13,52.87,No,0.02,0.02,Standard,https://www.freeiconspng.com/img/1934,2026-10-09T00:00:00Z,No,1.4,7.5,Pirates @ White Sox,2026-09-08T23:40:00Z,Tue 07:40pm,Rate Field,outdoor,,-113,-113,9/8/2026,0.4692,
2026-10-09T00:00:00Z,hardrockbet,2026-10-08T09:13:37Z,Chicago White Sox,Cleveland Guardians,batter_walks,Miguel Vargas,0.5,120,-160,45.45,61.54,42.48,57.52,0.55,0.5,46.73,61.88,43.02,56.98,-4.56,56.98,Under,0.56,0.06,56.27,No,-0.54,-0.54,Standard,https://www.freeiconspng.com/img/1934,2026-10-09T00:00:00Z,No,1.4,7.5,Pirates @ White Sox,2026-09-08T23:40:00Z,Tue 07:40pm,Rate Field,outdoor,,-132,-132,9/8/2026,0.4302,
2026-10-09T00:00:00Z,hardrockbet,2026-10-08T09:13:37Z,Chicago White Sox,Cleveland Guardians,batter_walks,Chase DeLauter,0.5,110,-145,47.62,59.18,44.59,55.41,0.59,0.5,49.23,59.76,45.16,54.84,-4.34,54.84,Under,0.6,0.1,54.3,No,-0.57,-0.57,Standard,https://www.freeiconspng.com/img/1934,2026-10-09T00:00:00Z,No,1.4,7.5,,,,,,,-121,-121,,0.4516,
2026-10-09T00:00:00Z,hardrockbet,2026-10-08T09:13:37Z,Chicago White Sox,Cleveland Guardians,batter_walks,Steven Kwan,0.5,110,-145,47.62,59.18,44.59,55.41,0.59,0.5,48.5,60.35,44.56,55.44,-3.74,55.44,Under,0.59,0.09,54.78,No,0.03,0.03,Standard,https://www.freeiconspng.com/img/1934,2026-10-09T00:00:00Z,No,1.4,7.5,Guardians @ Orioles,2026-09-08T22:35:00Z,Tue 06:35pm,Oriole Park at Camden Yards,outdoor,,-124,-124,9/8/2026,0.4456,
2026-10-09T00:00:00Z,hardrockbet,2026-10-08T09:13:37Z,Chicago White Sox,Cleveland Guardians,batter_walks,Nathaniel Lowe,0.5,155,-210,39.22,67.74,36.66,63.34,0.46,0.5,39.59,68.98,36.46,63.54,-4.2,63.54,Under,0.45,-0.05,62.11,Yes,0.20,0.2,Standard,https://www.freeiconspng.com/img/1934,2026-10-09T00:00:00Z,No,1.4,7.5,Guardians @ Orioles,2026-09-08T22:35:00Z,Tue 06:35pm,Oriole Park at Camden Yards,outdoor,,-174,-174,9/8/2026,0.3646,
2026-10-09T00:00:00Z,hardrockbet,2026-10-08T09:13:37Z,Chicago White Sox,Cleveland Guardians,batter_walks,Patrick Bailey,0.5,210,-300,32.26,75,30.08,69.92,0.36,0.5,33.49,74.97,30.87,69.13,-5.87,69.13,Under,0.37,-0.13,66.78,Yes,-0.79,-0.79,Standard,https://www.freeiconspng.com/img/1934,2026-10-09T00:00:00Z,No,1.4,7.5,Guardians @ Orioles,2026-09-08T22:35:00Z,Tue 06:35pm,Oriole Park at Camden Yards,outdoor,,-224,-224,9/8/2026,0.3087,
2026-10-09T00:00:00Z,hardrockbet,2026-10-08T09:13:37Z,Chicago White Sox,Cleveland Guardians,batter_walks,Jo Adell,0.5,140,-190,41.67,65.52,38.87,61.13,0.49,0.5,42.19,66.72,38.73,61.27,-4.25,61.27,Under,0.49,-0.01,59.91,Yes,0.14,0.14,Standard,https://www.freeiconspng.com/img/1934,2026-10-09T00:00:00Z,No,1.4,7.5,Guardians @ Orioles,2026-09-08T22:35:00Z,Tue 06:35pm,Oriole Park at Camden Yards,outdoor,,-158,-158,9/8/2026,0.3873,
2026-10-09T00:00:00Z,hardrockbet,2026-10-08T09:13:37Z,Chicago White Sox,Cleveland Guardians,batter_walks,Brayan Rocchio,0.5,200,-300,33.33,75,30.77,69.23,0.37,0.5,33.23,75.54,30.55,69.45,-5.55,69.45,Under,0.36,-0.14,67.4,Yes,0.22,0.22,Standard,https://www.freeiconspng.com/img/1934,2026-10-09T00:00:00Z,No,1.4,7.5,Guardians @ Orioles,2026-09-08T22:35:00Z,Tue 06:35pm,Oriole Park at Camden Yards,outdoor,,-227,-227,9/8/2026,0.3055,
2026-10-09T00:00:00Z,hardrockbet,2026-10-08T09:13:37Z,Chicago White Sox,Cleveland Guardians,batter_walks,Jose Ramirez,0.5,135,-180,42.55,64.29,39.83,60.17,0.51,0.5,43.7,65.17,40.14,59.86,-4.43,59.86,Under,0.51,0.01,58.84,No,-0.31,-0.31,Standard,https://www.freeiconspng.com/img/1934,2026-10-09T00:00:00Z,No,1.4,7.5,,,,,,,-149,-149,,0.4014,
2026-10-09T00:00:00Z,hardrockbet,2026-10-08T09:13:37Z,Chicago White Sox,Cleveland Guardians,batter_walks,Travis Bazzana,0.5,160,-220,38.46,68.75,35.87,64.13,0.44,0.5,39.55,69.22,36.36,63.64,-5.11,63.64,Under,0.45,-0.05,62.11,Yes,-0.49,-0.49,Standard,https://www.freeiconspng.com/img/1934,2026-10-09T00:00:00Z,No,1.4,7.5,Guardians @ Orioles,2026-09-08T22:35:00Z,Tue 06:35pm,Oriole Park at Camden Yards,outdoor,,-175,-175,9/8/2026,0.3636,
2026-10-09T00:00:00Z,hardrockbet,2026-10-08T09:13:37Z,Chicago White Sox,Cleveland Guardians,batter_walks,Angel Martinez,0.5,230,-325,30.3,76.47,28.38,71.62,0.33,0.5,29.65,78.61,27.38,72.62,-3.85,72.62,Under,0.32,-0.18,69.9,Yes,1.00,1,Standard,https://www.freeiconspng.com/img/1934,2026-10-09T00:00:00Z,No,1.4,7.5,,,,,,,-265,-265,,0.2738,
2026-10-09T00:00:00Z,hardrockbet,2026-10-08T09:13:37Z,Chicago White Sox,Cleveland Guardians,pitcher_earned_runs,Parker Messick,1.5,-115,-115,53.49,53.49,50,50,1.5,1.5,53.5,53.25,50.13,49.87,-3.62,50.13,Over,1.5,0,50,No,0.13,0.13,Standard,https://www.freeiconspng.com/img/1934,2026-10-09T00:00:00Z,No,1.4,7.5,,,,,,,-101,-101,,1.5039,
2026-10-09T00:00:00Z,hardrockbet,2026-10-08T09:13:37Z,Chicago White Sox,Cleveland Guardians,pitcher_hits_allowed,Parker Messick,3.5,-145,110,59.18,47.62,55.41,44.59,3.94,3.5,59.81,48.63,55.15,44.85,-4.03,55.15,Over,3.92,0.42,54.47,Yes,-0.26,-0.26,Standard,https://www.freeiconspng.com/img/1934,2026-10-09T00:00:00Z,No,1.4,7.5,,,,,,,-123,-123,,3.8605,
2026-10-09T00:00:00Z,hardrockbet,2026-10-08T09:13:37Z,Chicago White Sox,Cleveland Guardians,pitcher_strikeouts,Parker Messick,6.5,120,-165,45.45,62.26,42.2,57.8,6.18,6.5,45.11,61.47,42.31,57.69,-4.57,57.69,Under,6.18,-0.32,56.81,Yes,-0.11,-0.11,Standard,https://www.freeiconspng.com/img/1934,2026-10-09T00:00:00Z,No,1.4,7.5,,,,,,,-136,-136,,5.5003,
2026-10-09T00:00:00Z,hardrockbet,2026-10-08T09:13:37Z,Chicago White Sox,Cleveland Guardians,pitcher_walks,Parker Messick,1.5,-120,-110,54.55,52.38,51.01,48.99,1.71,1.5,55.17,53.15,50.94,49.06,-3.61,50.94,Over,1.71,0.21,50.87,Yes,-0.07,-0.07,Standard,https://www.freeiconspng.com/img/1934,2026-10-09T00:00:00Z,No,1.4,7.5,,,,,,,-104,-104,,1.5282,
2026-10-09T00:00:00Z,pointsbetau,2026-10-08T09:12:57Z,Chicago White Sox,Cleveland Guardians,batter_doubles,Munetaka Murakami,0.5,475,,17.39,,,,0.5,0.5,16.34,90.39,15.3,84.7,,17.39,Over,0.5,0,50,No,-2.09,-2.09,Non-Standard,https://www.freeiconspng.com/img/1934,2026-10-09T00:00:00Z,No,1.4,7.5,Pirates @ White Sox,2026-09-08T23:40:00Z,Tue 07:40pm,Rate Field,outdoor,,475,475,9/8/2026,0.153,
2026-10-09T00:00:00Z,pointsbetau,2026-10-08T09:12:57Z,Chicago White Sox,Cleveland Guardians,batter_doubles,Braden Montgomery,0.5,475,,17.39,,,,0.5,0.5,17.56,89.4,16.4,83.6,,17.39,Over,0.5,0,50,No,-0.99,-0.99,Non-Standard,https://www.freeiconspng.com/img/1934,2026-10-09T00:00:00Z,No,1.4,7.5,Pirates @ White Sox,2026-09-08T23:40:00Z,Tue 07:40pm,Rate Field,outdoor,,475,475,9/8/2026,0.164,
2026-10-09T00:00:00Z,pointsbetau,2026-10-08T09:12:57Z,Chicago White Sox,Cleveland Guardians,batter_doubles,Kyle Teel,0.5,550,,15.38,,,,0.5,0.5,15.58,91.03,14.6,85.4,,15.38,Over,0.5,0,50,No,-0.78,-0.78,Non-Standard,https://www.freeiconspng.com/img/1934,2026-10-09T00:00:00Z,No,1.4,7.5,Pirates @ White Sox,2026-09-08T23:40:00Z,Tue 07:40pm,Rate Field,outdoor,,550,550,9/8/2026,0.146,
2026-10-09T00:00:00Z,pointsbetau,2026-10-08T09:12:57Z,Chicago White Sox,Cleveland Guardians,batter_doubles,Chase Meidroth,0.5,375,,21.05,,,,0.5,0.5,20.93,86.45,19.48,80.52,,21.05,Over,0.5,0,50,No,-1.57,-1.57,Non-Standard,https://www.freeiconspng.com/img/1934,2026-10-09T00:00:00Z,No,1.4,7.5,Pirates @ White Sox,2026-09-08T23:40:00Z,Tue 07:40pm,Rate Field,outdoor,,375,375,9/8/2026,0.1948,
2026-10-09T00:00:00Z,pointsbetau,2026-10-08T09:12:57Z,Chicago White Sox,Cleveland Guardians,batter_doubles,Colson Montgomery,0.5,500,,16.67,,,,0.5,0.5,16.62,90.79,15.46,84.54,,16.67,Over,0.5,0,50,No,-1.21,-1.21,Non-Standard,https://www.freeiconspng.com/img/1934,,No,1.4,7.5,Pirates @ White Sox,2026-09-08T23:40:00Z,Tue 07:40pm,Rate Field,outdoor,,500,500,9/8/2026,0.1546,
2026-10-09T00:00:00Z,pointsbetau,2026-10-08T09:12:57Z,Chicago White Sox,Cleveland Guardians,batter_doubles,Miguel Vargas,0.5,375,,21.05,,,,0.5,0.5,21.81,85.8,20.25,79.75,,21.05,Over,0.5,0,50,No,-0.80,-0.8,Non-Standard,https://www.freeiconspng.com/img/1934,2026-10-09T00:00:00Z,No,1.4,7.5,Pirates @ White Sox,2026-09-08T23:40:00Z,Tue 07:40pm,Rate Field,outdoor,,375,375,9/8/2026,0.2025,
2026-10-09T00:00:00Z,pointsbetau,2026-10-08T09:12:57Z,Chicago White Sox,Cleveland Guardians,batter_doubles,Angel Martinez,0.5,375,,21.05,,,,0.5,0.5,19.16,88.03,17.87,82.13,,21.05,Over,0.5,0,50,No,-3.18,-3.18,Non-Standard,https://www.freeiconspng.com/img/1934,2026-10-09T00:00:00Z,No,1.4,7.5,,,,,,,375,375,,0.1787,
2026-10-09T00:00:00Z,pointsbetau,2026-10-08T09:12:57Z,Chicago White Sox,Cleveland Guardians,batter_doubles,Jo Adell,0.5,400,,20,,,,0.5,0.5,20.77,86.59,19.33,80.67,,20,Over,0.5,0,50,No,-0.67,-0.67,Non-Standard,https://www.freeiconspng.com/img/1934,2026-10-09T00:00:00Z,No,1.4,7.5,Guardians @ Orioles,2026-09-08T22:35:00Z,Tue 06:35pm,Oriole Park at Camden Yards,outdoor,,400,400,9/8/2026,0.1933,
2026-10-09T00:00:00Z,pointsbetau,2026-10-08T09:12:57Z,Chicago White Sox,Cleveland Guardians,batter_doubles,Travis Bazzana,0.5,450,,18.18,,,,0.5,0.5,18.09,88.95,16.89,83.11,,18.18,Over,0.5,0,50,No,-1.29,-1.29,Non-Standard,https://www.freeiconspng.com/img/1934,2026-10-09T00:00:00Z,No,1.4,7.5,Guardians @ Orioles,2026-09-08T22:35:00Z,Tue 06:35pm,Oriole Park at Camden Yards,outdoor,,450,450,9/8/2026,0.1689,
2026-10-09T00:00:00Z,pointsbetau,2026-10-08T09:12:57Z,Chicago White Sox,Cleveland Guardians,batter_doubles,Nathaniel Lowe,0.5,425,,19.05,,,,0.5,0.5,18.06,88.93,16.87,83.13,,19.05,Over,0.5,0,50,No,-2.18,-2.18,Non-Standard,https://www.freeiconspng.com/img/1934,2026-10-09T00:00:00Z,No,1.4,7.5,Guardians @ Orioles,2026-09-08T22:35:00Z,Tue 06:35pm,Oriole Park at Camden Yards,outdoor,,425,425,9/8/2026,0.1687,
2026-10-09T00:00:00Z,pointsbetau,2026-10-08T09:12:57Z,Chicago White Sox,Cleveland Guardians,batter_hits,Angel Martinez,0.5,-145,105,59.18,48.78,54.82,45.18,0.79,0.5,61.01,45.81,57.15,42.85,-2.03,57.15,Over,0.85,0.35,56.39,Yes,2.33,2.33,Standard,https://www.freeiconspng.com/img/1934,2026-10-09T00:00:00Z,No,1.4,7.5,,,,,,,-133,-133,,0.5715,
2026-10-09T00:00:00Z,pointsbetau,2026-10-08T09:12:57Z,Chicago White Sox,Cleveland Guardians,batter_hits,Braden Montgomery,0.5,-135,100,57.45,50,53.47,46.53,0.77,0.5,57.45,49.3,53.82,46.18,-3.63,53.82,Over,0.77,0.27,53.25,Yes,0.35,0.35,Standard,https://www.freeiconspng.com/img/1934,2026-10-09T00:00:00Z,No,1.4,7.5,Pirates @ White Sox,2026-09-08T23:40:00Z,Tue 07:40pm,Rate Field,outdoor,,-117,-117,9/8/2026,0.5382,
2026-10-09T00:00:00Z,pointsbetau,2026-10-08T09:12:57Z,Chicago White Sox,Cleveland Guardians,batter_hits,Chase Meidroth,0.5,-208,150,67.53,40,62.8,37.2,0.99,0.5,66.43,40.49,62.15,37.85,-5.38,62.15,Over,0.97,0.47,60.64,Yes,-0.65,-0.65,Standard,https://www.freeiconspng.com/img/1934,2026-10-09T00:00:00Z,No,1.4,7.5,Pirates @ White Sox,2026-09-08T23:40:00Z,Tue 07:40pm,Rate Field,outdoor,,-164,-164,9/8/2026,0.6215,
2026-10-09T00:00:00Z,pointsbetau,2026-10-08T09:12:57Z,Chicago White Sox,Cleveland Guardians,batter_hits,Colson Montgomery,0.5,-118,-118,54.13,54.13,50,50,0.69,0.5,52.66,55.13,48.81,51.19,-2.94,51.19,Under,0.67,0.17,51.03,No,1.19,1.19,Standard,https://www.freeiconspng.com/img/1934,,No,1.4,7.5,Pirates @ White Sox,2026-09-08T23:40:00Z,Tue 07:40pm,Rate Field,outdoor,,-105,-105,9/8/2026,0.4881,
2026-10-09T00:00:00Z,pointsbetau,2026-10-08T09:12:57Z,Chicago White Sox,Cleveland Guardians,batter_hits,Jo Adell,0.5,-189,135,65.4,42.55,60.58,39.42,0.93,0.5,64.55,42.21,60.45,39.55,-4.95,60.45,Over,0.93,0.43,59.28,Yes,-0.13,-0.13,Standard,https://www.freeiconspng.com/img/1934,2026-10-09T00:00:00Z,No,1.4,7.5,Guardians @ Orioles,2026-09-08T22:35:00Z,Tue 06:35pm,Oriole Park at Camden Yards,outdoor,,-153,-153,9/8/2026,0.6045,
2026-10-09T00:00:00Z,pointsbetau,2026-10-08T09:12:57Z,Chicago White Sox,Cleveland Guardians,batter_hits,Kyle Teel,0.5,-118,-118,54.13,54.13,50,50,0.69,0.5,54.77,53.78,50.45,49.55,-4.58,50.45,Over,0.7,0.2,50.3,Yes,0.45,0.45,Standard,https://www.freeiconspng.com/img/1934,2026-10-09T00:00:00Z,No,1.4,7.5,Pirates @ White Sox,2026-09-08T23:40:00Z,Tue 07:40pm,Rate Field,outdoor,,-102,-102,9/8/2026,0.5045,
2026-10-09T00:00:00Z,pointsbetau,2026-10-08T09:12:57Z,Chicago White Sox,Cleveland Guardians,batter_hits,Munetaka Murakami,0.5,-135,100,57.45,50,53.47,46.53,0.77,0.5,56.45,49.64,53.19,46.81,-4.26,53.19,Over,0.76,0.26,52.85,Yes,-0.28,-0.28,Standard,https://www.freeiconspng.com/img/1934,2026-10-09T00:00:00Z,No,1.4,7.5,Pirates @ White Sox,2026-09-08T23:40:00Z,Tue 07:40pm,Rate Field,outdoor,,-114,-114,9/8/2026,0.5319,
2026-10-09T00:00:00Z,pointsbetau,2026-10-08T09:12:57Z,Chicago White Sox,Cleveland Guardians,batter_hits,Miguel Vargas,0.5,-179,130,64.16,43.48,59.61,40.39,0.91,0.5,63.75,42.78,59.83,40.17,-4.33,59.83,Over,0.91,0.41,58.58,Yes,0.22,0.22,Standard,https://www.freeiconspng.com/img/1934,2026-10-09T00:00:00Z,No,1.4,7.5,Pirates @ White Sox,2026-09-08T23:40:00Z,Tue 07:40pm,Rate Field,outdoor,,-149,-149,9/8/2026,0.5983,
2026-10-09T00:00:00Z,pointsbetau,2026-10-08T09:12:57Z,Chicago White Sox,Cleveland Guardians,batter_hits,Nathaniel Lowe,0.5,-149,110,59.84,47.62,55.69,44.31,0.81,0.5,61.05,45.68,57.2,42.8,-2.64,57.2,Over,0.85,0.35,56.39,Yes,1.51,1.51,Standard,https://www.freeiconspng.com/img/1934,2026-10-09T00:00:00Z,No,1.4,7.5,Guardians @ Orioles,2026-09-08T22:35:00Z,Tue 06:35pm,Oriole Park at Camden Yards,outdoor,,-134,-134,9/8/2026,0.572,
2026-10-09T00:00:00Z,pointsbetau,2026-10-08T09:12:57Z,Chicago White Sox,Cleveland Guardians,batter_hits,Travis Bazzana,0.5,-145,105,59.18,48.78,54.82,45.18,0.79,0.5,58.5,48.54,54.67,45.33,-4.51,54.67,Over,0.79,0.29,54.06,Yes,-0.15,-0.15,Standard,https://www.freeiconspng.com/img/1934,2026-10-09T00:00:00Z,No,1.4,7.5,Guardians @ Orioles,2026-09-08T22:35:00Z,Tue 06:35pm,Oriole Park at Camden Yards,outdoor,,-121,-121,9/8/2026,0.5467,
2026-10-09T00:00:00Z,pointsbetau,2026-10-08T09:12:57Z,Chicago White Sox,Cleveland Guardians,batter_hits_runs_rbis,Munetaka Murakami,1.5,125,-159,44.44,61.39,41.99,58.01,1.43,1.5,44.9,62.76,41.71,58.29,-3.1,58.29,Under,1.43,-0.07,57.17,Yes,0.28,0.28,Standard,https://www.freeiconspng.com/img/1934,2026-10-09T00:00:00Z,No,1.4,7.5,Pirates @ White Sox,2026-09-08T23:40:00Z,Tue 07:40pm,Rate Field,outdoor,,-140,-140,9/8/2026,1.2513,
2026-10-09T00:00:00Z,pointsbetau,2026-10-08T09:12:57Z,Chicago White Sox,Cleveland Guardians,batter_hits_runs_rbis,Braden Montgomery,0.5,-169,130,62.83,43.48,59.1,40.9,0.89,0.5,61.9,44.51,58.17,41.83,-4.66,58.17,Over,0.87,0.37,57.13,Yes,-0.93,-0.93,Standard,https://www.freeiconspng.com/img/1934,2026-10-09T00:00:00Z,No,1.4,7.5,Pirates @ White Sox,2026-09-08T23:40:00Z,Tue 07:40pm,Rate Field,outdoor,,-139,-139,9/8/2026,0.5817,
2026-10-09T00:00:00Z,pointsbetau,2026-10-08T09:12:57Z,Chicago White Sox,Cleveland Guardians,batter_hits_runs_rbis,Chase Meidroth,1.5,130,-169,43.48,62.83,40.9,59.1,1.4,1.5,47.41,59.2,44.47,55.53,-7.3,55.53,Under,1.51,0.01,54.79,No,-3.57,-3.57,Standard,https://www.freeiconspng.com/img/1934,2026-10-09T00:00:00Z,No,1.4,7.5,Pirates @ White Sox,2026-09-08T23:40:00Z,Tue 07:40pm,Rate Field,outdoor,,-125,-125,9/8/2026,1.3341,
2026-10-09T00:00:00Z,pointsbetau,2026-10-08T09:12:57Z,Chicago White Sox,Cleveland Guardians,batter_hits_runs_rbis,Colson Montgomery,0.5,-141,110,58.51,47.62,55.13,44.87,0.8,0.5,58.58,47.81,55.06,44.94,-3.45,55.06,Over,0.8,0.3,54.46,Yes,-0.07,-0.07,Standard,https://www.freeiconspng.com/img/1934,,No,1.4,7.5,Pirates @ White Sox,2026-09-08T23:40:00Z,Tue 07:40pm,Rate Field,outdoor,,-123,-123,9/8/2026,0.5506,
2026-10-09T00:00:00Z,pointsbetau,2026-10-08T09:12:57Z,Chicago White Sox,Cleveland Guardians,batter_hits_runs_rbis,Miguel Vargas,1.5,105,-135,48.78,57.45,45.92,54.08,1.55,1.5,48.4,57.95,45.49,54.51,-2.94,54.51,Under,1.54,0.04,53.92,No,0.43,0.43,Standard,https://www.freeiconspng.com/img/1934,2026-10-09T00:00:00Z,No,1.4,7.5,Pirates @ White Sox,2026-09-08T23:40:00Z,Tue 07:40pm,Rate Field,outdoor,,-120,-120,9/8/2026,1.3647,
2026-10-09T00:00:00Z,pointsbetau,2026-10-08T09:12:57Z,Chicago White Sox,Cleveland Guardians,batter_hits_runs_rbis,Angel Martinez,1.5,125,-159,44.44,61.39,41.99,58.01,1.43,1.5,44.56,61.98,41.84,58.16,-3.23,58.16,Under,1.43,-0.07,57.17,Yes,0.15,0.15,Standard,https://www.freeiconspng.com/img/1934,2026-10-09T00:00:00Z,No,1.4,7.5,,,,,,,-139,-139,,1.2552,
2026-10-09T00:00:00Z,pointsbetau,2026-10-08T09:12:57Z,Chicago White Sox,Cleveland Guardians,batter_hits_runs_rbis,Jo Adell,1.5,-105,-125,51.22,55.56,47.97,52.03,1.61,1.5,52.26,55.84,48.31,51.69,-3.87,51.69,Under,1.63,0.13,51.35,No,-0.34,-0.34,Standard,https://www.freeiconspng.com/img/1934,2026-10-09T00:00:00Z,No,1.4,7.5,Guardians @ Orioles,2026-09-08T22:35:00Z,Tue 06:35pm,Oriole Park at Camden Yards,outdoor,,-107,-107,9/8/2026,1.4493,
2026-10-09T00:00:00Z,pointsbetau,2026-10-08T09:12:57Z,Chicago White Sox,Cleveland Guardians,batter_hits_runs_rbis,Travis Bazzana,1.5,130,-169,43.48,62.83,40.9,59.1,1.4,1.5,42.98,62.45,40.77,59.23,-3.6,59.23,Under,1.4,-0.1,58.08,Yes,0.13,0.13,Standard,https://www.freeiconspng.com/img/1934,2026-10-09T00:00:00Z,No,1.4,7.5,Guardians @ Orioles,2026-09-08T22:35:00Z,Tue 06:35pm,Oriole Park at Camden Yards,outdoor,,-145,-145,9/8/2026,1.2231,
2026-10-09T00:00:00Z,pointsbetau,2026-10-08T09:12:57Z,Chicago White Sox,Cleveland Guardians,batter_hits_runs_rbis,Nathaniel Lowe,1.5,125,-159,44.44,61.39,41.99,58.01,1.43,1.5,45.09,61.36,42.34,57.66,-3.73,57.66,Under,1.44,-0.06,56.87,Yes,-0.35,-0.35,Standard,https://www.freeiconspng.com/img/1934,2026-10-09T00:00:00Z,No,1.4,7.5,Guardians @ Orioles,2026-09-08T22:35:00Z,Tue 06:35pm,Oriole Park at Camden Yards,outdoor,,-136,-136,9/8/2026,1.2702,
2026-10-09T00:00:00Z,pointsbetau,2026-10-08T09:12:57Z,Chicago White Sox,Cleveland Guardians,batter_hits_runs_rbis,Kyle Teel,0.5,-175,135,63.64,42.55,59.93,40.07,0.91,0.5,60.73,45.93,56.93,43.07,-6.71,56.93,Over,0.84,0.34,56.01,Yes,-3.00,-3,Standard,https://www.freeiconspng.com/img/1934,2026-10-09T00:00:00Z,No,1.4,7.5,Pirates @ White Sox,2026-09-08T23:40:00Z,Tue 07:40pm,Rate Field,outdoor,,-132,-132,9/8/2026,0.5693,
2026-10-09T00:00:00Z,pointsbetau,2026-10-08T09:12:57Z,Chicago White Sox,Cleveland Guardians,batter_home_runs,Angel Martinez,0.5,800,,11.11,,,,0.12,0.5,11.28,94.27,10.66,89.34,,11.11,Over,0.11,-0.39,15.17,No,-0.45,-0.45,Non-Standard,https://www.freeiconspng.com/img/1934,2026-10-09T00:00:00Z,No,1.4,7.5,,,,,,,800,800,,0.1066,
2026-10-09T00:00:00Z,pointsbetau,2026-10-08T09:12:57Z,Chicago White Sox,Cleveland Guardians,batter_home_runs,Braden Montgomery,0.5,1050,,8.7,,,,0.09,0.5,9.3,95.4,8.85,91.15,,8.7,Over,0.09,-0.41,13.57,No,0.15,0.15,Non-Standard,https://www.freeiconspng.com/img/1934,2026-10-09T00:00:00Z,No,1.4,7.5,Pirates @ White Sox,2026-09-08T23:40:00Z,Tue 07:40pm,Rate Field,outdoor,,1049,1049,9/8/2026,0.0885,
2026-10-09T00:00:00Z,pointsbetau,2026-10-08T09:12:57Z,Chicago White Sox,Cleveland Guardians,batter_home_runs,Chase Meidroth,0.5,1200,,7.69,,,,0.08,0.5,8.59,96.63,8.14,91.86,,7.69,Over,0.08,-0.42,12.77,No,0.45,0.45,Non-Standard,https://www.freeiconspng.com/img/1934,2026-10-09T00:00:00Z,No,1.4,7.5,Pirates @ White Sox,2026-09-08T23:40:00Z,Tue 07:40pm,Rate Field,outdoor,,1200,1200,9/8/2026,0.0814,
2026-10-09T00:00:00Z,pointsbetau,2026-10-08T09:12:57Z,Chicago White Sox,Cleveland Guardians,batter_home_runs,Colson Montgomery,0.5,450,,18.18,,,,0.2,0.5,16.45,88.61,15.6,84.4,,18.18,Over,0.17,-0.33,19.76,No,-2.58,-2.58,Non-Standard,https://www.freeiconspng.com/img/1934,,No,1.4,7.5,Pirates @ White Sox,2026-09-08T23:40:00Z,Tue 07:40pm,Rate Field,outdoor,,450,450,9/8/2026,0.156,
2026-10-09T00:00:00Z,pointsbetau,2026-10-08T09:12:57Z,Chicago White Sox,Cleveland Guardians,batter_home_runs,Jo Adell,0.5,475,,17.39,,,,0.19,0.5,16.61,89.09,15.68,84.32,,17.39,Over,0.17,-0.33,19.76,No,-1.71,-1.71,Non-Standard,https://www.freeiconspng.com/img/1934,2026-10-09T00:00:00Z,No,1.4,7.5,Guardians @ Orioles,2026-09-08T22:35:00Z,Tue 06:35pm,Oriole Park at Camden Yards,outdoor,,475,475,9/8/2026,0.1568,
2026-10-09T00:00:00Z,pointsbetau,2026-10-08T09:12:57Z,Chicago White Sox,Cleveland Guardians,batter_home_runs,Kyle Teel,0.5,750,,11.76,,,,0.13,0.5,10.85,94.65,10.25,89.75,,11.76,Over,0.11,-0.39,15.17,No,-1.51,-1.51,Non-Standard,https://www.freeiconspng.com/img/1934,2026-10-09T00:00:00Z,No,1.4,7.5,Pirates @ White Sox,2026-09-08T23:40:00Z,Tue 07:40pm,Rate Field,outdoor,,750,750,9/8/2026,0.1025,
2026-10-09T00:00:00Z,pointsbetau,2026-10-08T09:12:57Z,Chicago White Sox,Cleveland Guardians,batter_home_runs,Munetaka Murakami,0.5,375,,21.05,,,,0.24,0.5,19.91,85.95,18.81,81.19,,21.05,Over,0.21,-0.29,22.67,No,-2.24,-2.24,Non-Standard,https://www.freeiconspng.com/img/1934,2026-10-09T00:00:00Z,No,1.4,7.5,Pirates @ White Sox,2026-09-08T23:40:00Z,Tue 07:40pm,Rate Field,outdoor,,375,375,9/8/2026,0.1881,
2026-10-09T00:00:00Z,pointsbetau,2026-10-08T09:12:57Z,Chicago White Sox,Cleveland Guardians,batter_home_runs,Miguel Vargas,0.5,450,,18.18,,,,0.2,0.5,17.38,88.64,16.35,83.65,,18.18,Over,0.18,-0.32,20.5,No,-1.83,-1.83,Non-Standard,https://www.freeiconspng.com/img/1934,2026-10-09T00:00:00Z,No,1.4,7.5,Pirates @ White Sox,2026-09-08T23:40:00Z,Tue 07:40pm,Rate Field,outdoor,,450,450,9/8/2026,0.1635,
2026-10-09T00:00:00Z,pointsbetau,2026-10-08T09:12:57Z,Chicago White Sox,Cleveland Guardians,batter_home_runs,Nathaniel Lowe,0.5,700,,12.5,,,,0.13,0.5,12.53,93.79,11.75,88.25,,12.5,Over,0.13,-0.37,16.73,No,-0.75,-0.75,Non-Standard,https://www.freeiconspng.com/img/1934,2026-10-09T00:00:00Z,No,1.4,7.5,Guardians @ Orioles,2026-09-08T22:35:00Z,Tue 06:35pm,Oriole Park at Camden Yards,outdoor,,700,700,9/8/2026,0.1175,
2026-10-09T00:00:00Z,pointsbetau,2026-10-08T09:12:57Z,Chicago White Sox,Cleveland Guardians,batter_home_runs,Travis Bazzana,0.5,900,,10,,,,0.11,0.5,10.35,95.25,9.78,90.22,,10,Over,0.1,-0.4,14.37,No,-0.22,-0.22,Non-Standard,https://www.freeiconspng.com/img/1934,2026-10-09T00:00:00Z,No,1.4,7.5,Guardians @ Orioles,2026-09-08T22:35:00Z,Tue 06:35pm,Oriole Park at Camden Yards,outdoor,,900,900,9/8/2026,0.0978,
2026-10-09T00:00:00Z,pointsbetau,2026-10-08T09:12:57Z,Chicago White Sox,Cleveland Guardians,batter_rbis,Angel Martinez,0.5,260,-400,27.78,80,25.77,74.23,0.3,0.5,29.86,77.28,27.86,72.14,-7.86,72.14,Under,0.33,-0.17,69.27,Yes,-2.09,-2.09,Standard,https://www.freeiconspng.com/img/1934,2026-10-09T00:00:00Z,No,1.4,7.5,,,,,,,-259,-259,,0.2786,
2026-10-09T00:00:00Z,pointsbetau,2026-10-08T09:12:57Z,Chicago White Sox,Cleveland Guardians,batter_rbis,Braden Montgomery,0.5,320,-526,23.81,84.03,22.08,77.92,0.25,0.5,25.92,80.62,24.3,75.7,-8.33,75.7,Under,0.28,-0.22,72.51,Yes,-2.22,-2.22,Standard,https://www.freeiconspng.com/img/1934,2026-10-09T00:00:00Z,No,1.4,7.5,Pirates @ White Sox,2026-09-08T23:40:00Z,Tue 07:40pm,Rate Field,outdoor,,-312,-312,9/8/2026,0.243,
2026-10-09T00:00:00Z,pointsbetau,2026-10-08T09:12:57Z,Chicago White Sox,Cleveland Guardians,batter_rbis,Chase Meidroth,0.5,320,-526,23.81,84.03,22.08,77.92,0.25,0.5,25.02,81.83,23.39,76.61,-7.42,76.61,Under,0.27,-0.23,73.18,Yes,-1.31,-1.31,Standard,https://www.freeiconspng.com/img/1934,2026-10-09T00:00:00Z,No,1.4,7.5,Pirates @ White Sox,2026-09-08T23:40:00Z,Tue 07:40pm,Rate Field,outdoor,,-328,-328,9/8/2026,0.2339,
2026-10-09T00:00:00Z,pointsbetau,2026-10-08T09:12:57Z,Chicago White Sox,Cleveland Guardians,batter_rbis,Colson Montgomery,0.5,260,-400,27.78,80,25.77,74.23,0.3,0.5,27.99,79.25,26.06,73.94,-6.06,73.94,Under,0.3,-0.2,71.19,Yes,-0.29,-0.29,Standard,https://www.freeiconspng.com/img/1934,,No,1.4,7.5,Pirates @ White Sox,2026-09-08T23:40:00Z,Tue 07:40pm,Rate Field,outdoor,,-284,-284,9/8/2026,0.2606,
2026-10-09T00:00:00Z,pointsbetau,2026-10-08T09:12:57Z,Chicago White Sox,Cleveland Guardians,batter_rbis,Jo Adell,0.5,175,-278,36.36,73.54,33.09,66.91,0.4,0.5,38.88,68.28,36.27,63.73,-9.81,63.73,Under,0.45,-0.05,62.11,Yes,-3.18,-3.18,Standard,https://www.freeiconspng.com/img/1934,2026-10-09T00:00:00Z,No,1.4,7.5,Guardians @ Orioles,2026-09-08T22:35:00Z,Tue 06:35pm,Oriole Park at Camden Yards,outdoor,,-176,-176,9/8/2026,0.3627,
2026-10-09T00:00:00Z,pointsbetau,2026-10-08T09:12:57Z,Chicago White Sox,Cleveland Guardians,batter_rbis,Kyle Teel,0.5,320,-526,23.81,84.03,22.08,77.92,0.25,0.5,25.68,81.49,23.93,76.07,-7.96,76.07,Under,0.27,-0.23,73.18,Yes,-1.85,-1.85,Standard,https://www.freeiconspng.com/img/1934,2026-10-09T00:00:00Z,No,1.4,7.5,Pirates @ White Sox,2026-09-08T23:40:00Z,Tue 07:40pm,Rate Field,outdoor,,-318,-318,9/8/2026,0.2393,
2026-10-09T00:00:00Z,pointsbetau,2026-10-08T09:12:57Z,Chicago White Sox,Cleveland Guardians,batter_rbis,Munetaka Murakami,0.5,190,-303,34.48,75.19,31.44,68.56,0.38,0.5,34.72,71.89,32.55,67.45,-7.74,67.45,Under,0.39,-0.11,65.58,Yes,-1.11,-1.11,Standard,https://www.freeiconspng.com/img/1934,2026-10-09T00:00:00Z,No,1.4,7.5,Pirates @ White Sox,2026-09-08T23:40:00Z,Tue 07:40pm,Rate Field,outdoor,,-207,-207,9/8/2026,0.3255,
2026-10-09T00:00:00Z,pointsbetau,2026-10-08T09:12:57Z,Chicago White Sox,Cleveland Guardians,batter_rbis,Miguel Vargas,0.5,190,-303,34.48,75.19,31.44,68.56,0.38,0.5,34.06,72.93,31.79,68.21,-6.98,68.21,Under,0.38,-0.12,66.18,Yes,-0.35,-0.35,Standard,https://www.freeiconspng.com/img/1934,2026-10-09T00:00:00Z,No,1.4,7.5,Pirates @ White Sox,2026-09-08T23:40:00Z,Tue 07:40pm,Rate Field,outdoor,,-215,-215,9/8/2026,0.3179,
2026-10-09T00:00:00Z,pointsbetau,2026-10-08T09:12:57Z,Chicago White Sox,Cleveland Guardians,batter_rbis,Nathaniel Lowe,0.5,210,-323,32.26,76.36,29.7,70.3,0.35,0.5,33.26,74.35,30.89,69.11,-7.25,69.11,Under,0.37,-0.13,66.78,Yes,-1.19,-1.19,Standard,https://www.freeiconspng.com/img/1934,2026-10-09T00:00:00Z,No,1.4,7.5,Guardians @ Orioles,2026-09-08T22:35:00Z,Tue 06:35pm,Oriole Park at Camden Yards,outdoor,,-224,-224,9/8/2026,0.3089,
2026-10-09T00:00:00Z,pointsbetau,2026-10-08T09:12:57Z,Chicago White Sox,Cleveland Guardians,batter_rbis,Travis Bazzana,0.5,290,-455,25.64,81.98,23.82,76.18,0.27,0.5,27.8,79.41,25.93,74.07,-7.91,74.07,Under,0.3,-0.2,71.19,Yes,-2.11,-2.11,Standard,https://www.freeiconspng.com/img/1934,2026-10-09T00:00:00Z,No,1.4,7.5,Guardians @ Orioles,2026-09-08T22:35:00Z,Tue 06:35pm,Oriole Park at Camden Yards,outdoor,,-286,-286,9/8/2026,0.2593,
2026-10-09T00:00:00Z,pointsbetau,2026-10-08T09:12:57Z,Chicago White Sox,Cleveland Guardians,batter_singles,Munetaka Murakami,0.5,190,,34.48,,,,0.5,0.5,36.26,72.82,33.23,66.77,,34.48,Over,0.5,0,50,No,-1.25,-1.25,Non-Standard,https://www.freeiconspng.com/img/1934,2026-10-09T00:00:00Z,No,1.4,7.5,Pirates @ White Sox,2026-09-08T23:40:00Z,Tue 07:40pm,Rate Field,outdoor,,190,190,9/8/2026,0.3323,
2026-10-09T00:00:00Z,pointsbetau,2026-10-08T09:12:57Z,Chicago White Sox,Cleveland Guardians,batter_singles,Braden Montgomery,0.5,135,,42.55,,,,0.5,0.5,44.62,64.39,40.92,59.08,,42.55,Over,0.5,0,50,No,-1.63,-1.63,Non-Standard,https://www.freeiconspng.com/img/1934,2026-10-09T00:00:00Z,No,1.4,7.5,Pirates @ White Sox,2026-09-08T23:40:00Z,Tue 07:40pm,Rate Field,outdoor,,135,135,9/8/2026,0.4092,
2026-10-09T00:00:00Z,pointsbetau,2026-10-08T09:12:57Z,Chicago White Sox,Cleveland Guardians,batter_singles,Kyle Teel,0.5,160,,38.46,,,,0.5,0.5,40.34,68.73,36.97,63.03,,38.46,Over,0.5,0,50,No,-1.49,-1.49,Non-Standard,https://www.freeiconspng.com/img/1934,2026-10-09T00:00:00Z,No,1.4,7.5,Pirates @ White Sox,2026-09-08T23:40:00Z,Tue 07:40pm,Rate Field,outdoor,,160,160,9/8/2026,0.3697,
2026-10-09T00:00:00Z,pointsbetau,2026-10-08T09:12:57Z,Chicago White Sox,Cleveland Guardians,batter_singles,Chase Meidroth,0.5,-115,,53.49,,,,0.5,0.5,55.34,53.66,50.77,49.23,,53.49,Over,0.5,0,50,No,-2.72,-2.72,Non-Standard,https://www.freeiconspng.com/img/1934,2026-10-09T00:00:00Z,No,1.4,7.5,Pirates @ White Sox,2026-09-08T23:40:00Z,Tue 07:40pm,Rate Field,outdoor,,-115,-115,9/8/2026,0.5077,
2026-10-09T00:00:00Z,pointsbetau,2026-10-08T09:12:57Z,Chicago White Sox,Cleveland Guardians,batter_singles,Colson Montgomery,0.5,210,,32.26,,,,0.5,0.5,34.69,74.68,31.71,68.29,,32.26,Over,0.5,0,50,No,-0.55,-0.55,Non-Standard,https://www.freeiconspng.com/img/1934,,No,1.4,7.5,Pirates @ White Sox,2026-09-08T23:40:00Z,Tue 07:40pm,Rate Field,outdoor,,210,210,9/8/2026,0.3171,
2026-10-09T00:00:00Z,pointsbetau,2026-10-08T09:12:57Z,Chicago White Sox,Cleveland Guardians,batter_singles,Miguel Vargas,0.5,135,,42.55,,,,0.5,0.5,44.43,64.34,40.84,59.16,,42.55,Over,0.5,0,50,No,-1.71,-1.71,Non-Standard,https://www.freeiconspng.com/img/1934,2026-10-09T00:00:00Z,No,1.4,7.5,Pirates @ White Sox,2026-09-08T23:40:00Z,Tue 07:40pm,Rate Field,outdoor,,135,135,9/8/2026,0.4084,
2026-10-09T00:00:00Z,pointsbetau,2026-10-08T09:12:57Z,Chicago White Sox,Cleveland Guardians,batter_singles,Angel Martinez,0.5,140,,41.67,,,,0.5,0.5,46.8,59.67,43.98,56.02,,41.67,Over,0.5,0,50,No,2.31,2.31,Non-Standard,https://www.freeiconspng.com/img/1934,2026-10-09T00:00:00Z,No,1.4,7.5,,,,,,,140,140,,0.4398,
2026-10-09T00:00:00Z,pointsbetau,2026-10-08T09:12:57Z,Chicago White Sox,Cleveland Guardians,batter_singles,Jo Adell,0.5,115,,46.51,,,,0.5,0.5,47.34,61.61,43.45,56.55,,46.51,Over,0.5,0,50,No,-3.06,-3.06,Non-Standard,https://www.freeiconspng.com/img/1934,2026-10-09T00:00:00Z,No,1.4,7.5,Guardians @ Orioles,2026-09-08T22:35:00Z,Tue 06:35pm,Oriole Park at Camden Yards,outdoor,,115,115,9/8/2026,0.4345,
2026-10-09T00:00:00Z,pointsbetau,2026-10-08T09:12:57Z,Chicago White Sox,Cleveland Guardians,batter_singles,Travis Bazzana,0.5,135,,42.55,,,,0.5,0.5,46.04,62.71,42.33,57.67,,42.55,Over,0.5,0,50,No,-0.22,-0.22,Non-Standard,https://www.freeiconspng.com/img/1934,2026-10-09T00:00:00Z,No,1.4,7.5,Guardians @ Orioles,2026-09-08T22:35:00Z,Tue 06:35pm,Oriole Park at Camden Yards,outdoor,,135,135,9/8/2026,0.4233,
2026-10-09T00:00:00Z,pointsbetau,2026-10-08T09:12:57Z,Chicago White Sox,Cleveland Guardians,batter_singles,Nathaniel Lowe,0.5,130,,43.48,,,,0.5,0.5,47.6,60.8,43.9,56.1,,43.48,Over,0.5,0,50,No,0.42,0.42,Non-Standard,https://www.freeiconspng.com/img/1934,2026-10-09T00:00:00Z,No,1.4,7.5,Guardians @ Orioles,2026-09-08T22:35:00Z,Tue 06:35pm,Oriole Park at Camden Yards,outdoor,,130,130,9/8/2026,0.439,
2026-10-09T00:00:00Z,pointsbetau,2026-10-08T09:12:57Z,Chicago White Sox,Cleveland Guardians,batter_triples,Braden Montgomery,0.5,2000,,4.76,,,,0.5,,,,,,,4.76,Over,0.5,0,50,No,,,Non-Standard,https://www.freeiconspng.com/img/1934,2026-10-09T00:00:00Z,No,1.4,7.5,Pirates @ White Sox,2026-09-08T23:40:00Z,Tue 07:40pm,Rate Field,outdoor,,2001,,9/8/2026,0.0476,
2026-10-09T00:00:00Z,underdog,2026-10-08T09:12:54Z,Chicago White Sox,Cleveland Guardians,batter_hits,Brenton Doyle,0.5,-137,-137,57.81,57.81,50,50,0.69,0.5,51.77,55.96,48.02,51.98,-5.83,51.98,Under,0.65,0.15,51.94,No,1.98,1.98,Standard,https://www.freeiconspng.com/img/1934,2026-10-09T00:00:00Z,No,1.4,7.5,,,,,,,-108,-108,,0.4802,
2026-10-09T00:00:00Z,underdog,2026-10-08T09:12:54Z,Chicago White Sox,Cleveland Guardians,batter_hits,Colson Montgomery,0.5,-137,-137,57.81,57.81,50,50,0.69,0.5,52.66,55.13,48.81,51.19,-6.62,51.19,Under,0.67,0.17,51.03,No,1.19,1.19,Standard,https://www.freeiconspng.com/img/1934,,No,1.4,7.5,Pirates @ White Sox,2026-09-08T23:40:00Z,Tue 07:40pm,Rate Field,outdoor,,-105,-105,9/8/2026,0.4881,
2026-10-09T00:00:00Z,underdog,2026-10-08T09:12:54Z,Chicago White Sox,Cleveland Guardians,batter_hits,Kyle Teel,0.5,-137,-137,57.81,57.81,50,50,0.69,0.5,54.77,53.78,50.45,49.55,-8.26,50.45,Over,0.7,0.2,50.3,Yes,0.45,0.45,Standard,https://www.freeiconspng.com/img/1934,2026-10-09T00:00:00Z,No,1.4,7.5,Pirates @ White Sox,2026-09-08T23:40:00Z,Tue 07:40pm,Rate Field,outdoor,,-102,-102,9/8/2026,0.5045,
2026-10-09T00:00:00Z,underdog,2026-10-08T09:12:54Z,Chicago White Sox,Cleveland Guardians,batter_hits_runs_rbis,Jose Ramirez,1.5,-137,-137,57.81,57.81,50,50,1.68,1.5,55.1,53.79,50.63,49.37,-8.44,50.63,Over,1.7,0.2,50.59,Yes,0.63,0.63,Standard,https://www.freeiconspng.com/img/1934,2026-10-09T00:00:00Z,No,1.4,7.5,,,,,,,-103,-103,,1.5189,
2026-10-09T00:00:00Z,underdog,2026-10-08T09:12:54Z,Chicago White Sox,Cleveland Guardians,batter_hits_runs_rbis,Chase DeLauter,1.5,-137,-137,57.81,57.81,50,50,1.68,1.5,54.15,54.72,49.75,50.25,-7.56,50.25,Under,1.67,0.17,50.23,No,0.25,0.25,Standard,https://www.freeiconspng.com/img/1934,2026-10-09T00:00:00Z,No,1.4,7.5,,,,,,,-101,-101,,1.4925,
2026-10-09T00:00:00Z,underdog,2026-10-08T09:12:54Z,Chicago White Sox,Cleveland Guardians,batter_hits_runs_rbis,Steven Kwan,1.5,-137,-137,57.81,57.81,50,50,1.68,1.5,54.34,54.54,49.9,50.1,-7.71,50.1,Under,1.68,0.18,49.95,No,0.10,0.1,Standard,https://www.freeiconspng.com/img/1934,2026-10-09T00:00:00Z,No,1.4,7.5,Guardians @ Orioles,2026-09-08T22:35:00Z,Tue 06:35pm,Oriole Park at Camden Yards,outdoor,,-100,-100,9/8/2026,1.497,
2026-10-09T00:00:00Z,underdog,2026-10-08T09:12:54Z,Chicago White Sox,Cleveland Guardians,batter_hits_runs_rbis,Jo Adell,1.5,-137,-137,57.81,57.81,50,50,1.68,1.5,52.26,55.84,48.31,51.69,-6.12,51.69,Under,1.63,0.13,51.35,No,1.69,1.69,Standard,https://www.freeiconspng.com/img/1934,2026-10-09T00:00:00Z,No,1.4,7.5,Guardians @ Orioles,2026-09-08T22:35:00Z,Tue 06:35pm,Oriole Park at Camden Yards,outdoor,,-107,-107,9/8/2026,1.4493,
2026-10-09T00:00:00Z,underdog,2026-10-08T09:12:54Z,Chicago White Sox,Cleveland Guardians,batter_hits_runs_rbis,Brenton Doyle,0.5,-137,-137,57.81,57.81,50,50,0.69,0.5,55.8,53.11,51.28,48.72,-9.09,51.28,Over,0.72,0.22,51.17,Yes,1.28,1.28,Standard,https://www.freeiconspng.com/img/1934,2026-10-09T00:00:00Z,No,1.4,7.5,,,,,,,-105,-105,,0.5128,
2026-10-09T00:00:00Z,underdog,2026-10-08T09:12:54Z,Chicago White Sox,Cleveland Guardians,batter_hits_runs_rbis,Tommy Pham,0.5,-137,-137,57.81,57.81,50,50,0.69,0.5,56.62,52.25,52.1,47.9,-9.91,52.1,Over,0.74,0.24,52.01,Yes,2.10,2.1,Standard,https://www.freeiconspng.com/img/1934,,No,1.4,7.5,,,,,,,-109,-109,,0.521,
2026-10-09T00:00:00Z,underdog,2026-10-08T09:12:54Z,Chicago White Sox,Cleveland Guardians,batter_singles,Jose Ramirez,0.5,-137,-137,57.81,57.81,50,50,0.5,0.5,55,54.52,50.23,49.77,-8.04,50.23,Over,0.5,0,50,No,0.23,0.23,Standard,https://www.freeiconspng.com/img/1934,2026-10-09T00:00:00Z,No,1.4,7.5,,,,,,,-101,-101,,0.5023,
2026-10-09T00:00:00Z,underdog,2026-10-08T09:12:54Z,Chicago White Sox,Cleveland Guardians,batter_strikeouts,Munetaka Murakami,1.5,-137,,57.81,,,,1.94,,,,,,,57.81,Over,1.94,0.44,56.82,Yes,,,Non-Standard,https://www.freeiconspng.com/img/1934,2026-10-09T00:00:00Z,No,1.4,7.5,Pirates @ White Sox,2026-09-08T23:40:00Z,Tue 07:40pm,Rate Field,outdoor,,-137,,9/8/2026,1.7343,
2026-10-09T00:00:00Z,underdog,2026-10-08T09:12:54Z,Chicago White Sox,Cleveland Guardians,batter_total_bases,Brenton Doyle,0.5,-137,-137,57.81,57.81,50,50,0.69,0.5,53.88,54.21,49.84,50.16,-7.65,50.16,Under,0.69,0.19,50.14,No,0.16,0.16,Standard,https://www.freeiconspng.com/img/1934,2026-10-09T00:00:00Z,No,1.4,7.5,,,,,,,-101,-101,,0.4984,
2026-10-09T00:00:00Z,underdog,2026-10-08T09:12:54Z,Chicago White Sox,Cleveland Guardians,batter_total_bases,Tommy Pham,0.5,-137,-137,57.81,57.81,50,50,0.69,0.5,52.38,55.72,48.46,51.54,-6.27,51.54,Under,0.66,0.16,51.48,No,1.54,1.54,Standard,https://www.freeiconspng.com/img/1934,,No,1.4,7.5,,,,,,,-106,-106,,0.4846,
2026-10-09T00:00:00Z,underdog,2026-10-08T09:12:54Z,Chicago White Sox,Cleveland Guardians,batter_total_bases,Kyle Teel,0.5,-137,-137,57.81,57.81,50,50,0.69,0.5,53.63,54.39,49.64,50.36,-7.45,50.36,Under,0.69,0.19,50.14,No,0.36,0.36,Standard,https://www.freeiconspng.com/img/1934,2026-10-09T00:00:00Z,No,1.4,7.5,Pirates @ White Sox,2026-09-08T23:40:00Z,Tue 07:40pm,Rate Field,outdoor,,-101,-101,9/8/2026,0.4964,
2026-10-09T00:00:00Z,underdog,2026-10-08T09:12:54Z,Chicago White Sox,Cleveland Guardians,batter_total_bases,Munetaka Murakami,0.5,-137,-137,57.81,57.81,50,50,0.69,0.5,55.69,52.86,51.35,48.65,-9.16,51.35,Over,0.72,0.22,51.17,Yes,1.35,1.35,Standard,https://www.freeiconspng.com/img/1934,2026-10-09T00:00:00Z,No,1.4,7.5,Pirates @ White Sox,2026-09-08T23:40:00Z,Tue 07:40pm,Rate Field,outdoor,,-106,-106,9/8/2026,0.5135,
2026-10-09T00:00:00Z,underdog,2026-10-08T09:11:46Z,Chicago White Sox,Cleveland Guardians,batter_walks,Munetaka Murakami,0.5,-137,-137,57.81,57.81,50,50,0.69,0.5,52.26,58.96,46.92,53.08,-4.73,53.08,Under,0.63,0.13,52.87,No,3.08,3.08,Standard,https://www.freeiconspng.com/img/1934,2026-10-09T00:00:00Z,No,1.4,7.5,Pirates @ White Sox,2026-09-08T23:40:00Z,Tue 07:40pm,Rate Field,outdoor,,-113,-113,9/8/2026,0.4692,
2026-10-09T00:00:00Z,underdog,2026-10-08T09:12:54Z,Chicago White Sox,Cleveland Guardians,pitcher_walks,Parker Messick,1.5,-137,-137,57.81,57.81,50,50,1.68,1.5,55.17,53.15,50.94,49.06,-8.75,50.94,Over,1.71,0.21,50.87,Yes,0.94,0.94,Standard,https://www.freeiconspng.com/img/1934,2026-10-09T00:00:00Z,No,1.4,7.5,,,,,,,-104,-104,,1.5282,
2026-10-09T00:00:00Z,prophetx,2026-10-08T09:13:11Z,Chicago White Sox,Cleveland Guardians,batter_doubles,Jose Ramirez,0.5,360,,21.74,,,,0.5,0.5,21.74,85.88,20.19,79.81,,21.74,Over,0.5,0,50,No,-1.55,-1.55,Non-Standard,https://www.freeiconspng.com/img/1934,2026-10-09T00:00:00Z,No,1.4,7.5,,,,,,,360,360,,0.2019,
2026-10-09T00:00:00Z,prophetx,2026-10-08T09:13:11Z,Chicago White Sox,Cleveland Guardians,batter_hits,Jose Ramirez,0.5,-205,156,67.21,39.06,63.24,36.76,1,0.5,69.01,37.25,64.96,35.04,-2.25,64.96,Over,1.05,0.55,63.21,Yes,1.72,1.72,Standard,https://www.freeiconspng.com/img/1934,2026-10-09T00:00:00Z,No,1.4,7.5,,,,,,,-185,-185,,0.6496,
2026-10-09T00:00:00Z,prophetx,2026-10-08T09:13:11Z,Chicago White Sox,Cleveland Guardians,batter_hits,Randal Grichuk,0.5,-138,122,57.98,45.05,56.28,43.72,0.83,0.5,59.7,46.63,56.15,43.85,-1.83,56.15,Over,0.82,0.32,55.24,Yes,-0.13,-0.13,Standard,https://www.freeiconspng.com/img/1934,2026-10-09T00:00:00Z,No,1.4,7.5,,,,,,,-128,-128,,0.5615,
2026-10-09T00:00:00Z,prophetx,2026-10-08T09:13:11Z,Chicago White Sox,Cleveland Guardians,batter_hits,Tommy Pham,0.5,105,,48.78,,,,0.67,0.5,50.25,56.47,47.12,52.88,,48.78,Over,0.64,0.14,47.6,Yes,-1.66,-1.66,Non-Standard,https://www.freeiconspng.com/img/1934,,No,1.4,7.5,,,,,,,105,105,,0.4712,
2026-10-09T00:00:00Z,prophetx,2026-10-08T09:13:11Z,Chicago White Sox,Cleveland Guardians,batter_hits,Jo Adell,0.5,-144,,59.02,,,,0.89,0.5,64.55,42.21,60.45,39.55,,59.02,Over,0.93,0.43,59.28,Yes,1.43,1.43,Non-Standard,https://www.freeiconspng.com/img/1934,2026-10-09T00:00:00Z,No,1.4,7.5,Guardians @ Orioles,2026-09-08T22:35:00Z,Tue 06:35pm,Oriole Park at Camden Yards,outdoor,,-144,-144,9/8/2026,0.6045,
2026-10-09T00:00:00Z,prophetx,2026-10-08T09:13:11Z,Chicago White Sox,Cleveland Guardians,batter_hits,Nathaniel Lowe,0.5,-154,,60.63,,,,0.93,0.5,61.05,45.68,57.2,42.8,,60.63,Over,0.85,0.35,56.39,Yes,-3.43,-3.43,Non-Standard,https://www.freeiconspng.com/img/1934,2026-10-09T00:00:00Z,No,1.4,7.5,Guardians @ Orioles,2026-09-08T22:35:00Z,Tue 06:35pm,Oriole Park at Camden Yards,outdoor,,-154,-154,9/8/2026,0.572,
2026-10-09T00:00:00Z,prophetx,2026-10-08T09:13:11Z,Chicago White Sox,Cleveland Guardians,batter_hits,Brayan Rocchio,0.5,-117,,53.92,,,,0.77,0.5,59.63,46.98,55.94,44.06,,53.92,Over,0.82,0.32,55.24,Yes,2.02,2.02,Non-Standard,https://www.freeiconspng.com/img/1934,2026-10-09T00:00:00Z,No,1.4,7.5,Guardians @ Orioles,2026-09-08T22:35:00Z,Tue 06:35pm,Oriole Park at Camden Yards,outdoor,,-117,-117,9/8/2026,0.5594,
2026-10-09T00:00:00Z,prophetx,2026-10-08T09:13:11Z,Chicago White Sox,Cleveland Guardians,batter_hits,Steven Kwan,0.5,-215,,68.25,,,,1.15,0.5,69.88,36.8,65.52,34.48,,68.25,Over,1.06,0.56,63.51,Yes,-2.73,-2.73,Non-Standard,https://www.freeiconspng.com/img/1934,2026-10-09T00:00:00Z,No,1.4,7.5,Guardians @ Orioles,2026-09-08T22:35:00Z,Tue 06:35pm,Oriole Park at Camden Yards,outdoor,,-215,-215,9/8/2026,0.6552,
2026-10-09T00:00:00Z,prophetx,2026-10-08T09:13:11Z,Chicago White Sox,Cleveland Guardians,batter_hits,Steven Kwan,1.5,250,,28.57,,,,1.06,,,,,,,28.57,Over,1.06,-0.44,31.19,No,,,Non-Standard,https://www.freeiconspng.com/img/1934,2026-10-09T00:00:00Z,No,1.4,7.5,Guardians @ Orioles,2026-09-08T22:35:00Z,Tue 06:35pm,Oriole Park at Camden Yards,outdoor,,250,,9/8/2026,0.8571,
2026-10-09T00:00:00Z,prophetx,2026-10-08T09:13:11Z,Chicago White Sox,Cleveland Guardians,batter_hits,Brenton Doyle,0.5,-105,,51.22,,,,0.72,0.5,51.77,55.96,48.02,51.98,,51.22,Over,0.65,0.15,48.06,Yes,-3.20,-3.2,Non-Standard,https://www.freeiconspng.com/img/1934,2026-10-09T00:00:00Z,No,1.4,7.5,,,,,,,-105,-105,,0.4802,
2026-10-09T00:00:00Z,prophetx,2026-10-08T09:13:11Z,Chicago White Sox,Cleveland Guardians,batter_hits,Angel Martinez,0.5,-154,,60.63,,,,0.93,0.5,61.01,45.81,57.15,42.85,,60.63,Over,0.85,0.35,56.39,Yes,-3.48,-3.48,Non-Standard,https://www.freeiconspng.com/img/1934,2026-10-09T00:00:00Z,No,1.4,7.5,,,,,,,-154,-154,,0.5715,
2026-10-09T00:00:00Z,prophetx,2026-10-08T09:13:11Z,Chicago White Sox,Cleveland Guardians,batter_hits,Miguel Vargas,0.5,-138,,57.98,,,,0.87,0.5,63.75,42.78,59.83,40.17,,57.98,Over,0.91,0.41,58.58,Yes,1.85,1.85,Non-Standard,https://www.freeiconspng.com/img/1934,2026-10-09T00:00:00Z,No,1.4,7.5,Pirates @ White Sox,2026-09-08T23:40:00Z,Tue 07:40pm,Rate Field,outdoor,,-138,-138,9/8/2026,0.5983,
2026-10-09T00:00:00Z,prophetx,2026-10-08T09:13:11Z,Chicago White Sox,Cleveland Guardians,batter_hits,Patrick Bailey,0.5,-130,,56.52,,,,0.83,0.5,56.59,50.14,53.02,46.98,,56.52,Over,0.76,0.26,52.85,Yes,-3.50,-3.5,Non-Standard,https://www.freeiconspng.com/img/1934,2026-10-09T00:00:00Z,No,1.4,7.5,Guardians @ Orioles,2026-09-08T22:35:00Z,Tue 06:35pm,Oriole Park at Camden Yards,outdoor,,-130,-130,9/8/2026,0.5302,
2026-10-09T00:00:00Z,prophetx,2026-10-08T09:13:11Z,Chicago White Sox,Cleveland Guardians,batter_hits,Colson Montgomery,0.5,-102,-113,50.5,53.05,48.77,51.23,0.67,0.5,52.66,55.13,48.81,51.19,-1.86,51.19,Under,0.67,0.17,51.03,No,-0.04,-0.04,Standard,https://www.freeiconspng.com/img/1934,,No,1.4,7.5,Pirates @ White Sox,2026-09-08T23:40:00Z,Tue 07:40pm,Rate Field,outdoor,,-105,-105,9/8/2026,0.4881,
2026-10-09T00:00:00Z,prophetx,2026-10-08T09:13:11Z,Chicago White Sox,Cleveland Guardians,batter_hits,Chase DeLauter,0.5,-190,,65.52,,,,1.06,0.5,68.53,38.03,64.33,35.67,,65.52,Over,1.03,0.53,62.58,Yes,-1.19,-1.19,Non-Standard,https://www.freeiconspng.com/img/1934,2026-10-09T00:00:00Z,No,1.4,7.5,,,,,,,-190,-190,,0.6433,
2026-10-09T00:00:00Z,prophetx,2026-10-08T09:13:11Z,Chicago White Sox,Cleveland Guardians,batter_hits,Chase Meidroth,0.5,-180,,64.29,,,,1.03,0.5,66.43,40.49,62.15,37.85,,64.29,Over,0.97,0.47,60.64,Yes,-2.14,-2.14,Non-Standard,https://www.freeiconspng.com/img/1934,2026-10-09T00:00:00Z,No,1.4,7.5,Pirates @ White Sox,2026-09-08T23:40:00Z,Tue 07:40pm,Rate Field,outdoor,,-180,-180,9/8/2026,0.6215,
2026-10-09T00:00:00Z,prophetx,2026-10-08T09:13:11Z,Chicago White Sox,Cleveland Guardians,batter_hits,Kyle Teel,0.5,-115,,53.49,,,,0.77,0.5,54.77,53.78,50.45,49.55,,53.49,Over,0.7,0.2,50.3,Yes,-3.04,-3.04,Non-Standard,https://www.freeiconspng.com/img/1934,2026-10-09T00:00:00Z,No,1.4,7.5,Pirates @ White Sox,2026-09-08T23:40:00Z,Tue 07:40pm,Rate Field,outdoor,,-115,-115,9/8/2026,0.5045,
2026-10-09T00:00:00Z,prophetx,2026-10-08T09:13:11Z,Chicago White Sox,Cleveland Guardians,batter_hits,Travis Bazzana,0.5,-132,,56.9,,,,0.84,0.5,58.5,48.54,54.67,45.33,,56.9,Over,0.79,0.29,54.06,Yes,-2.23,-2.23,Non-Standard,https://www.freeiconspng.com/img/1934,2026-10-09T00:00:00Z,No,1.4,7.5,Guardians @ Orioles,2026-09-08T22:35:00Z,Tue 06:35pm,Oriole Park at Camden Yards,outdoor,,-132,-132,9/8/2026,0.5467,
2026-10-09T00:00:00Z,prophetx,2026-10-08T09:13:11Z,Chicago White Sox,Cleveland Guardians,batter_hits,Braden Montgomery,0.5,-134,,57.26,,,,0.85,0.5,57.45,49.3,53.82,46.18,,57.26,Over,0.77,0.27,53.25,Yes,-3.44,-3.44,Non-Standard,https://www.freeiconspng.com/img/1934,2026-10-09T00:00:00Z,No,1.4,7.5,Pirates @ White Sox,2026-09-08T23:40:00Z,Tue 07:40pm,Rate Field,outdoor,,-134,-134,9/8/2026,0.5382,
2026-10-09T00:00:00Z,prophetx,2026-10-08T09:13:11Z,Chicago White Sox,Cleveland Guardians,batter_hits,Munetaka Murakami,0.5,-110,105,52.38,48.78,51.78,48.22,0.73,0.5,56.45,49.64,53.19,46.81,0.81,53.19,Over,0.76,0.26,52.85,Yes,1.41,1.41,Standard,https://www.freeiconspng.com/img/1934,2026-10-09T00:00:00Z,No,1.4,7.5,Pirates @ White Sox,2026-09-08T23:40:00Z,Tue 07:40pm,Rate Field,outdoor,,-114,-114,9/8/2026,0.5319,
2026-10-09T00:00:00Z,prophetx,2026-10-08T09:13:11Z,Chicago White Sox,Cleveland Guardians,batter_hits_runs_rbis,Jose Ramirez,1.5,-120,,54.55,,,,1.83,1.5,55.1,53.79,50.63,49.37,,54.55,Over,1.7,0.2,50.59,Yes,-3.92,-3.92,Non-Standard,https://www.freeiconspng.com/img/1934,2026-10-09T00:00:00Z,No,1.4,7.5,,,,,,,-120,-120,,1.5189,
2026-10-09T00:00:00Z,prophetx,2026-10-08T09:13:11Z,Chicago White Sox,Cleveland Guardians,batter_hits_runs_rbis,Randal Grichuk,0.5,-184,,64.79,,,,1.04,0.5,63.45,42.6,59.8,40.2,,64.79,Over,0.91,0.41,58.58,Yes,-4.99,-4.99,Non-Standard,https://www.freeiconspng.com/img/1934,2026-10-09T00:00:00Z,No,1.4,7.5,,,,,,,-184,-184,,0.598,
2026-10-09T00:00:00Z,prophetx,2026-10-08T09:13:11Z,Chicago White Sox,Cleveland Guardians,batter_hits_runs_rbis,Randal Grichuk,1.5,140,,41.67,,,,1.42,1.5,42.55,64.29,39.83,60.17,,41.67,Over,1.37,-0.13,41,No,-1.84,-1.84,Non-Standard,https://www.freeiconspng.com/img/1934,2026-10-09T00:00:00Z,No,1.4,7.5,,,,,,,140,140,,1.1949,
2026-10-09T00:00:00Z,prophetx,2026-10-08T09:13:11Z,Chicago White Sox,Cleveland Guardians,batter_hits_runs_rbis,Tommy Pham,0.5,-125,,55.56,,,,0.81,0.5,56.62,52.25,52.1,47.9,,55.56,Over,0.74,0.24,52.01,Yes,-3.46,-3.46,Non-Standard,https://www.freeiconspng.com/img/1934,,No,1.4,7.5,,,,,,,-125,-125,,0.521,
2026-10-09T00:00:00Z,prophetx,2026-10-08T09:13:11Z,Chicago White Sox,Cleveland Guardians,batter_hits_runs_rbis,Jo Adell,1.5,-113,-114,53.05,53.27,49.9,50.1,1.68,1.5,52.26,55.84,48.31,51.69,-1.58,51.69,Under,1.63,0.13,51.35,No,1.59,1.59,Standard,https://www.freeiconspng.com/img/1934,2026-10-09T00:00:00Z,No,1.4,7.5,Guardians @ Orioles,2026-09-08T22:35:00Z,Tue 06:35pm,Oriole Park at Camden Yards,outdoor,,-107,-107,9/8/2026,1.4493,
2026-10-09T00:00:00Z,prophetx,2026-10-08T09:13:11Z,Chicago White Sox,Cleveland Guardians,batter_hits_runs_rbis,Nathaniel Lowe,1.5,120,,45.45,,,,1.54,1.5,45.09,61.36,42.34,57.66,,45.45,Over,1.44,-0.06,43.13,No,-3.11,-3.11,Non-Standard,https://www.freeiconspng.com/img/1934,2026-10-09T00:00:00Z,No,1.4,7.5,Guardians @ Orioles,2026-09-08T22:35:00Z,Tue 06:35pm,Oriole Park at Camden Yards,outdoor,,120,120,9/8/2026,1.2702,
2026-10-09T00:00:00Z,prophetx,2026-10-08T09:13:11Z,Chicago White Sox,Cleveland Guardians,batter_hits_runs_rbis,Brayan Rocchio,0.5,-190,,65.52,,,,1.06,,,,,,,65.52,Over,1.06,0.56,63.51,Yes,,,Non-Standard,https://www.freeiconspng.com/img/1934,2026-10-09T00:00:00Z,No,1.4,7.5,Guardians @ Orioles,2026-09-08T22:35:00Z,Tue 06:35pm,Oriole Park at Camden Yards,outdoor,,-190,,9/8/2026,0.6552,
2026-10-09T00:00:00Z,prophetx,2026-10-08T09:13:11Z,Chicago White Sox,Cleveland Guardians,batter_hits_runs_rbis,Brayan Rocchio,1.5,138,,42.02,,,,1.43,1.5,43.19,63.34,40.56,59.44,,42.02,Over,1.39,-0.11,41.61,No,-1.46,-1.46,Non-Standard,https://www.freeiconspng.com/img/1934,2026-10-09T00:00:00Z,No,1.4,7.5,Guardians @ Orioles,2026-09-08T22:35:00Z,Tue 06:35pm,Oriole Park at Camden Yards,outdoor,,138,138,9/8/2026,1.2168,
2026-10-09T00:00:00Z,prophetx,2026-10-08T09:13:11Z,Chicago White Sox,Cleveland Guardians,batter_hits_runs_rbis,Steven Kwan,1.5,-120,,54.55,,,,1.83,1.5,54.34,54.54,49.9,50.1,,54.55,Over,1.68,0.18,50.05,Yes,-4.65,-4.65,Non-Standard,https://www.freeiconspng.com/img/1934,2026-10-09T00:00:00Z,No,1.4,7.5,Guardians @ Orioles,2026-09-08T22:35:00Z,Tue 06:35pm,Oriole Park at Camden Yards,outdoor,,-120,-120,9/8/2026,1.497,
2026-10-09T00:00:00Z,prophetx,2026-10-08T09:13:11Z,Chicago White Sox,Cleveland Guardians,batter_hits_runs_rbis,Brenton Doyle,0.5,-132,,56.9,,,,0.84,0.5,55.8,53.11,51.28,48.72,,56.9,Over,0.72,0.22,51.17,Yes,-5.62,-5.62,Non-Standard,https://www.freeiconspng.com/img/1934,2026-10-09T00:00:00Z,No,1.4,7.5,,,,,,,-132,-132,,0.5128,
2026-10-09T00:00:00Z,prophetx,2026-10-08T09:13:11Z,Chicago White Sox,Cleveland Guardians,batter_hits_runs_rbis,Angel Martinez,0.5,-270,,72.97,,,,1.31,,,,,,,72.97,Over,1.31,0.81,70.26,Yes,,,Non-Standard,https://www.freeiconspng.com/img/1934,2026-10-09T00:00:00Z,No,1.4,7.5,,,,,,,-270,,,0.7297,
2026-10-09T00:00:00Z,prophetx,2026-10-08T09:13:11Z,Chicago White Sox,Cleveland Guardians,batter_hits_runs_rbis,Angel Martinez,1.5,134,,42.74,,,,1.46,1.5,44.56,61.98,41.84,58.16,,42.74,Over,1.43,-0.07,42.83,No,-0.90,-0.9,Non-Standard,https://www.freeiconspng.com/img/1934,2026-10-09T00:00:00Z,No,1.4,7.5,,,,,,,134,134,,1.2552,
2026-10-09T00:00:00Z,prophetx,2026-10-08T09:13:11Z,Chicago White Sox,Cleveland Guardians,batter_hits_runs_rbis,Miguel Vargas,1.5,110,,47.62,,,,1.6,1.5,48.4,57.95,45.49,54.51,,47.62,Over,1.54,0.04,46.08,Yes,-2.13,-2.13,Non-Standard,https://www.freeiconspng.com/img/1934,2026-10-09T00:00:00Z,No,1.4,7.5,Pirates @ White Sox,2026-09-08T23:40:00Z,Tue 07:40pm,Rate Field,outdoor,,110,110,9/8/2026,1.3647,
2026-10-09T00:00:00Z,prophetx,2026-10-08T09:13:11Z,Chicago White Sox,Cleveland Guardians,batter_hits_runs_rbis,Patrick Bailey,0.5,-174,,63.5,,,,1.01,0.5,62.47,44.05,58.68,41.32,,63.5,Over,0.88,0.38,57.5,Yes,-4.82,-4.82,Non-Standard,https://www.freeiconspng.com/img/1934,2026-10-09T00:00:00Z,No,1.4,7.5,Guardians @ Orioles,2026-09-08T22:35:00Z,Tue 06:35pm,Oriole Park at Camden Yards,outdoor,,-174,-174,9/8/2026,0.5868,
2026-10-09T00:00:00Z,prophetx,2026-10-08T09:13:11Z,Chicago White Sox,Cleveland Guardians,batter_hits_runs_rbis,Colson Montgomery,0.5,-144,,59.02,,,,0.89,0.5,58.58,47.81,55.06,44.94,,59.02,Over,0.8,0.3,54.46,Yes,-3.96,-3.96,Non-Standard,https://www.freeiconspng.com/img/1934,,No,1.4,7.5,Pirates @ White Sox,2026-09-08T23:40:00Z,Tue 07:40pm,Rate Field,outdoor,,-144,-144,9/8/2026,0.5506,
2026-10-09T00:00:00Z,prophetx,2026-10-08T09:13:11Z,Chicago White Sox,Cleveland Guardians,batter_hits_runs_rbis,Chase DeLauter,1.5,-110,,52.38,,,,1.76,1.5,54.15,54.72,49.75,50.25,,52.38,Over,1.67,0.17,49.77,Yes,-2.63,-2.63,Non-Standard,https://www.freeiconspng.com/img/1934,2026-10-09T00:00:00Z,No,1.4,7.5,,,,,,,-110,-110,,1.4925,
2026-10-09T00:00:00Z,prophetx,2026-10-08T09:13:11Z,Chicago White Sox,Cleveland Guardians,batter_hits_runs_rbis,Chase Meidroth,1.5,115,,46.51,,,,1.57,1.5,47.41,59.2,44.47,55.53,,46.51,Over,1.51,0.01,45.21,Yes,-2.04,-2.04,Non-Standard,https://www.freeiconspng.com/img/1934,2026-10-09T00:00:00Z,No,1.4,7.5,Pirates @ White Sox,2026-09-08T23:40:00Z,Tue 07:40pm,Rate Field,outdoor,,115,115,9/8/2026,1.3341,
2026-10-09T00:00:00Z,prophetx,2026-10-08T09:13:11Z,Chicago White Sox,Cleveland Guardians,batter_hits_runs_rbis,Kyle Teel,0.5,-160,120,61.54,45.45,57.52,42.48,0.86,0.5,60.73,45.93,56.93,43.07,-4.61,56.93,Over,0.84,0.34,56.01,Yes,-0.59,-0.59,Standard,https://www.freeiconspng.com/img/1934,2026-10-09T00:00:00Z,No,1.4,7.5,Pirates @ White Sox,2026-09-08T23:40:00Z,Tue 07:40pm,Rate Field,outdoor,,-132,-132,9/8/2026,0.5693,
2026-10-09T00:00:00Z,prophetx,2026-10-08T09:13:11Z,Chicago White Sox,Cleveland Guardians,batter_hits_runs_rbis,Travis Bazzana,0.5,-200,,66.67,,,,1.1,0.5,65.69,42.8,60.54,39.46,,66.67,Over,0.93,0.43,59.28,Yes,-6.13,-6.13,Non-Standard,https://www.freeiconspng.com/img/1934,2026-10-09T00:00:00Z,No,1.4,7.5,Guardians @ Orioles,2026-09-08T22:35:00Z,Tue 06:35pm,Oriole Park at Camden Yards,outdoor,,-200,-200,9/8/2026,0.6054,
2026-10-09T00:00:00Z,prophetx,2026-10-08T09:13:11Z,Chicago White Sox,Cleveland Guardians,batter_hits_runs_rbis,Travis Bazzana,1.5,132,,43.1,,,,1.47,1.5,42.98,62.45,40.77,59.23,,43.1,Over,1.4,-0.1,41.92,No,-2.33,-2.33,Non-Standard,https://www.freeiconspng.com/img/1934,2026-10-09T00:00:00Z,No,1.4,7.5,Guardians @ Orioles,2026-09-08T22:35:00Z,Tue 06:35pm,Oriole Park at Camden Yards,outdoor,,132,132,9/8/2026,1.2231,
2026-10-09T00:00:00Z,prophetx,2026-10-08T09:13:11Z,Chicago White Sox,Cleveland Guardians,batter_hits_runs_rbis,Braden Montgomery,0.5,-172,,63.24,,,,1,0.5,61.9,44.51,58.17,41.83,,63.24,Over,0.87,0.37,57.13,Yes,-5.07,-5.07,Non-Standard,https://www.freeiconspng.com/img/1934,2026-10-09T00:00:00Z,No,1.4,7.5,Pirates @ White Sox,2026-09-08T23:40:00Z,Tue 07:40pm,Rate Field,outdoor,,-172,-172,9/8/2026,0.5817,
2026-10-09T00:00:00Z,prophetx,2026-10-08T09:13:11Z,Chicago White Sox,Cleveland Guardians,batter_hits_runs_rbis,Braden Montgomery,1.5,140,,41.67,,,,1.42,,,,,,,41.67,Over,1.42,-0.08,42.52,No,,,Non-Standard,https://www.freeiconspng.com/img/1934,2026-10-09T00:00:00Z,No,1.4,7.5,Pirates @ White Sox,2026-09-08T23:40:00Z,Tue 07:40pm,Rate Field,outdoor,,140,,9/8/2026,1.2501,
2026-10-09T00:00:00Z,prophetx,2026-10-08T09:13:11Z,Chicago White Sox,Cleveland Guardians,batter_hits_runs_rbis,Munetaka Murakami,0.5,-174,,63.5,,,,1.01,0.5,58.85,40.98,58.95,41.05,,63.5,Over,0.89,0.39,57.86,Yes,-4.55,-4.55,Non-Standard,https://www.freeiconspng.com/img/1934,2026-10-09T00:00:00Z,No,1.4,7.5,Pirates @ White Sox,2026-09-08T23:40:00Z,Tue 07:40pm,Rate Field,outdoor,,-174,-174,9/8/2026,0.5895,
2026-10-09T00:00:00Z,prophetx,2026-10-08T09:13:11Z,Chicago White Sox,Cleveland Guardians,batter_hits_runs_rbis,Munetaka Murakami,1.5,136,,42.37,,,,1.45,1.5,44.9,62.76,41.71,58.29,,42.37,Over,1.43,-0.07,42.83,No,-0.66,-0.66,Non-Standard,https://www.freeiconspng.com/img/1934,2026-10-09T00:00:00Z,No,1.4,7.5,Pirates @ White Sox,2026-09-08T23:40:00Z,Tue 07:40pm,Rate Field,outdoor,,136,136,9/8/2026,1.2513,
2026-10-09T00:00:00Z,prophetx,2026-10-08T09:13:11Z,Chicago White Sox,Cleveland Guardians,batter_home_runs,Jose Ramirez,0.5,540,-790,15.63,88.76,14.97,85.03,0.16,0.5,15.39,90.29,14.53,85.47,-3.29,85.47,Under,0.16,-0.34,80.99,Yes,0.44,0.44,Standard,https://www.freeiconspng.com/img/1934,2026-10-09T00:00:00Z,No,1.4,7.5,,,,,,,-588,-588,,0.1453,
2026-10-09T00:00:00Z,prophetx,2026-10-08T09:13:11Z,Chicago White Sox,Cleveland Guardians,batter_home_runs,Randal Grichuk,0.5,620,-810,13.89,89.01,13.5,86.5,0.14,0.5,15.15,90.51,14.32,85.68,-3.33,85.68,Under,0.15,-0.35,81.74,Yes,-0.82,-0.82,Standard,https://www.freeiconspng.com/img/1934,2026-10-09T00:00:00Z,No,1.4,7.5,,,,,,,-598,-598,,0.1432,
2026-10-09T00:00:00Z,prophetx,2026-10-08T09:13:11Z,Chicago White Sox,Cleveland Guardians,batter_home_runs,Tommy Pham,0.5,750,-1350,11.76,93.1,11.22,88.78,0.12,0.5,10.62,94.72,10.05,89.95,-3.15,89.95,Under,0.11,-0.39,84.83,Yes,1.17,1.17,Standard,https://www.freeiconspng.com/img/1934,,No,1.4,7.5,,,,,,,-895,-895,,0.1005,
2026-10-09T00:00:00Z,prophetx,2026-10-08T09:13:11Z,Chicago White Sox,Cleveland Guardians,batter_home_runs,Jo Adell,0.5,495,-670,16.81,87.01,16.19,83.81,0.18,0.5,16.61,89.09,15.68,84.32,-2.69,84.32,Under,0.17,-0.33,80.24,Yes,0.51,0.51,Standard,https://www.freeiconspng.com/img/1934,2026-10-09T00:00:00Z,No,1.4,7.5,Guardians @ Orioles,2026-09-08T22:35:00Z,Tue 06:35pm,Oriole Park at Camden Yards,outdoor,,-538,-538,9/8/2026,0.1568,
2026-10-09T00:00:00Z,prophetx,2026-10-08T09:13:11Z,Chicago White Sox,Cleveland Guardians,batter_home_runs,Nathaniel Lowe,0.5,710,-4900,12.35,98,11.19,88.81,0.12,0.5,12.53,93.79,11.75,88.25,-9.75,88.25,Under,0.13,-0.37,83.27,Yes,-0.56,-0.56,Standard,https://www.freeiconspng.com/img/1934,2026-10-09T00:00:00Z,No,1.4,7.5,Guardians @ Orioles,2026-09-08T22:35:00Z,Tue 06:35pm,Oriole Park at Camden Yards,outdoor,,-751,-751,9/8/2026,0.1175,
2026-10-09T00:00:00Z,prophetx,2026-10-08T09:13:11Z,Chicago White Sox,Cleveland Guardians,batter_home_runs,Brayan Rocchio,0.5,960,-8750,9.43,98.87,8.71,91.29,0.09,0.5,9.39,96.37,8.84,91.16,-7.71,91.16,Under,0.09,-0.41,86.43,Yes,-0.13,-0.13,Standard,https://www.freeiconspng.com/img/1934,2026-10-09T00:00:00Z,No,1.4,7.5,Guardians @ Orioles,2026-09-08T22:35:00Z,Tue 06:35pm,Oriole Park at Camden Yards,outdoor,,-1031,-1031,9/8/2026,0.0884,
2026-10-09T00:00:00Z,prophetx,2026-10-08T09:13:11Z,Chicago White Sox,Cleveland Guardians,batter_home_runs,Steven Kwan,0.5,1600,-3100,5.88,96.88,5.72,94.28,0.06,0.5,6.41,96.97,6.17,93.83,-3.05,93.83,Under,0.06,-0.44,88.88,Yes,-0.45,-0.45,Standard,https://www.freeiconspng.com/img/1934,2026-10-09T00:00:00Z,No,1.4,7.5,Guardians @ Orioles,2026-09-08T22:35:00Z,Tue 06:35pm,Oriole Park at Camden Yards,outdoor,,-1521,-1521,9/8/2026,0.0617,
2026-10-09T00:00:00Z,prophetx,2026-10-08T09:13:11Z,Chicago White Sox,Cleveland Guardians,batter_home_runs,Brenton Doyle,0.5,640,-2400,13.51,96,12.34,87.66,0.13,0.5,12.23,94,11.46,88.54,-7.46,88.54,Under,0.12,-0.38,84.05,Yes,0.88,0.88,Standard,https://www.freeiconspng.com/img/1934,2026-10-09T00:00:00Z,No,1.4,7.5,,,,,,,-773,-773,,0.1146,
2026-10-09T00:00:00Z,prophetx,2026-10-08T09:13:11Z,Chicago White Sox,Cleveland Guardians,batter_home_runs,Angel Martinez,0.5,830,-1350,10.75,93.1,10.35,89.65,0.11,0.5,11.28,94.27,10.66,89.34,-3.76,89.34,Under,0.11,-0.39,84.83,Yes,-0.31,-0.31,Standard,https://www.freeiconspng.com/img/1934,2026-10-09T00:00:00Z,No,1.4,7.5,,,,,,,-838,-838,,0.1066,
2026-10-09T00:00:00Z,prophetx,2026-10-08T09:13:11Z,Chicago White Sox,Cleveland Guardians,batter_home_runs,Miguel Vargas,0.5,485,-790,17.09,88.76,16.15,83.85,0.18,0.5,17.38,88.64,16.35,83.65,-5.11,83.65,Under,0.18,-0.32,79.5,Yes,-0.20,-0.2,Standard,https://www.freeiconspng.com/img/1934,2026-10-09T00:00:00Z,No,1.4,7.5,Pirates @ White Sox,2026-09-08T23:40:00Z,Tue 07:40pm,Rate Field,outdoor,,-512,-512,9/8/2026,0.1635,
2026-10-09T00:00:00Z,prophetx,2026-10-08T09:13:11Z,Chicago White Sox,Cleveland Guardians,batter_home_runs,Patrick Bailey,0.5,780,-1750,11.36,94.59,10.72,89.28,0.11,0.5,11.88,93.88,11.2,88.8,-5.79,88.8,Under,0.12,-0.38,84.05,Yes,-0.48,-0.48,Standard,https://www.freeiconspng.com/img/1934,2026-10-09T00:00:00Z,No,1.4,7.5,Guardians @ Orioles,2026-09-08T22:35:00Z,Tue 06:35pm,Oriole Park at Camden Yards,outdoor,,-793,-793,9/8/2026,0.112,
2026-10-09T00:00:00Z,prophetx,2026-10-08T09:13:11Z,Chicago White Sox,Cleveland Guardians,batter_home_runs,Colson Montgomery,0.5,560,-870,15.15,89.69,14.45,85.55,0.16,0.5,16.45,88.61,15.6,84.4,-5.29,84.4,Under,0.17,-0.33,80.24,Yes,-1.15,-1.15,Standard,https://www.freeiconspng.com/img/1934,,No,1.4,7.5,Pirates @ White Sox,2026-09-08T23:40:00Z,Tue 07:40pm,Rate Field,outdoor,,-541,-541,9/8/2026,0.156,
2026-10-09T00:00:00Z,prophetx,2026-10-08T09:13:11Z,Chicago White Sox,Cleveland Guardians,batter_home_runs,Chase DeLauter,0.5,680,-3200,12.82,96.97,11.68,88.32,0.12,0.5,13.36,93.16,12.53,87.47,-9.5,87.47,Under,0.13,-0.37,83.27,Yes,-0.85,-0.85,Standard,https://www.freeiconspng.com/img/1934,2026-10-09T00:00:00Z,No,1.4,7.5,,,,,,,-698,-698,,0.1253,
2026-10-09T00:00:00Z,prophetx,2026-10-08T09:13:11Z,Chicago White Sox,Cleveland Guardians,batter_home_runs,Chase Meidroth,0.5,1200,-8750,7.69,98.87,7.22,92.78,0.07,0.5,8.59,96.63,8.14,91.86,-7.01,91.86,Under,0.08,-0.42,87.23,Yes,-0.92,-0.92,Standard,https://www.freeiconspng.com/img/1934,2026-10-09T00:00:00Z,No,1.4,7.5,Pirates @ White Sox,2026-09-08T23:40:00Z,Tue 07:40pm,Rate Field,outdoor,,-1129,-1129,9/8/2026,0.0814,
2026-10-09T00:00:00Z,prophetx,2026-10-08T09:13:11Z,Chicago White Sox,Cleveland Guardians,batter_home_runs,Kyle Teel,0.5,810,-1350,10.99,93.1,10.56,89.44,0.11,0.5,10.85,94.65,10.25,89.75,-3.35,89.75,Under,0.11,-0.39,84.83,Yes,0.31,0.31,Standard,https://www.freeiconspng.com/img/1934,2026-10-09T00:00:00Z,No,1.4,7.5,Pirates @ White Sox,2026-09-08T23:40:00Z,Tue 07:40pm,Rate Field,outdoor,,-876,-876,9/8/2026,0.1025,
2026-10-09T00:00:00Z,prophetx,2026-10-08T09:13:11Z,Chicago White Sox,Cleveland Guardians,batter_home_runs,Travis Bazzana,0.5,930,-1700,9.71,94.44,9.32,90.68,0.1,0.5,10.35,95.25,9.78,90.22,-4.22,90.22,Under,0.1,-0.4,85.63,Yes,-0.46,-0.46,Standard,https://www.freeiconspng.com/img/1934,2026-10-09T00:00:00Z,No,1.4,7.5,Guardians @ Orioles,2026-09-08T22:35:00Z,Tue 06:35pm,Oriole Park at Camden Yards,outdoor,,-922,-922,9/8/2026,0.0978,
2026-10-09T00:00:00Z,prophetx,2026-10-08T09:13:11Z,Chicago White Sox,Cleveland Guardians,batter_home_runs,Braden Montgomery,0.5,1100,-8750,8.33,98.87,7.77,92.23,0.08,0.5,9.3,95.4,8.85,91.15,-7.72,91.15,Under,0.09,-0.41,86.43,Yes,-1.08,-1.08,Standard,https://www.freeiconspng.com/img/1934,2026-10-09T00:00:00Z,No,1.4,7.5,Pirates @ White Sox,2026-09-08T23:40:00Z,Tue 07:40pm,Rate Field,outdoor,,-1030,-1030,9/8/2026,0.0885,
2026-10-09T00:00:00Z,prophetx,2026-10-08T09:13:11Z,Chicago White Sox,Cleveland Guardians,batter_home_runs,Munetaka Murakami,0.5,385,-540,20.62,84.38,19.64,80.36,0.22,0.5,19.91,85.95,18.81,81.19,-3.19,81.19,Under,0.21,-0.29,77.33,Yes,0.83,0.83,Standard,https://www.freeiconspng.com/img/1934,2026-10-09T00:00:00Z,No,1.4,7.5,Pirates @ White Sox,2026-09-08T23:40:00Z,Tue 07:40pm,Rate Field,outdoor,,-432,-432,9/8/2026,0.1881,
2026-10-09T00:00:00Z,prophetx,2026-10-08T09:13:11Z,Chicago White Sox,Cleveland Guardians,batter_rbis,Jose Ramirez,0.5,176,-240,36.23,70.59,33.92,66.08,0.41,0.5,34.73,71.67,32.62,67.38,-3.21,67.38,Under,0.39,-0.11,65.58,Yes,1.30,1.3,Standard,https://www.freeiconspng.com/img/1934,2026-10-09T00:00:00Z,No,1.4,7.5,,,,,,,-207,-207,,0.3262,
2026-10-09T00:00:00Z,prophetx,2026-10-08T09:13:11Z,Chicago White Sox,Cleveland Guardians,batter_rbis,Randal Grichuk,0.5,255,-455,28.17,81.98,25.57,74.43,0.3,0.5,27.73,79.47,25.83,74.17,-7.81,74.17,Under,0.3,-0.2,71.19,Yes,-0.26,-0.26,Standard,https://www.freeiconspng.com/img/1934,2026-10-09T00:00:00Z,No,1.4,7.5,,,,,,,-287,-287,,0.2583,
2026-10-09T00:00:00Z,prophetx,2026-10-08T09:13:11Z,Chicago White Sox,Cleveland Guardians,batter_rbis,Tommy Pham,0.5,300,-520,25,83.87,22.96,77.04,0.26,0.5,25.29,81.7,23.61,76.39,-7.48,76.39,Under,0.27,-0.23,73.18,Yes,-0.65,-0.65,Standard,https://www.freeiconspng.com/img/1934,,No,1.4,7.5,,,,,,,-324,-324,,0.2361,
2026-10-09T00:00:00Z,prophetx,2026-10-08T09:13:11Z,Chicago White Sox,Cleveland Guardians,batter_rbis,Jo Adell,0.5,178,,35.97,,,,0.45,0.5,38.88,68.28,36.27,63.73,,35.97,Over,0.45,-0.05,37.89,No,0.30,0.3,Non-Standard,https://www.freeiconspng.com/img/1934,2026-10-09T00:00:00Z,No,1.4,7.5,Guardians @ Orioles,2026-09-08T22:35:00Z,Tue 06:35pm,Oriole Park at Camden Yards,outdoor,,178,178,9/8/2026,0.3627,
2026-10-09T00:00:00Z,prophetx,2026-10-08T09:13:11Z,Chicago White Sox,Cleveland Guardians,batter_rbis,Nathaniel Lowe,0.5,194,-335,34.01,77.01,30.64,69.36,0.37,0.5,33.26,74.35,30.89,69.11,-7.9,69.11,Under,0.37,-0.13,66.78,Yes,-0.25,-0.25,Standard,https://www.freeiconspng.com/img/1934,2026-10-09T00:00:00Z,No,1.4,7.5,Guardians @ Orioles,2026-09-08T22:35:00Z,Tue 06:35pm,Oriole Park at Camden Yards,outdoor,,-224,-224,9/8/2026,0.3089,
2026-10-09T00:00:00Z,prophetx,2026-10-08T09:13:11Z,Chicago White Sox,Cleveland Guardians,batter_rbis,Brayan Rocchio,0.5,260,-350,27.78,77.78,26.32,73.68,0.31,0.5,27.49,78.68,25.88,74.12,-3.66,74.12,Under,0.3,-0.2,71.19,Yes,0.44,0.44,Standard,https://www.freeiconspng.com/img/1934,2026-10-09T00:00:00Z,No,1.4,7.5,Guardians @ Orioles,2026-09-08T22:35:00Z,Tue 06:35pm,Oriole Park at Camden Yards,outdoor,,-286,-286,9/8/2026,0.2588,
2026-10-09T00:00:00Z,prophetx,2026-10-08T09:13:11Z,Chicago White Sox,Cleveland Guardians,batter_rbis,Steven Kwan,0.5,300,-530,25,84.13,22.91,77.09,0.26,0.5,25.35,81.82,23.65,76.35,-7.78,76.35,Under,0.27,-0.23,73.18,Yes,-0.74,-0.74,Standard,https://www.freeiconspng.com/img/1934,2026-10-09T00:00:00Z,No,1.4,7.5,Guardians @ Orioles,2026-09-08T22:35:00Z,Tue 06:35pm,Oriole Park at Camden Yards,outdoor,,-323,-323,9/8/2026,0.2365,
2026-10-09T00:00:00Z,prophetx,2026-10-08T09:13:11Z,Chicago White Sox,Cleveland Guardians,batter_rbis,Brenton Doyle,0.5,300,-510,25,83.61,23.02,76.98,0.26,0.5,25.42,81.69,23.68,76.32,-7.29,76.32,Under,0.27,-0.23,73.18,Yes,-0.66,-0.66,Standard,https://www.freeiconspng.com/img/1934,2026-10-09T00:00:00Z,No,1.4,7.5,,,,,,,-322,-322,,0.2368,
2026-10-09T00:00:00Z,prophetx,2026-10-08T09:13:11Z,Chicago White Sox,Cleveland Guardians,batter_rbis,Angel Martinez,0.5,230,,30.3,,,,0.36,0.5,29.86,77.28,27.86,72.14,,30.3,Over,0.33,-0.17,30.73,No,-2.44,-2.44,Non-Standard,https://www.freeiconspng.com/img/1934,2026-10-09T00:00:00Z,No,1.4,7.5,,,,,,,230,230,,0.2786,
2026-10-09T00:00:00Z,prophetx,2026-10-08T09:13:11Z,Chicago White Sox,Cleveland Guardians,batter_rbis,Miguel Vargas,0.5,200,,33.33,,,,0.41,0.5,34.06,72.93,31.79,68.21,,33.33,Over,0.38,-0.12,33.82,No,-1.54,-1.54,Non-Standard,https://www.freeiconspng.com/img/1934,2026-10-09T00:00:00Z,No,1.4,7.5,Pirates @ White Sox,2026-09-08T23:40:00Z,Tue 07:40pm,Rate Field,outdoor,,200,200,9/8/2026,0.3179,
2026-10-09T00:00:00Z,prophetx,2026-10-08T09:13:11Z,Chicago White Sox,Cleveland Guardians,batter_rbis,Patrick Bailey,0.5,265,-420,27.4,80.77,25.33,74.67,0.29,0.5,28.21,78.88,26.32,73.68,-7.09,73.68,Under,0.31,-0.19,70.54,Yes,-0.99,-0.99,Standard,https://www.freeiconspng.com/img/1934,2026-10-09T00:00:00Z,No,1.4,7.5,Guardians @ Orioles,2026-09-08T22:35:00Z,Tue 06:35pm,Oriole Park at Camden Yards,outdoor,,-280,-280,9/8/2026,0.2632,
2026-10-09T00:00:00Z,prophetx,2026-10-08T09:13:11Z,Chicago White Sox,Cleveland Guardians,batter_rbis,Colson Montgomery,0.5,220,-410,31.25,80.39,27.99,72.01,0.33,0.5,27.99,79.25,26.06,73.94,-6.45,73.94,Under,0.3,-0.2,71.19,Yes,1.93,1.93,Standard,https://www.freeiconspng.com/img/1934,,No,1.4,7.5,Pirates @ White Sox,2026-09-08T23:40:00Z,Tue 07:40pm,Rate Field,outdoor,,-284,-284,9/8/2026,0.2606,
2026-10-09T00:00:00Z,prophetx,2026-10-08T09:13:11Z,Chicago White Sox,Cleveland Guardians,batter_rbis,Chase DeLauter,0.5,174,,36.5,,,,0.45,0.5,37,69.74,34.66,65.34,,36.5,Over,0.43,-0.07,36.76,No,-1.84,-1.84,Non-Standard,https://www.freeiconspng.com/img/1934,2026-10-09T00:00:00Z,No,1.4,7.5,,,,,,,174,174,,0.3466,
2026-10-09T00:00:00Z,prophetx,2026-10-08T09:13:11Z,Chicago White Sox,Cleveland Guardians,batter_rbis,Chase Meidroth,0.5,345,-570,22.47,85.07,20.9,79.1,0.23,0.5,25.02,81.83,23.39,76.61,-8.46,76.61,Under,0.27,-0.23,73.18,Yes,-2.49,-2.49,Standard,https://www.freeiconspng.com/img/1934,2026-10-09T00:00:00Z,No,1.4,7.5,Pirates @ White Sox,2026-09-08T23:40:00Z,Tue 07:40pm,Rate Field,outdoor,,-328,-328,9/8/2026,0.2339,
2026-10-09T00:00:00Z,prophetx,2026-10-08T09:13:11Z,Chicago White Sox,Cleveland Guardians,batter_rbis,Kyle Teel,0.5,310,-550,24.39,84.62,22.38,77.62,0.25,0.5,25.68,81.49,23.93,76.07,-8.55,76.07,Under,0.27,-0.23,73.18,Yes,-1.55,-1.55,Standard,https://www.freeiconspng.com/img/1934,2026-10-09T00:00:00Z,No,1.4,7.5,Pirates @ White Sox,2026-09-08T23:40:00Z,Tue 07:40pm,Rate Field,outdoor,,-318,-318,9/8/2026,0.2393,
2026-10-09T00:00:00Z,prophetx,2026-10-08T09:13:11Z,Chicago White Sox,Cleveland Guardians,batter_rbis,Travis Bazzana,0.5,270,-440,27.03,81.48,24.91,75.09,0.29,0.5,27.8,79.41,25.93,74.07,-7.41,74.07,Under,0.3,-0.2,71.19,Yes,-1.02,-1.02,Standard,https://www.freeiconspng.com/img/1934,2026-10-09T00:00:00Z,No,1.4,7.5,Guardians @ Orioles,2026-09-08T22:35:00Z,Tue 06:35pm,Oriole Park at Camden Yards,outdoor,,-286,-286,9/8/2026,0.2593,
2026-10-09T00:00:00Z,prophetx,2026-10-08T09:13:11Z,Chicago White Sox,Cleveland Guardians,batter_rbis,Braden Montgomery,0.5,295,-405,25.32,80.2,23.99,76.01,0.27,0.5,25.92,80.62,24.3,75.7,-4.5,75.7,Under,0.28,-0.22,72.51,Yes,-0.31,-0.31,Standard,https://www.freeiconspng.com/img/1934,2026-10-09T00:00:00Z,No,1.4,7.5,Pirates @ White Sox,2026-09-08T23:40:00Z,Tue 07:40pm,Rate Field,outdoor,,-312,-312,9/8/2026,0.243,
2026-10-09T00:00:00Z,prophetx,2026-10-08T09:13:11Z,Chicago White Sox,Cleveland Guardians,batter_rbis,Munetaka Murakami,0.5,186,-240,34.97,70.59,33.13,66.87,0.4,0.5,34.72,71.89,32.55,67.45,-3.14,67.45,Under,0.39,-0.11,65.58,Yes,0.58,0.58,Standard,https://www.freeiconspng.com/img/1934,2026-10-09T00:00:00Z,No,1.4,7.5,Pirates @ White Sox,2026-09-08T23:40:00Z,Tue 07:40pm,Rate Field,outdoor,,-207,-207,9/8/2026,0.3255,
2026-10-09T00:00:00Z,prophetx,2026-10-08T09:13:11Z,Chicago White Sox,Cleveland Guardians,batter_runs_scored,Jose Ramirez,0.5,118,,45.87,,,,0.61,0.5,47.53,59.14,44.56,55.44,,45.87,Over,0.59,0.09,45.22,Yes,-1.31,-1.31,Non-Standard,https://www.freeiconspng.com/img/1934,2026-10-09T00:00:00Z,No,1.4,7.5,,,,,,,118,118,,0.4456,
2026-10-09T00:00:00Z,prophetx,2026-10-08T09:13:11Z,Chicago White Sox,Cleveland Guardians,batter_runs_scored,Randal Grichuk,0.5,168,,37.31,,,,0.47,0.5,36.79,69.61,34.48,65.52,,37.31,Over,0.42,-0.08,36.18,No,-2.83,-2.83,Non-Standard,https://www.freeiconspng.com/img/1934,2026-10-09T00:00:00Z,No,1.4,7.5,,,,,,,168,168,,0.3448,
2026-10-09T00:00:00Z,prophetx,2026-10-08T09:13:11Z,Chicago White Sox,Cleveland Guardians,batter_runs_scored,Tommy Pham,0.5,235,,29.85,,,,0.35,0.5,30.15,76.19,28.35,71.65,,29.85,Over,0.33,-0.17,30.73,No,-1.50,-1.5,Non-Standard,https://www.freeiconspng.com/img/1934,,No,1.4,7.5,,,,,,,235,235,,0.2835,
2026-10-09T00:00:00Z,prophetx,2026-10-08T09:13:11Z,Chicago White Sox,Cleveland Guardians,batter_runs_scored,Jo Adell,0.5,146,,40.65,,,,0.52,0.5,42.59,64.19,39.87,60.13,,40.65,Over,0.51,0.01,41.16,Yes,-0.78,-0.78,Non-Standard,https://www.freeiconspng.com/img/1934,2026-10-09T00:00:00Z,No,1.4,7.5,Guardians @ Orioles,2026-09-08T22:35:00Z,Tue 06:35pm,Oriole Park at Camden Yards,outdoor,,146,146,9/8/2026,0.3987,
2026-10-09T00:00:00Z,prophetx,2026-10-08T09:13:11Z,Chicago White Sox,Cleveland Guardians,batter_runs_scored,Nathaniel Lowe,0.5,168,,37.31,,,,0.47,0.5,37.27,69.21,34.93,65.07,,37.31,Over,0.43,-0.07,36.76,No,-2.38,-2.38,Non-Standard,https://www.freeiconspng.com/img/1934,2026-10-09T00:00:00Z,No,1.4,7.5,Guardians @ Orioles,2026-09-08T22:35:00Z,Tue 06:35pm,Oriole Park at Camden Yards,outdoor,,168,168,9/8/2026,0.3493,
2026-10-09T00:00:00Z,prophetx,2026-10-08T09:13:11Z,Chicago White Sox,Cleveland Guardians,batter_runs_scored,Brayan Rocchio,0.5,182,,35.46,,,,0.44,0.5,36.25,70.39,33.98,66.02,,35.46,Over,0.42,-0.08,36.18,No,-1.48,-1.48,Non-Standard,https://www.freeiconspng.com/img/1934,2026-10-09T00:00:00Z,No,1.4,7.5,Guardians @ Orioles,2026-09-08T22:35:00Z,Tue 06:35pm,Oriole Park at Camden Yards,outdoor,,182,182,9/8/2026,0.3398,
2026-10-09T00:00:00Z,prophetx,2026-10-08T09:13:11Z,Chicago White Sox,Cleveland Guardians,batter_runs_scored,Steven Kwan,0.5,126,,44.25,,,,0.58,0.5,44.86,61.6,42.09,57.91,,44.25,Over,0.55,0.05,43.23,Yes,-2.16,-2.16,Non-Standard,https://www.freeiconspng.com/img/1934,2026-10-09T00:00:00Z,No,1.4,7.5,Guardians @ Orioles,2026-09-08T22:35:00Z,Tue 06:35pm,Oriole Park at Camden Yards,outdoor,,126,126,9/8/2026,0.4209,
2026-10-09T00:00:00Z,prophetx,2026-10-08T09:13:11Z,Chicago White Sox,Cleveland Guardians,batter_runs_scored,Brenton Doyle,0.5,235,,29.85,,,,0.35,0.5,29.31,77.2,27.44,72.56,,29.85,Over,0.32,-0.18,30.1,No,-2.41,-2.41,Non-Standard,https://www.freeiconspng.com/img/1934,2026-10-09T00:00:00Z,No,1.4,7.5,,,,,,,235,235,,0.2744,
2026-10-09T00:00:00Z,prophetx,2026-10-08T09:13:11Z,Chicago White Sox,Cleveland Guardians,batter_runs_scored,Angel Martinez,0.5,190,,34.48,,,,0.42,0.5,35.92,70.66,33.71,66.29,,34.48,Over,0.41,-0.09,35.6,No,-0.77,-0.77,Non-Standard,https://www.freeiconspng.com/img/1934,2026-10-09T00:00:00Z,No,1.4,7.5,,,,,,,190,190,,0.3371,
2026-10-09T00:00:00Z,prophetx,2026-10-08T09:13:11Z,Chicago White Sox,Cleveland Guardians,batter_runs_scored,Miguel Vargas,0.5,130,,43.48,,,,0.57,0.5,42.75,63.63,40.13,59.87,,43.48,Over,0.51,0.01,41.16,Yes,-3.35,-3.35,Non-Standard,https://www.freeiconspng.com/img/1934,2026-10-09T00:00:00Z,No,1.4,7.5,Pirates @ White Sox,2026-09-08T23:40:00Z,Tue 07:40pm,Rate Field,outdoor,,130,130,9/8/2026,0.4013,
2026-10-09T00:00:00Z,prophetx,2026-10-08T09:13:11Z,Chicago White Sox,Cleveland Guardians,batter_runs_scored,Patrick Bailey,0.5,196,,33.78,,,,0.41,0.5,34.92,71.79,32.69,67.31,,33.78,Over,0.4,-0.1,35.01,No,-1.09,-1.09,Non-Standard,https://www.freeiconspng.com/img/1934,2026-10-09T00:00:00Z,No,1.4,7.5,Guardians @ Orioles,2026-09-08T22:35:00Z,Tue 06:35pm,Oriole Park at Camden Yards,outdoor,,196,196,9/8/2026,0.3269,
2026-10-09T00:00:00Z,prophetx,2026-10-08T09:13:11Z,Chicago White Sox,Cleveland Guardians,batter_runs_scored,Colson Montgomery,0.5,186,,34.97,,,,0.43,0.5,34.91,71.42,32.73,67.27,,34.97,Over,0.4,-0.1,35.01,No,-2.24,-2.24,Non-Standard,https://www.freeiconspng.com/img/1934,,No,1.4,7.5,Pirates @ White Sox,2026-09-08T23:40:00Z,Tue 07:40pm,Rate Field,outdoor,,186,186,9/8/2026,0.3273,
2026-10-09T00:00:00Z,prophetx,2026-10-08T09:13:11Z,Chicago White Sox,Cleveland Guardians,batter_runs_scored,Chase DeLauter,0.5,138,,42.02,,,,0.54,0.5,43.53,62.99,40.86,59.14,,42.02,Over,0.53,0.03,42.2,Yes,-1.16,-1.16,Non-Standard,https://www.freeiconspng.com/img/1934,2026-10-09T00:00:00Z,No,1.4,7.5,,,,,,,138,138,,0.4086,
2026-10-09T00:00:00Z,prophetx,2026-10-08T09:13:11Z,Chicago White Sox,Cleveland Guardians,batter_runs_scored,Chase Meidroth,0.5,160,,38.46,,,,0.49,0.5,41.56,65.12,38.93,61.07,,38.46,Over,0.49,-0.01,40.09,No,0.47,0.47,Non-Standard,https://www.freeiconspng.com/img/1934,2026-10-09T00:00:00Z,No,1.4,7.5,Pirates @ White Sox,2026-09-08T23:40:00Z,Tue 07:40pm,Rate Field,outdoor,,160,160,9/8/2026,0.3893,
2026-10-09T00:00:00Z,prophetx,2026-10-08T09:13:11Z,Chicago White Sox,Cleveland Guardians,batter_runs_scored,Kyle Teel,0.5,210,,32.26,,,,0.39,0.5,31.96,74.39,29.96,70.04,,32.26,Over,0.36,-0.14,32.6,No,-2.30,-2.3,Non-Standard,https://www.freeiconspng.com/img/1934,2026-10-09T00:00:00Z,No,1.4,7.5,Pirates @ White Sox,2026-09-08T23:40:00Z,Tue 07:40pm,Rate Field,outdoor,,210,210,9/8/2026,0.2996,
2026-10-09T00:00:00Z,prophetx,2026-10-08T09:13:11Z,Chicago White Sox,Cleveland Guardians,batter_runs_scored,Travis Bazzana,0.5,184,,35.21,,,,0.43,0.5,36.61,69.92,34.37,65.63,,35.21,Over,0.42,-0.08,36.18,No,-0.84,-0.84,Non-Standard,https://www.freeiconspng.com/img/1934,2026-10-09T00:00:00Z,No,1.4,7.5,Guardians @ Orioles,2026-09-08T22:35:00Z,Tue 06:35pm,Oriole Park at Camden Yards,outdoor,,184,184,9/8/2026,0.3437,
2026-10-09T00:00:00Z,prophetx,2026-10-08T09:13:11Z,Chicago White Sox,Cleveland Guardians,batter_runs_scored,Braden Montgomery,0.5,220,,31.25,,,,0.37,0.5,31.88,74.68,29.86,70.14,,31.25,Over,0.35,-0.15,31.99,No,-1.39,-1.39,Non-Standard,https://www.freeiconspng.com/img/1934,2026-10-09T00:00:00Z,No,1.4,7.5,Pirates @ White Sox,2026-09-08T23:40:00Z,Tue 07:40pm,Rate Field,outdoor,,220,220,9/8/2026,0.2986,
2026-10-09T00:00:00Z,prophetx,2026-10-08T09:13:11Z,Chicago White Sox,Cleveland Guardians,batter_runs_scored,Munetaka Murakami,0.5,136,,42.37,,,,0.55,0.5,42.25,64.46,39.52,60.48,,42.37,Over,0.5,0,40.63,No,-2.85,-2.85,Non-Standard,https://www.freeiconspng.com/img/1934,2026-10-09T00:00:00Z,No,1.4,7.5,Pirates @ White Sox,2026-09-08T23:40:00Z,Tue 07:40pm,Rate Field,outdoor,,136,136,9/8/2026,0.3952,
2026-10-09T00:00:00Z,prophetx,2026-10-08T09:13:11Z,Chicago White Sox,Cleveland Guardians,batter_singles,Jose Ramirez,0.5,-105,,51.22,,,,0.5,0.5,55,54.52,50.23,49.77,,51.22,Over,0.5,0,50,No,-0.99,-0.99,Non-Standard,https://www.freeiconspng.com/img/1934,2026-10-09T00:00:00Z,No,1.4,7.5,,,,,,,-105,-105,,0.5023,
2026-10-09T00:00:00Z,prophetx,2026-10-08T09:13:11Z,Chicago White Sox,Cleveland Guardians,batter_singles,Randal Grichuk,0.5,150,,40,,,,0.5,0.5,41.49,67.33,38.11,61.89,,40,Over,0.5,0,50,No,-1.89,-1.89,Non-Standard,https://www.freeiconspng.com/img/1934,2026-10-09T00:00:00Z,No,1.4,7.5,,,,,,,150,150,,0.3811,
2026-10-09T00:00:00Z,prophetx,2026-10-08T09:13:11Z,Chicago White Sox,Cleveland Guardians,batter_singles,Tommy Pham,0.5,190,,34.48,,,,0.5,0.5,36.72,72.25,33.68,66.32,,34.48,Over,0.5,0,50,No,-0.80,-0.8,Non-Standard,https://www.freeiconspng.com/img/1934,,No,1.4,7.5,,,,,,,190,190,,0.3368,
2026-10-09T00:00:00Z,prophetx,2026-10-08T09:13:11Z,Chicago White Sox,Cleveland Guardians,batter_singles,Jo Adell,0.5,104,,49.02,,,,0.5,0.5,47.34,61.61,43.45,56.55,,49.02,Over,0.5,0,50,No,-5.57,-5.57,Non-Standard,https://www.freeiconspng.com/img/1934,2026-10-09T00:00:00Z,No,1.4,7.5,Guardians @ Orioles,2026-09-08T22:35:00Z,Tue 06:35pm,Oriole Park at Camden Yards,outdoor,,104,104,9/8/2026,0.4345,
2026-10-09T00:00:00Z,prophetx,2026-10-08T09:13:11Z,Chicago White Sox,Cleveland Guardians,batter_singles,Nathaniel Lowe,0.5,110,,47.62,,,,0.5,0.5,47.6,60.8,43.9,56.1,,47.62,Over,0.5,0,50,No,-3.72,-3.72,Non-Standard,https://www.freeiconspng.com/img/1934,2026-10-09T00:00:00Z,No,1.4,7.5,Guardians @ Orioles,2026-09-08T22:35:00Z,Tue 06:35pm,Oriole Park at Camden Yards,outdoor,,110,110,9/8/2026,0.439,
2026-10-09T00:00:00Z,prophetx,2026-10-08T09:13:11Z,Chicago White Sox,Cleveland Guardians,batter_singles,Brayan Rocchio,0.5,115,,46.51,,,,0.5,0.5,48.26,60.5,44.37,55.63,,46.51,Over,0.5,0,50,No,-2.14,-2.14,Non-Standard,https://www.freeiconspng.com/img/1934,2026-10-09T00:00:00Z,No,1.4,7.5,Guardians @ Orioles,2026-09-08T22:35:00Z,Tue 06:35pm,Oriole Park at Camden Yards,outdoor,,115,115,9/8/2026,0.4437,
2026-10-09T00:00:00Z,prophetx,2026-10-08T09:13:11Z,Chicago White Sox,Cleveland Guardians,batter_singles,Steven Kwan,0.5,-160,,61.54,,,,0.5,0.5,61.93,47.13,56.79,43.21,,61.54,Over,0.5,0,50,No,-4.75,-4.75,Non-Standard,https://www.freeiconspng.com/img/1934,2026-10-09T00:00:00Z,No,1.4,7.5,Guardians @ Orioles,2026-09-08T22:35:00Z,Tue 06:35pm,Oriole Park at Camden Yards,outdoor,,-160,-160,9/8/2026,0.5679,
2026-10-09T00:00:00Z,prophetx,2026-10-08T09:13:11Z,Chicago White Sox,Cleveland Guardians,batter_singles,Angel Martinez,0.5,-103,,50.74,,,,0.5,0.5,46.8,59.67,43.98,56.02,,50.74,Over,0.5,0,50,No,-6.76,-6.76,Non-Standard,https://www.freeiconspng.com/img/1934,2026-10-09T00:00:00Z,No,1.4,7.5,,,,,,,-103,-103,,0.4398,
2026-10-09T00:00:00Z,prophetx,2026-10-08T09:13:11Z,Chicago White Sox,Cleveland Guardians,batter_singles,Miguel Vargas,0.5,136,,42.37,,,,0.5,0.5,44.43,64.34,40.84,59.16,,42.37,Over,0.5,0,50,No,-1.53,-1.53,Non-Standard,https://www.freeiconspng.com/img/1934,2026-10-09T00:00:00Z,No,1.4,7.5,Pirates @ White Sox,2026-09-08T23:40:00Z,Tue 07:40pm,Rate Field,outdoor,,136,136,9/8/2026,0.4084,
2026-10-09T00:00:00Z,prophetx,2026-10-08T09:13:11Z,Chicago White Sox,Cleveland Guardians,batter_singles,Patrick Bailey,0.5,112,,47.17,,,,0.5,0.5,43.4,65.34,39.9,60.1,,47.17,Over,0.5,0,50,No,-7.27,-7.27,Non-Standard,https://www.freeiconspng.com/img/1934,2026-10-09T00:00:00Z,No,1.4,7.5,Guardians @ Orioles,2026-09-08T22:35:00Z,Tue 06:35pm,Oriole Park at Camden Yards,outdoor,,112,112,9/8/2026,0.399,
2026-10-09T00:00:00Z,prophetx,2026-10-08T09:13:11Z,Chicago White Sox,Cleveland Guardians,batter_singles,Colson Montgomery,0.5,200,,33.33,,,,0.5,0.5,34.69,74.68,31.71,68.29,,33.33,Over,0.5,0,50,No,-1.62,-1.62,Non-Standard,https://www.freeiconspng.com/img/1934,,No,1.4,7.5,Pirates @ White Sox,2026-09-08T23:40:00Z,Tue 07:40pm,Rate Field,outdoor,,200,200,9/8/2026,0.3171,
2026-10-09T00:00:00Z,prophetx,2026-10-08T09:13:11Z,Chicago White Sox,Cleveland Guardians,batter_singles,Chase DeLauter,0.5,-115,,53.49,,,,0.5,0.5,54.86,53.67,50.58,49.42,,53.49,Over,0.5,0,50,No,-2.91,-2.91,Non-Standard,https://www.freeiconspng.com/img/1934,2026-10-09T00:00:00Z,No,1.4,7.5,,,,,,,-115,-115,,0.5058,
2026-10-09T00:00:00Z,prophetx,2026-10-08T09:13:11Z,Chicago White Sox,Cleveland Guardians,batter_singles,Chase Meidroth,0.5,-162,,61.83,,,,0.5,0.5,55.34,53.66,50.77,49.23,,61.83,Over,0.5,0,50,No,-11.06,-11.06,Non-Standard,https://www.freeiconspng.com/img/1934,2026-10-09T00:00:00Z,No,1.4,7.5,Pirates @ White Sox,2026-09-08T23:40:00Z,Tue 07:40pm,Rate Field,outdoor,,-162,-162,9/8/2026,0.5077,
2026-10-09T00:00:00Z,prophetx,2026-10-08T09:13:11Z,Chicago White Sox,Cleveland Guardians,batter_singles,Kyle Teel,0.5,146,,40.65,,,,0.5,0.5,40.34,68.73,36.97,63.03,,40.65,Over,0.5,0,50,No,-3.68,-3.68,Non-Standard,https://www.freeiconspng.com/img/1934,2026-10-09T00:00:00Z,No,1.4,7.5,Pirates @ White Sox,2026-09-08T23:40:00Z,Tue 07:40pm,Rate Field,outdoor,,146,146,9/8/2026,0.3697,
2026-10-09T00:00:00Z,prophetx,2026-10-08T09:13:11Z,Chicago White Sox,Cleveland Guardians,batter_singles,Travis Bazzana,0.5,140,,41.67,,,,0.5,0.5,46.04,62.71,42.33,57.67,,41.67,Over,0.5,0,50,No,0.66,0.66,Non-Standard,https://www.freeiconspng.com/img/1934,2026-10-09T00:00:00Z,No,1.4,7.5,Guardians @ Orioles,2026-09-08T22:35:00Z,Tue 06:35pm,Oriole Park at Camden Yards,outdoor,,140,140,9/8/2026,0.4233,
2026-10-09T00:00:00Z,prophetx,2026-10-08T09:13:11Z,Chicago White Sox,Cleveland Guardians,batter_singles,Braden Montgomery,0.5,-112,,52.83,,,,0.5,0.5,44.62,64.39,40.92,59.08,,52.83,Over,0.5,0,50,No,-11.91,-11.91,Non-Standard,https://www.freeiconspng.com/img/1934,2026-10-09T00:00:00Z,No,1.4,7.5,Pirates @ White Sox,2026-09-08T23:40:00Z,Tue 07:40pm,Rate Field,outdoor,,-112,-112,9/8/2026,0.4092,
2026-10-09T00:00:00Z,prophetx,2026-10-08T09:13:11Z,Chicago White Sox,Cleveland Guardians,batter_singles,Munetaka Murakami,0.5,178,,35.97,,,,0.5,0.5,36.26,72.82,33.23,66.77,,35.97,Over,0.5,0,50,No,-2.74,-2.74,Non-Standard,https://www.freeiconspng.com/img/1934,2026-10-09T00:00:00Z,No,1.4,7.5,Pirates @ White Sox,2026-09-08T23:40:00Z,Tue 07:40pm,Rate Field,outdoor,,178,178,9/8/2026,0.3323,
2026-10-09T00:00:00Z,prophetx,2026-10-08T09:13:11Z,Chicago White Sox,Cleveland Guardians,batter_total_bases,Jose Ramirez,1.5,136,-182,42.37,64.54,39.63,60.37,1.37,1.5,44.07,62.74,41.25,58.75,-5.79,58.75,Under,1.41,-0.09,57.78,Yes,-1.62,-1.62,Standard,https://www.freeiconspng.com/img/1934,2026-10-09T00:00:00Z,No,1.4,7.5,,,,,,,-142,-142,,1.2375,
2026-10-09T00:00:00Z,prophetx,2026-10-08T09:13:11Z,Chicago White Sox,Cleveland Guardians,batter_total_bases,Jo Adell,1.5,150,-205,40,67.21,37.31,62.69,1.3,1.5,41.8,65.76,38.86,61.14,-6.07,61.14,Under,1.34,-0.16,59.92,Yes,-1.55,-1.55,Standard,https://www.freeiconspng.com/img/1934,2026-10-09T00:00:00Z,No,1.4,7.5,Guardians @ Orioles,2026-09-08T22:35:00Z,Tue 06:35pm,Oriole Park at Camden Yards,outdoor,,-157,-157,9/8/2026,1.1658,
2026-10-09T00:00:00Z,prophetx,2026-10-08T09:13:11Z,Chicago White Sox,Cleveland Guardians,batter_total_bases,Steven Kwan,1.5,160,-235,38.46,70.15,35.41,64.59,1.25,1.5,40.32,67.47,37.41,62.59,-7.56,62.59,Under,1.3,-0.2,61.16,Yes,-2.00,-2,Standard,https://www.freeiconspng.com/img/1934,2026-10-09T00:00:00Z,No,1.4,7.5,Guardians @ Orioles,2026-09-08T22:35:00Z,Tue 06:35pm,Oriole Park at Camden Yards,outdoor,,-167,-167,9/8/2026,1.1223,
2026-10-09T00:00:00Z,prophetx,2026-10-08T09:13:11Z,Chicago White Sox,Cleveland Guardians,batter_total_bases,Miguel Vargas,1.5,140,,41.67,,,,1.42,1.5,42.17,65.22,39.27,60.73,,41.67,Over,1.36,-0.14,40.7,No,-2.40,-2.4,Non-Standard,https://www.freeiconspng.com/img/1934,2026-10-09T00:00:00Z,No,1.4,7.5,Pirates @ White Sox,2026-09-08T23:40:00Z,Tue 07:40pm,Rate Field,outdoor,,140,140,9/8/2026,1.1781,
2026-10-09T00:00:00Z,prophetx,2026-10-08T09:13:11Z,Chicago White Sox,Cleveland Guardians,batter_total_bases,Chase DeLauter,1.5,156,-172,39.06,63.24,38.19,61.81,1.32,1.5,41,65.27,38.58,61.42,-1.82,61.42,Under,1.34,-0.16,59.92,Yes,-0.39,-0.39,Standard,https://www.freeiconspng.com/img/1934,2026-10-09T00:00:00Z,No,1.4,7.5,,,,,,,-159,-159,,1.1574,
2026-10-09T00:00:00Z,prophetx,2026-10-08T09:13:11Z,Chicago White Sox,Cleveland Guardians,batter_total_bases,Chase Meidroth,1.5,200,,33.33,,,,1.19,1.5,37.04,70.59,34.41,65.59,,33.33,Over,1.22,-0.28,36.32,No,1.08,1.08,Non-Standard,https://www.freeiconspng.com/img/1934,2026-10-09T00:00:00Z,No,1.4,7.5,Pirates @ White Sox,2026-09-08T23:40:00Z,Tue 07:40pm,Rate Field,outdoor,,200,200,9/8/2026,1.0323,
2026-10-09T00:00:00Z,prophetx,2026-10-08T09:13:11Z,Chicago White Sox,Cleveland Guardians,batter_total_bases,Travis Bazzana,1.5,240,,29.41,,,,1.08,1.5,32.26,75,30.08,69.92,,29.41,Over,1.1,-0.4,32.49,No,0.67,0.67,Non-Standard,https://www.freeiconspng.com/img/1934,2026-10-09T00:00:00Z,No,1.4,7.5,Guardians @ Orioles,2026-09-08T22:35:00Z,Tue 06:35pm,Oriole Park at Camden Yards,outdoor,,240,240,9/8/2026,0.9024,
2026-10-09T00:00:00Z,prophetx,2026-10-08T09:13:11Z,Chicago White Sox,Cleveland Guardians,pitcher_outs,Parker Messick,15.5,160,,38.46,,,,14.65,15.5,47.18,61.42,43.44,56.56,,38.46,Over,15.02,-0.48,44.22,No,4.98,4.98,Non-Standard,https://www.freeiconspng.com/img/1934,2026-10-09T00:00:00Z,No,1.4,7.5,,,,,,,160,160,,13.4664,
2026-10-09T00:00:00Z,prophetx,2026-10-08T09:13:11Z,Chicago White Sox,Cleveland Guardians,pitcher_strikeouts,Parker Messick,5.5,-180,,64.29,,,,6.58,5.5,59.88,45.7,56.73,43.27,,64.29,Over,6.08,0.58,55.9,Yes,-7.56,-7.56,Non-Standard,https://www.freeiconspng.com/img/1934,2026-10-09T00:00:00Z,No,1.4,7.5,,,,,,,-180,-180,,6.2403,
2026-10-09T00:00:00Z,prophetx,2026-10-08T09:13:11Z,Chicago White Sox,Cleveland Guardians,pitcher_strikeouts,Parker Messick,6.5,127,-176,44.05,63.77,40.86,59.14,6.09,6.5,45.11,61.47,42.31,57.69,-6.08,57.69,Under,6.18,-0.32,56.81,Yes,-1.45,-1.45,Standard,https://www.freeiconspng.com/img/1934,2026-10-09T00:00:00Z,No,1.4,7.5,,,,,,,-136,-136,,5.5003,
2026-10-09T00:00:00Z,bovada,2026-10-08T09:12:00Z,Chicago White Sox,Cleveland Guardians,batter_doubles,Angel Martinez,0.5,435,,18.69,,,,0.5,0.5,19.16,88.03,17.87,82.13,,18.69,Over,0.5,0,50,No,-0.82,-0.82,Non-Standard,https://www.freeiconspng.com/img/1934,2026-10-09T00:00:00Z,No,1.4,7.5,,,,,,,435,435,,0.1787,https://cdcgaming.com/wp-content/uploads/2024/05/Bovada-logo.jpg
2026-10-09T00:00:00Z,bovada,2026-10-08T09:12:00Z,Chicago White Sox,Cleveland Guardians,batter_doubles,Braden Montgomery,0.5,500,,16.67,,,,0.5,0.5,17.56,89.4,16.4,83.6,,16.67,Over,0.5,0,50,No,-0.27,-0.27,Non-Standard,https://www.freeiconspng.com/img/1934,2026-10-09T00:00:00Z,No,1.4,7.5,Pirates @ White Sox,2026-09-08T23:40:00Z,Tue 07:40pm,Rate Field,outdoor,,500,500,9/8/2026,0.164,https://cdcgaming.com/wp-content/uploads/2024/05/Bovada-logo.jpg
2026-10-09T00:00:00Z,bovada,2026-10-08T09:12:00Z,Chicago White Sox,Cleveland Guardians,batter_doubles,Brayan Rocchio,0.5,475,,17.39,,,,0.5,0.5,18.44,88.82,17.18,82.82,,17.39,Over,0.5,0,50,No,-0.21,-0.21,Non-Standard,https://www.freeiconspng.com/img/1934,2026-10-09T00:00:00Z,No,1.4,7.5,Guardians @ Orioles,2026-09-08T22:35:00Z,Tue 06:35pm,Oriole Park at Camden Yards,outdoor,,475,475,9/8/2026,0.1718,https://cdcgaming.com/wp-content/uploads/2024/05/Bovada-logo.jpg
2026-10-09T00:00:00Z,bovada,2026-10-08T09:12:00Z,Chicago White Sox,Cleveland Guardians,batter_doubles,Brenton Doyle,0.5,600,,14.29,,,,0.5,0.5,14.95,91.56,14.02,85.98,,14.29,Over,0.5,0,50,No,-0.27,-0.27,Non-Standard,https://www.freeiconspng.com/img/1934,2026-10-09T00:00:00Z,No,1.4,7.5,,,,,,,600,600,,0.1402,https://cdcgaming.com/wp-content/uploads/2024/05/Bovada-logo.jpg
2026-10-09T00:00:00Z,bovada,2026-10-08T09:12:00Z,Chicago White Sox,Cleveland Guardians,batter_doubles,Chase DeLauter,0.5,415,,19.42,,,,0.5,0.5,20.55,86.8,19.13,80.87,,19.42,Over,0.5,0,50,No,-0.29,-0.29,Non-Standard,https://www.freeiconspng.com/img/1934,2026-10-09T00:00:00Z,No,1.4,7.5,,,,,,,415,415,,0.1913,https://cdcgaming.com/wp-content/uploads/2024/05/Bovada-logo.jpg
2026-10-09T00:00:00Z,bovada,2026-10-08T09:12:00Z,Chicago White Sox,Cleveland Guardians,batter_doubles,Chase Meidroth,0.5,405,,19.8,,,,0.5,0.5,20.93,86.45,19.48,80.52,,19.8,Over,0.5,0,50,No,-0.32,-0.32,Non-Standard,https://www.freeiconspng.com/img/1934,2026-10-09T00:00:00Z,No,1.4,7.5,Pirates @ White Sox,2026-09-08T23:40:00Z,Tue 07:40pm,Rate Field,outdoor,,405,405,9/8/2026,0.1948,https://cdcgaming.com/wp-content/uploads/2024/05/Bovada-logo.jpg
2026-10-09T00:00:00Z,bovada,2026-10-08T09:12:00Z,Chicago White Sox,Cleveland Guardians,batter_doubles,Colson Montgomery,0.5,550,,15.38,,,,0.5,0.5,16.62,90.79,15.46,84.54,,15.38,Over,0.5,0,50,No,0.08,0.08,Non-Standard,https://www.freeiconspng.com/img/1934,,No,1.4,7.5,Pirates @ White Sox,2026-09-08T23:40:00Z,Tue 07:40pm,Rate Field,outdoor,,550,550,9/8/2026,0.1546,https://cdcgaming.com/wp-content/uploads/2024/05/Bovada-logo.jpg
2026-10-09T00:00:00Z,bovada,2026-10-08T09:12:00Z,Chicago White Sox,Cleveland Guardians,batter_doubles,Jo Adell,0.5,385,,20.62,,,,0.5,0.5,20.77,86.59,19.33,80.67,,20.62,Over,0.5,0,50,No,-1.29,-1.29,Non-Standard,https://www.freeiconspng.com/img/1934,2026-10-09T00:00:00Z,No,1.4,7.5,Guardians @ Orioles,2026-09-08T22:35:00Z,Tue 06:35pm,Oriole Park at Camden Yards,outdoor,,385,385,9/8/2026,0.1933,https://cdcgaming.com/wp-content/uploads/2024/05/Bovada-logo.jpg
2026-10-09T00:00:00Z,bovada,2026-10-08T09:12:00Z,Chicago White Sox,Cleveland Guardians,batter_doubles,Jose Ramirez,0.5,375,,21.05,,,,0.5,0.5,21.74,85.88,20.19,79.81,,21.05,Over,0.5,0,50,No,-0.86,-0.86,Non-Standard,https://www.freeiconspng.com/img/1934,2026-10-09T00:00:00Z,No,1.4,7.5,,,,,,,375,375,,0.2019,https://cdcgaming.com/wp-content/uploads/2024/05/Bovada-logo.jpg
2026-10-09T00:00:00Z,bovada,2026-10-08T09:12:00Z,Chicago White Sox,Cleveland Guardians,batter_doubles,Kyle Teel,0.5,500,,16.67,,,,0.5,0.5,15.58,91.03,14.6,85.4,,16.67,Over,0.5,0,50,No,-2.07,-2.07,Non-Standard,https://www.freeiconspng.com/img/1934,2026-10-09T00:00:00Z,No,1.4,7.5,Pirates @ White Sox,2026-09-08T23:40:00Z,Tue 07:40pm,Rate Field,outdoor,,500,500,9/8/2026,0.146,https://cdcgaming.com/wp-content/uploads/2024/05/Bovada-logo.jpg
2026-10-09T00:00:00Z,bovada,2026-10-08T09:12:00Z,Chicago White Sox,Cleveland Guardians,batter_doubles,Miguel Vargas,0.5,380,,20.83,,,,0.5,0.5,21.81,85.8,20.25,79.75,,20.83,Over,0.5,0,50,No,-0.58,-0.58,Non-Standard,https://www.freeiconspng.com/img/1934,2026-10-09T00:00:00Z,No,1.4,7.5,Pirates @ White Sox,2026-09-08T23:40:00Z,Tue 07:40pm,Rate Field,outdoor,,380,380,9/8/2026,0.2025,https://cdcgaming.com/wp-content/uploads/2024/05/Bovada-logo.jpg
2026-10-09T00:00:00Z,bovada,2026-10-08T09:12:00Z,Chicago White Sox,Cleveland Guardians,batter_doubles,Munetaka Murakami,0.5,475,,17.39,,,,0.5,0.5,16.34,90.39,15.3,84.7,,17.39,Over,0.5,0,50,No,-2.09,-2.09,Non-Standard,https://www.freeiconspng.com/img/1934,2026-10-09T00:00:00Z,No,1.4,7.5,Pirates @ White Sox,2026-09-08T23:40:00Z,Tue 07:40pm,Rate Field,outdoor,,475,475,9/8/2026,0.153,https://cdcgaming.com/wp-content/uploads/2024/05/Bovada-logo.jpg
2026-10-09T00:00:00Z,bovada,2026-10-08T09:12:00Z,Chicago White Sox,Cleveland Guardians,batter_doubles,Nathaniel Lowe,0.5,475,,17.39,,,,0.5,0.5,18.06,88.93,16.87,83.13,,17.39,Over,0.5,0,50,No,-0.52,-0.52,Non-Standard,https://www.freeiconspng.com/img/1934,2026-10-09T00:00:00Z,No,1.4,7.5,Guardians @ Orioles,2026-09-08T22:35:00Z,Tue 06:35pm,Oriole Park at Camden Yards,outdoor,,475,475,9/8/2026,0.1687,https://cdcgaming.com/wp-content/uploads/2024/05/Bovada-logo.jpg
2026-10-09T00:00:00Z,bovada,2026-10-08T09:12:00Z,Chicago White Sox,Cleveland Guardians,batter_doubles,Patrick Bailey,0.5,475,,17.39,,,,0.5,0.5,17.49,89.44,16.34,83.66,,17.39,Over,0.5,0,50,No,-1.05,-1.05,Non-Standard,https://www.freeiconspng.com/img/1934,2026-10-09T00:00:00Z,No,1.4,7.5,Guardians @ Orioles,2026-09-08T22:35:00Z,Tue 06:35pm,Oriole Park at Camden Yards,outdoor,,475,475,9/8/2026,0.1634,https://cdcgaming.com/wp-content/uploads/2024/05/Bovada-logo.jpg
2026-10-09T00:00:00Z,bovada,2026-10-08T09:12:00Z,Chicago White Sox,Cleveland Guardians,batter_doubles,Randal Grichuk,0.5,425,,19.05,,,,0.5,0.5,20.38,87.23,18.92,81.08,,19.05,Over,0.5,0,50,No,-0.13,-0.13,Non-Standard,https://www.freeiconspng.com/img/1934,2026-10-09T00:00:00Z,No,1.4,7.5,,,,,,,425,425,,0.1892,https://cdcgaming.com/wp-content/uploads/2024/05/Bovada-logo.jpg
2026-10-09T00:00:00Z,bovada,2026-10-08T09:12:00Z,Chicago White Sox,Cleveland Guardians,batter_doubles,Steven Kwan,0.5,390,,20.41,,,,0.5,0.5,21.43,86.15,19.91,80.09,,20.41,Over,0.5,0,50,No,-0.50,-0.5,Non-Standard,https://www.freeiconspng.com/img/1934,2026-10-09T00:00:00Z,No,1.4,7.5,Guardians @ Orioles,2026-09-08T22:35:00Z,Tue 06:35pm,Oriole Park at Camden Yards,outdoor,,390,390,9/8/2026,0.1991,https://cdcgaming.com/wp-content/uploads/2024/05/Bovada-logo.jpg
2026-10-09T00:00:00Z,bovada,2026-10-08T09:12:00Z,Chicago White Sox,Cleveland Guardians,batter_doubles,Tommy Pham,0.5,700,,12.5,,,,0.5,0.5,13.59,92.67,12.77,87.23,,12.5,Over,0.5,0,50,No,0.27,0.27,Non-Standard,https://www.freeiconspng.com/img/1934,,No,1.4,7.5,,,,,,,700,700,,0.1277,https://cdcgaming.com/wp-content/uploads/2024/05/Bovada-logo.jpg
2026-10-09T00:00:00Z,bovada,2026-10-08T09:12:00Z,Chicago White Sox,Cleveland Guardians,batter_doubles,Travis Bazzana,0.5,460,,17.86,,,,0.5,0.5,18.09,88.95,16.89,83.11,,17.86,Over,0.5,0,50,No,-0.97,-0.97,Non-Standard,https://www.freeiconspng.com/img/1934,2026-10-09T00:00:00Z,No,1.4,7.5,Guardians @ Orioles,2026-09-08T22:35:00Z,Tue 06:35pm,Oriole Park at Camden Yards,outdoor,,460,460,9/8/2026,0.1689,https://cdcgaming.com/wp-content/uploads/2024/05/Bovada-logo.jpg
2026-10-09T00:00:00Z,bovada,2026-10-08T09:12:00Z,Chicago White Sox,Cleveland Guardians,batter_hits_runs_rbis,Angel Martinez,1.5,135,-180,42.55,64.29,39.83,60.17,1.37,1.5,44.56,61.98,41.84,58.16,-6.13,58.16,Under,1.43,-0.07,57.17,Yes,-2.01,-2.01,Standard,https://www.freeiconspng.com/img/1934,2026-10-09T00:00:00Z,No,1.4,7.5,,,,,,,-139,-139,,1.2552,https://cdcgaming.com/wp-content/uploads/2024/05/Bovada-logo.jpg
2026-10-09T00:00:00Z,bovada,2026-10-08T09:12:00Z,Chicago White Sox,Cleveland Guardians,batter_hits_runs_rbis,Braden Montgomery,0.5,-165,125,62.26,44.44,58.35,41.65,0.88,0.5,61.9,44.51,58.17,41.83,-4.09,58.17,Over,0.87,0.37,57.13,Yes,-0.18,-0.18,Standard,https://www.freeiconspng.com/img/1934,2026-10-09T00:00:00Z,No,1.4,7.5,Pirates @ White Sox,2026-09-08T23:40:00Z,Tue 07:40pm,Rate Field,outdoor,,-139,-139,9/8/2026,0.5817,https://cdcgaming.com/wp-content/uploads/2024/05/Bovada-logo.jpg
2026-10-09T00:00:00Z,bovada,2026-10-08T09:12:00Z,Chicago White Sox,Cleveland Guardians,batter_hits_runs_rbis,Brayan Rocchio,1.5,135,-180,42.55,64.29,39.83,60.17,1.37,1.5,43.19,63.34,40.56,59.44,-4.85,59.44,Under,1.39,-0.11,58.39,Yes,-0.73,-0.73,Standard,https://www.freeiconspng.com/img/1934,2026-10-09T00:00:00Z,No,1.4,7.5,Guardians @ Orioles,2026-09-08T22:35:00Z,Tue 06:35pm,Oriole Park at Camden Yards,outdoor,,-147,-147,9/8/2026,1.2168,https://cdcgaming.com/wp-content/uploads/2024/05/Bovada-logo.jpg
2026-10-09T00:00:00Z,bovada,2026-10-08T09:12:00Z,Chicago White Sox,Cleveland Guardians,batter_hits_runs_rbis,Brenton Doyle,0.5,-125,-105,55.56,51.22,52.03,47.97,0.73,0.5,55.8,53.11,51.28,48.72,-4.28,51.28,Over,0.72,0.22,51.17,Yes,-0.75,-0.75,Standard,https://www.freeiconspng.com/img/1934,2026-10-09T00:00:00Z,No,1.4,7.5,,,,,,,-105,-105,,0.5128,https://cdcgaming.com/wp-content/uploads/2024/05/Bovada-logo.jpg
2026-10-09T00:00:00Z,bovada,2026-10-08T09:12:00Z,Chicago White Sox,Cleveland Guardians,batter_hits_runs_rbis,Chase DeLauter,1.5,-110,-120,52.38,54.55,48.99,51.01,1.65,1.5,54.15,54.72,49.75,50.25,-4.3,50.25,Under,1.67,0.17,50.23,No,-0.76,-0.76,Standard,https://www.freeiconspng.com/img/1934,2026-10-09T00:00:00Z,No,1.4,7.5,,,,,,,-101,-101,,1.4925,https://cdcgaming.com/wp-content/uploads/2024/05/Bovada-logo.jpg
2026-10-09T00:00:00Z,bovada,2026-10-08T09:12:00Z,Chicago White Sox,Cleveland Guardians,batter_hits_runs_rbis,Chase Meidroth,1.5,110,-145,47.62,59.18,44.59,55.41,1.51,1.5,47.41,59.2,44.47,55.53,-3.65,55.53,Under,1.51,0.01,54.79,No,0.12,0.12,Standard,https://www.freeiconspng.com/img/1934,2026-10-09T00:00:00Z,No,1.4,7.5,Pirates @ White Sox,2026-09-08T23:40:00Z,Tue 07:40pm,Rate Field,outdoor,,-125,-125,9/8/2026,1.3341,https://cdcgaming.com/wp-content/uploads/2024/05/Bovada-logo.jpg
2026-10-09T00:00:00Z,bovada,2026-10-08T09:12:00Z,Chicago White Sox,Cleveland Guardians,batter_hits_runs_rbis,Colson Montgomery,0.5,-145,110,59.18,47.62,55.41,44.59,0.81,0.5,58.58,47.81,55.06,44.94,-4.12,55.06,Over,0.8,0.3,54.46,Yes,-0.35,-0.35,Standard,https://www.freeiconspng.com/img/1934,,No,1.4,7.5,Pirates @ White Sox,2026-09-08T23:40:00Z,Tue 07:40pm,Rate Field,outdoor,,-123,-123,9/8/2026,0.5506,https://cdcgaming.com/wp-content/uploads/2024/05/Bovada-logo.jpg
2026-10-09T00:00:00Z,bovada,2026-10-08T09:12:00Z,Chicago White Sox,Cleveland Guardians,batter_hits_runs_rbis,Jo Adell,1.5,-105,-125,51.22,55.56,47.97,52.03,1.61,1.5,52.26,55.84,48.31,51.69,-3.87,51.69,Under,1.63,0.13,51.35,No,-0.34,-0.34,Standard,https://www.freeiconspng.com/img/1934,2026-10-09T00:00:00Z,No,1.4,7.5,Guardians @ Orioles,2026-09-08T22:35:00Z,Tue 06:35pm,Oriole Park at Camden Yards,outdoor,,-107,-107,9/8/2026,1.4493,https://cdcgaming.com/wp-content/uploads/2024/05/Bovada-logo.jpg
2026-10-09T00:00:00Z,bovada,2026-10-08T09:12:00Z,Chicago White Sox,Cleveland Guardians,batter_hits_runs_rbis,Jose Ramirez,1.5,-115,-115,53.49,53.49,50,50,1.68,1.5,55.1,53.79,50.63,49.37,-4.12,50.63,Over,1.7,0.2,50.59,Yes,0.63,0.63,Standard,https://www.freeiconspng.com/img/1934,2026-10-09T00:00:00Z,No,1.4,7.5,,,,,,,-103,-103,,1.5189,https://cdcgaming.com/wp-content/uploads/2024/05/Bovada-logo.jpg
2026-10-09T00:00:00Z,bovada,2026-10-08T09:12:00Z,Chicago White Sox,Cleveland Guardians,batter_hits_runs_rbis,Kyle Teel,0.5,-150,115,60,46.51,56.33,43.67,0.83,0.5,60.73,45.93,56.93,43.07,-3.07,56.93,Over,0.84,0.34,56.01,Yes,0.60,0.6,Standard,https://www.freeiconspng.com/img/1934,2026-10-09T00:00:00Z,No,1.4,7.5,Pirates @ White Sox,2026-09-08T23:40:00Z,Tue 07:40pm,Rate Field,outdoor,,-132,-132,9/8/2026,0.5693,https://cdcgaming.com/wp-content/uploads/2024/05/Bovada-logo.jpg
2026-10-09T00:00:00Z,bovada,2026-10-08T09:12:00Z,Chicago White Sox,Cleveland Guardians,batter_hits_runs_rbis,Miguel Vargas,1.5,105,-135,48.78,57.45,45.92,54.08,1.55,1.5,48.4,57.95,45.49,54.51,-2.94,54.51,Under,1.54,0.04,53.92,No,0.43,0.43,Standard,https://www.freeiconspng.com/img/1934,2026-10-09T00:00:00Z,No,1.4,7.5,Pirates @ White Sox,2026-09-08T23:40:00Z,Tue 07:40pm,Rate Field,outdoor,,-120,-120,9/8/2026,1.3647,https://cdcgaming.com/wp-content/uploads/2024/05/Bovada-logo.jpg
2026-10-09T00:00:00Z,bovada,2026-10-08T09:12:00Z,Chicago White Sox,Cleveland Guardians,batter_hits_runs_rbis,Munetaka Murakami,1.5,125,-165,44.44,62.26,41.65,58.35,1.42,1.5,44.9,62.76,41.71,58.29,-3.97,58.29,Under,1.43,-0.07,57.17,Yes,-0.06,-0.06,Standard,https://www.freeiconspng.com/img/1934,2026-10-09T00:00:00Z,No,1.4,7.5,Pirates @ White Sox,2026-09-08T23:40:00Z,Tue 07:40pm,Rate Field,outdoor,,-140,-140,9/8/2026,1.2513,https://cdcgaming.com/wp-content/uploads/2024/05/Bovada-logo.jpg
2026-10-09T00:00:00Z,bovada,2026-10-08T09:12:00Z,Chicago White Sox,Cleveland Guardians,batter_hits_runs_rbis,Nathaniel Lowe,1.5,120,-160,45.45,61.54,42.48,57.52,1.45,1.5,45.09,61.36,42.34,57.66,-3.88,57.66,Under,1.44,-0.06,56.87,Yes,0.14,0.14,Standard,https://www.freeiconspng.com/img/1934,2026-10-09T00:00:00Z,No,1.4,7.5,Guardians @ Orioles,2026-09-08T22:35:00Z,Tue 06:35pm,Oriole Park at Camden Yards,outdoor,,-136,-136,9/8/2026,1.2702,https://cdcgaming.com/wp-content/uploads/2024/05/Bovada-logo.jpg
2026-10-09T00:00:00Z,bovada,2026-10-08T09:12:00Z,Chicago White Sox,Cleveland Guardians,batter_hits_runs_rbis,Patrick Bailey,0.5,-165,125,62.26,44.44,58.35,41.65,0.88,0.5,62.47,44.05,58.68,41.32,-3.58,58.68,Over,0.88,0.38,57.5,Yes,0.33,0.33,Standard,https://www.freeiconspng.com/img/1934,2026-10-09T00:00:00Z,No,1.4,7.5,Guardians @ Orioles,2026-09-08T22:35:00Z,Tue 06:35pm,Oriole Park at Camden Yards,outdoor,,-142,-142,9/8/2026,0.5868,https://cdcgaming.com/wp-content/uploads/2024/05/Bovada-logo.jpg
2026-10-09T00:00:00Z,bovada,2026-10-08T09:12:00Z,Chicago White Sox,Cleveland Guardians,batter_hits_runs_rbis,Randal Grichuk,1.5,135,-180,42.55,64.29,39.83,60.17,1.37,1.5,42.55,64.29,39.83,60.17,-4.12,60.17,Under,1.37,-0.13,59,Yes,0.00,0,Standard,https://www.freeiconspng.com/img/1934,2026-10-09T00:00:00Z,No,1.4,7.5,,,,,,,-151,-151,,1.1949,https://cdcgaming.com/wp-content/uploads/2024/05/Bovada-logo.jpg
2026-10-09T00:00:00Z,bovada,2026-10-08T09:12:00Z,Chicago White Sox,Cleveland Guardians,batter_hits_runs_rbis,Steven Kwan,1.5,-120,-110,54.55,52.38,51.01,48.99,1.71,1.5,54.34,54.54,49.9,50.1,-4.65,50.1,Under,1.68,0.18,49.95,No,1.11,1.11,Standard,https://www.freeiconspng.com/img/1934,2026-10-09T00:00:00Z,No,1.4,7.5,Guardians @ Orioles,2026-09-08T22:35:00Z,Tue 06:35pm,Oriole Park at Camden Yards,outdoor,,-100,-100,9/8/2026,1.497,https://cdcgaming.com/wp-content/uploads/2024/05/Bovada-logo.jpg
2026-10-09T00:00:00Z,bovada,2026-10-08T09:12:00Z,Chicago White Sox,Cleveland Guardians,batter_hits_runs_rbis,Tommy Pham,0.5,-120,-110,54.55,52.38,51.01,48.99,0.71,0.5,56.62,52.25,52.1,47.9,-2.45,52.1,Over,0.74,0.24,52.01,Yes,1.09,1.09,Standard,https://www.freeiconspng.com/img/1934,,No,1.4,7.5,,,,,,,-109,-109,,0.521,https://cdcgaming.com/wp-content/uploads/2024/05/Bovada-logo.jpg
2026-10-09T00:00:00Z,bovada,2026-10-08T09:12:00Z,Chicago White Sox,Cleveland Guardians,batter_hits_runs_rbis,Travis Bazzana,0.5,-180,135,64.29,42.55,60.17,39.83,0.92,0.5,65.69,42.8,60.54,39.46,-3.75,60.54,Over,0.93,0.43,59.28,Yes,0.37,0.37,Standard,https://www.freeiconspng.com/img/1934,2026-10-09T00:00:00Z,No,1.4,7.5,Guardians @ Orioles,2026-09-08T22:35:00Z,Tue 06:35pm,Oriole Park at Camden Yards,outdoor,,-153,-153,9/8/2026,0.6054,https://cdcgaming.com/wp-content/uploads/2024/05/Bovada-logo.jpg
2026-10-09T00:00:00Z,bovada,2026-10-08T09:12:00Z,Chicago White Sox,Cleveland Guardians,batter_total_bases,Chase DeLauter,1.5,145,-190,40.82,65.52,38.39,61.61,1.33,1.5,41,65.27,38.58,61.42,-4.1,61.42,Under,1.34,-0.16,59.92,Yes,-0.19,-0.19,Standard,https://www.freeiconspng.com/img/1934,2026-10-09T00:00:00Z,No,1.4,7.5,,,,,,,-159,-159,,1.1574,https://cdcgaming.com/wp-content/uploads/2024/05/Bovada-logo.jpg
2026-10-09T00:00:00Z,bovada,2026-10-08T09:12:00Z,Chicago White Sox,Cleveland Guardians,batter_total_bases,Jo Adell,1.5,140,-185,41.67,64.91,39.09,60.91,1.35,1.5,41.8,65.76,38.86,61.14,-3.77,61.14,Under,1.34,-0.16,59.92,Yes,0.23,0.23,Standard,https://www.freeiconspng.com/img/1934,2026-10-09T00:00:00Z,No,1.4,7.5,Guardians @ Orioles,2026-09-08T22:35:00Z,Tue 06:35pm,Oriole Park at Camden Yards,outdoor,,-157,-157,9/8/2026,1.1658,https://cdcgaming.com/wp-content/uploads/2024/05/Bovada-logo.jpg
2026-10-09T00:00:00Z,bovada,2026-10-08T09:12:00Z,Chicago White Sox,Cleveland Guardians,batter_total_bases,Jose Ramirez,1.5,130,-170,43.48,62.96,40.85,59.15,1.4,1.5,44.07,62.74,41.25,58.75,-4.21,58.75,Under,1.41,-0.09,57.78,Yes,-0.40,-0.4,Standard,https://www.freeiconspng.com/img/1934,2026-10-09T00:00:00Z,No,1.4,7.5,,,,,,,-142,-142,,1.2375,https://cdcgaming.com/wp-content/uploads/2024/05/Bovada-logo.jpg
2026-10-09T00:00:00Z,bovada,2026-10-08T09:12:00Z,Chicago White Sox,Cleveland Guardians,batter_total_bases,Steven Kwan,1.5,150,-200,40,66.67,37.5,62.5,1.31,1.5,40.32,67.47,37.41,62.59,-4.08,62.59,Under,1.3,-0.2,61.16,Yes,0.09,0.09,Standard,https://www.freeiconspng.com/img/1934,2026-10-09T00:00:00Z,No,1.4,7.5,Guardians @ Orioles,2026-09-08T22:35:00Z,Tue 06:35pm,Oriole Park at Camden Yards,outdoor,,-167,-167,9/8/2026,1.1223,https://cdcgaming.com/wp-content/uploads/2024/05/Bovada-logo.jpg
2026-10-09T00:00:00Z,bovada,2026-10-08T09:12:00Z,Chicago White Sox,Cleveland Guardians,pitcher_hits_allowed,Parker Messick,3.5,-145,105,59.18,48.78,54.82,45.18,3.91,3.5,59.81,48.63,55.15,44.85,-4.03,55.15,Over,3.92,0.42,54.47,Yes,0.33,0.33,Standard,https://www.freeiconspng.com/img/1934,2026-10-09T00:00:00Z,No,1.4,7.5,,,,,,,-123,-123,,3.8605,https://cdcgaming.com/wp-content/uploads/2024/05/Bovada-logo.jpg
2026-10-09T00:00:00Z,bovada,2026-10-08T09:12:00Z,Chicago White Sox,Cleveland Guardians,pitcher_outs,Hagen Smith,5.5,-135,-105,57.45,51.22,52.87,47.13,5.71,5.5,57.56,51.09,52.98,47.02,-4.47,52.98,Over,5.72,0.22,52.66,Yes,0.11,0.11,Standard,https://www.freeiconspng.com/img/1934,2026-10-09T00:00:00Z,No,1.4,7.5,,,,,,,-113,-113,,5.8278,https://cdcgaming.com/wp-content/uploads/2024/05/Bovada-logo.jpg
2026-10-09T00:00:00Z,bovada,2026-10-08T09:12:00Z,Chicago White Sox,Cleveland Guardians,pitcher_outs,Parker Messick,14.5,-165,125,62.26,44.44,58.35,41.65,15.11,14.5,61.81,43.68,58.57,41.43,-3.69,58.57,Over,15.13,0.63,57.57,Yes,0.22,0.22,Standard,https://www.freeiconspng.com/img/1934,2026-10-09T00:00:00Z,No,1.4,7.5,,,,,,,-141,-141,,16.9853,https://cdcgaming.com/wp-content/uploads/2024/05/Bovada-logo.jpg
2026-10-09T00:00:00Z,bovada,2026-10-08T09:12:00Z,Chicago White Sox,Cleveland Guardians,pitcher_record_a_win,Parker Messick,0.5,210,-320,32.26,76.19,29.75,70.25,0.2975,0.5,30.74,76.85,28.57,71.43,-4.76,71.43,Under,0.2857,-0.21,68.86,Yes,1.18,1.18,Standard,https://www.freeiconspng.com/img/1934,2026-10-09T00:00:00Z,No,1.4,7.5,,,,,,,-250,-250,,0.2857,https://cdcgaming.com/wp-content/uploads/2024/05/Bovada-logo.jpg
2026-10-09T00:00:00Z,bovada,2026-10-08T09:12:00Z,Chicago White Sox,Cleveland Guardians,pitcher_strikeouts,Parker Messick,6.5,130,-170,43.48,62.96,40.85,59.15,6.09,6.5,45.11,61.47,42.31,57.69,-5.27,57.69,Under,6.18,-0.32,56.81,Yes,-1.46,-1.46,Standard,https://www.freeiconspng.com/img/1934,2026-10-09T00:00:00Z,No,1.4,7.5,,,,,,,-136,-136,,5.5003,https://cdcgaming.com/wp-content/uploads/2024/05/Bovada-logo.jpg
2026-10-09T00:00:00Z,bovada,2026-10-08T09:12:00Z,Chicago White Sox,Cleveland Guardians,pitcher_walks,Parker Messick,1.5,-135,-105,57.45,51.22,52.87,47.13,1.77,1.5,55.17,53.15,50.94,49.06,-6.51,50.94,Over,1.71,0.21,50.87,Yes,-1.93,-1.93,Standard,https://www.freeiconspng.com/img/1934,2026-10-09T00:00:00Z,No,1.4,7.5,,,,,,,-104,-104,,1.5282,https://cdcgaming.com/wp-content/uploads/2024/05/Bovada-logo.jpg
2026-10-09T00:00:00Z,novig,2026-10-08T09:13:35Z,Chicago White Sox,Cleveland Guardians,batter_hits,Tommy Pham,0.5,100,,50,,,,0.69,0.5,50.25,56.47,47.12,52.88,,50,Over,0.64,0.14,47.6,Yes,-2.88,-2.88,Non-Standard,https://www.freeiconspng.com/img/1934,,No,1.4,7.5,,,,,,,100,100,,0.4712,
2026-10-09T00:00:00Z,novig,2026-10-08T09:13:35Z,Chicago White Sox,Cleveland Guardians,batter_hits,Kyle Teel,0.5,-111,,52.61,,,,0.75,0.5,54.77,53.78,50.45,49.55,,52.61,Over,0.7,0.2,50.3,Yes,-2.16,-2.16,Non-Standard,https://www.freeiconspng.com/img/1934,2026-10-09T00:00:00Z,No,1.4,7.5,Pirates @ White Sox,2026-09-08T23:40:00Z,Tue 07:40pm,Rate Field,outdoor,,-111,-111,9/8/2026,0.5045,
2026-10-09T00:00:00Z,novig,2026-10-08T09:13:35Z,Chicago White Sox,Cleveland Guardians,batter_hits,Angel Martinez,0.5,-156,,60.94,,,,0.94,0.5,61.01,45.81,57.15,42.85,,60.94,Over,0.85,0.35,56.39,Yes,-3.79,-3.79,Non-Standard,https://www.freeiconspng.com/img/1934,2026-10-09T00:00:00Z,No,1.4,7.5,,,,,,,-156,-156,,0.5715,
2026-10-09T00:00:00Z,novig,2026-10-08T09:13:35Z,Chicago White Sox,Cleveland Guardians,batter_hits,Chase DeLauter,0.5,-208,,67.53,,,,1.12,0.5,68.53,38.03,64.33,35.67,,67.53,Over,1.03,0.53,62.58,Yes,-3.20,-3.2,Non-Standard,https://www.freeiconspng.com/img/1934,2026-10-09T00:00:00Z,No,1.4,7.5,,,,,,,-208,-208,,0.6433,
2026-10-09T00:00:00Z,novig,2026-10-08T09:13:35Z,Chicago White Sox,Cleveland Guardians,batter_hits,Jo Adell,0.5,-174,133,63.5,42.92,59.67,40.33,0.91,0.5,64.55,42.21,60.45,39.55,-3.05,60.45,Over,0.93,0.43,59.28,Yes,0.78,0.78,Standard,https://www.freeiconspng.com/img/1934,2026-10-09T00:00:00Z,No,1.4,7.5,Guardians @ Orioles,2026-09-08T22:35:00Z,Tue 06:35pm,Oriole Park at Camden Yards,outdoor,,-153,-153,9/8/2026,0.6045,
2026-10-09T00:00:00Z,novig,2026-10-08T09:13:35Z,Chicago White Sox,Cleveland Guardians,batter_hits,Colson Montgomery,0.5,102,-113,49.5,53.05,48.27,51.73,0.66,0.5,52.66,55.13,48.81,51.19,-1.86,51.19,Under,0.67,0.17,51.03,No,-0.54,-0.54,Standard,https://www.freeiconspng.com/img/1934,,No,1.4,7.5,Pirates @ White Sox,2026-09-08T23:40:00Z,Tue 07:40pm,Rate Field,outdoor,,-105,-105,9/8/2026,0.4881,
2026-10-09T00:00:00Z,novig,2026-10-08T09:13:35Z,Chicago White Sox,Cleveland Guardians,batter_hits,Brayan Rocchio,0.5,-141,108,58.51,48.08,54.89,45.11,0.8,0.5,59.63,46.98,55.94,44.06,-2.57,55.94,Over,0.82,0.32,55.24,Yes,1.05,1.05,Standard,https://www.freeiconspng.com/img/1934,2026-10-09T00:00:00Z,No,1.4,7.5,Guardians @ Orioles,2026-09-08T22:35:00Z,Tue 06:35pm,Oriole Park at Camden Yards,outdoor,,-127,-127,9/8/2026,0.5594,
2026-10-09T00:00:00Z,novig,2026-10-08T09:13:35Z,Chicago White Sox,Cleveland Guardians,batter_hits,Travis Bazzana,0.5,-133,,57.08,,,,0.85,0.5,58.5,48.54,54.67,45.33,,57.08,Over,0.79,0.29,54.06,Yes,-2.41,-2.41,Non-Standard,https://www.freeiconspng.com/img/1934,2026-10-09T00:00:00Z,No,1.4,7.5,Guardians @ Orioles,2026-09-08T22:35:00Z,Tue 06:35pm,Oriole Park at Camden Yards,outdoor,,-133,-133,9/8/2026,0.5467,
2026-10-09T00:00:00Z,novig,2026-10-08T09:13:35Z,Chicago White Sox,Cleveland Guardians,batter_hits,Randal Grichuk,0.5,-156,,60.94,,,,0.94,0.5,59.7,46.63,56.15,43.85,,60.94,Over,0.82,0.32,55.24,Yes,-4.79,-4.79,Non-Standard,https://www.freeiconspng.com/img/1934,2026-10-09T00:00:00Z,No,1.4,7.5,,,,,,,-156,-156,,0.5615,
2026-10-09T00:00:00Z,novig,2026-10-08T09:13:35Z,Chicago White Sox,Cleveland Guardians,batter_hits,Munetaka Murakami,0.5,-120,104,54.55,49.02,52.67,47.33,0.75,0.5,56.45,49.64,53.19,46.81,-1.36,53.19,Over,0.76,0.26,52.85,Yes,0.52,0.52,Standard,https://www.freeiconspng.com/img/1934,2026-10-09T00:00:00Z,No,1.4,7.5,Pirates @ White Sox,2026-09-08T23:40:00Z,Tue 07:40pm,Rate Field,outdoor,,-114,-114,9/8/2026,0.5319,
2026-10-09T00:00:00Z,novig,2026-10-08T09:13:35Z,Chicago White Sox,Cleveland Guardians,batter_hits,Brenton Doyle,0.5,-111,,52.61,,,,0.75,0.5,51.77,55.96,48.02,51.98,,52.61,Over,0.65,0.15,48.06,Yes,-4.59,-4.59,Non-Standard,https://www.freeiconspng.com/img/1934,2026-10-09T00:00:00Z,No,1.4,7.5,,,,,,,-111,-111,,0.4802,
2026-10-09T00:00:00Z,novig,2026-10-08T09:13:35Z,Chicago White Sox,Cleveland Guardians,batter_hits,Patrick Bailey,0.5,-130,,56.52,,,,0.83,0.5,56.59,50.14,53.02,46.98,,56.52,Over,0.76,0.26,52.85,Yes,-3.50,-3.5,Non-Standard,https://www.freeiconspng.com/img/1934,2026-10-09T00:00:00Z,No,1.4,7.5,Guardians @ Orioles,2026-09-08T22:35:00Z,Tue 06:35pm,Oriole Park at Camden Yards,outdoor,,-130,-130,9/8/2026,0.5302,
2026-10-09T00:00:00Z,novig,2026-10-08T09:13:35Z,Chicago White Sox,Cleveland Guardians,batter_hits,Braden Montgomery,0.5,-130,,56.52,,,,0.83,0.5,57.45,49.3,53.82,46.18,,56.52,Over,0.77,0.27,53.25,Yes,-2.70,-2.7,Non-Standard,https://www.freeiconspng.com/img/1934,2026-10-09T00:00:00Z,No,1.4,7.5,Pirates @ White Sox,2026-09-08T23:40:00Z,Tue 07:40pm,Rate Field,outdoor,,-130,-130,9/8/2026,0.5382,
2026-10-09T00:00:00Z,novig,2026-10-08T09:13:35Z,Chicago White Sox,Cleveland Guardians,batter_hits,Chase Meidroth,0.5,-203,,67,,,,1.11,0.5,66.43,40.49,62.15,37.85,,67,Over,0.97,0.47,60.64,Yes,-4.85,-4.85,Non-Standard,https://www.freeiconspng.com/img/1934,2026-10-09T00:00:00Z,No,1.4,7.5,Pirates @ White Sox,2026-09-08T23:40:00Z,Tue 07:40pm,Rate Field,outdoor,,-203,-203,9/8/2026,0.6215,
2026-10-09T00:00:00Z,novig,2026-10-08T09:13:35Z,Chicago White Sox,Cleveland Guardians,batter_hits,Nathaniel Lowe,0.5,-160,,61.54,,,,0.96,0.5,61.05,45.68,57.2,42.8,,61.54,Over,0.85,0.35,56.39,Yes,-4.34,-4.34,Non-Standard,https://www.freeiconspng.com/img/1934,2026-10-09T00:00:00Z,No,1.4,7.5,Guardians @ Orioles,2026-09-08T22:35:00Z,Tue 06:35pm,Oriole Park at Camden Yards,outdoor,,-160,-160,9/8/2026,0.572,
2026-10-09T00:00:00Z,novig,2026-10-08T09:13:35Z,Chicago White Sox,Cleveland Guardians,batter_hits,Miguel Vargas,0.5,-163,127,61.98,44.05,58.45,41.55,0.88,0.5,63.75,42.78,59.83,40.17,-2.15,59.83,Over,0.91,0.41,58.58,Yes,1.38,1.38,Standard,https://www.freeiconspng.com/img/1934,2026-10-09T00:00:00Z,No,1.4,7.5,Pirates @ White Sox,2026-09-08T23:40:00Z,Tue 07:40pm,Rate Field,outdoor,,-149,-149,9/8/2026,0.5983,
2026-10-09T00:00:00Z,novig,2026-10-08T09:13:35Z,Chicago White Sox,Cleveland Guardians,batter_hits,Steven Kwan,0.5,-239,,70.5,,,,1.22,0.5,69.88,36.8,65.52,34.48,,70.5,Over,1.06,0.56,63.51,Yes,-4.98,-4.98,Non-Standard,https://www.freeiconspng.com/img/1934,2026-10-09T00:00:00Z,No,1.4,7.5,Guardians @ Orioles,2026-09-08T22:35:00Z,Tue 06:35pm,Oriole Park at Camden Yards,outdoor,,-239,-239,9/8/2026,0.6552,
2026-10-09T00:00:00Z,novig,2026-10-08T09:13:35Z,Chicago White Sox,Cleveland Guardians,batter_hits,Jose Ramirez,0.5,-203,167,67,37.45,64.14,35.86,1.03,0.5,69.01,37.25,64.96,35.04,-2.04,64.96,Over,1.05,0.55,63.21,Yes,0.82,0.82,Standard,https://www.freeiconspng.com/img/1934,2026-10-09T00:00:00Z,No,1.4,7.5,,,,,,,-185,-185,,0.6496,
2026-10-09T00:00:00Z,novig,2026-10-08T09:13:35Z,Chicago White Sox,Cleveland Guardians,batter_hits,Steven Kwan,1.5,217,,31.55,,,,1.14,,,,,,,31.55,Over,1.14,-0.36,33.77,No,,,Non-Standard,https://www.freeiconspng.com/img/1934,2026-10-09T00:00:00Z,No,1.4,7.5,Guardians @ Orioles,2026-09-08T22:35:00Z,Tue 06:35pm,Oriole Park at Camden Yards,outdoor,,217,,9/8/2026,0.9465,
2026-10-09T00:00:00Z,novig,2026-10-08T09:13:35Z,Chicago White Sox,Cleveland Guardians,batter_hits,Jo Adell,1.5,292,,25.51,,,,0.98,,,,,,,25.51,Over,0.98,-0.52,28.61,No,,,Non-Standard,https://www.freeiconspng.com/img/1934,2026-10-09T00:00:00Z,No,1.4,7.5,Guardians @ Orioles,2026-09-08T22:35:00Z,Tue 06:35pm,Oriole Park at Camden Yards,outdoor,,292,,9/8/2026,0.7653,
2026-10-09T00:00:00Z,novig,2026-10-08T09:13:35Z,Chicago White Sox,Cleveland Guardians,batter_hits_runs_rbis,Miguel Vargas,1.5,111,,47.39,,,,1.6,1.5,48.4,57.95,45.49,54.51,,47.39,Over,1.54,0.04,46.08,Yes,-1.90,-1.9,Non-Standard,https://www.freeiconspng.com/img/1934,2026-10-09T00:00:00Z,No,1.4,7.5,Pirates @ White Sox,2026-09-08T23:40:00Z,Tue 07:40pm,Rate Field,outdoor,,111,111,9/8/2026,1.3647,
2026-10-09T00:00:00Z,novig,2026-10-08T09:13:35Z,Chicago White Sox,Cleveland Guardians,batter_hits_runs_rbis,Munetaka Murakami,1.5,120,,45.45,,,,1.54,1.5,44.9,62.76,41.71,58.29,,45.45,Over,1.43,-0.07,42.83,No,-3.74,-3.74,Non-Standard,https://www.freeiconspng.com/img/1934,2026-10-09T00:00:00Z,No,1.4,7.5,Pirates @ White Sox,2026-09-08T23:40:00Z,Tue 07:40pm,Rate Field,outdoor,,120,120,9/8/2026,1.2513,
2026-10-09T00:00:00Z,novig,2026-10-08T09:13:35Z,Chicago White Sox,Cleveland Guardians,batter_hits_runs_rbis,Steven Kwan,1.5,-122,,54.95,,,,1.84,1.5,54.34,54.54,49.9,50.1,,54.95,Over,1.68,0.18,50.05,Yes,-5.05,-5.05,Non-Standard,https://www.freeiconspng.com/img/1934,2026-10-09T00:00:00Z,No,1.4,7.5,Guardians @ Orioles,2026-09-08T22:35:00Z,Tue 06:35pm,Oriole Park at Camden Yards,outdoor,,-122,-122,9/8/2026,1.497,
2026-10-09T00:00:00Z,novig,2026-10-08T09:13:35Z,Chicago White Sox,Cleveland Guardians,batter_hits_runs_rbis,Brenton Doyle,0.5,-133,,57.08,,,,0.85,0.5,55.8,53.11,51.28,48.72,,57.08,Over,0.72,0.22,51.17,Yes,-5.80,-5.8,Non-Standard,https://www.freeiconspng.com/img/1934,2026-10-09T00:00:00Z,No,1.4,7.5,,,,,,,-133,-133,,0.5128,
2026-10-09T00:00:00Z,novig,2026-10-08T09:13:35Z,Chicago White Sox,Cleveland Guardians,batter_hits_runs_rbis,Kyle Teel,0.5,-160,122,61.54,45.05,57.74,42.26,0.86,0.5,60.73,45.93,56.93,43.07,-4.61,56.93,Over,0.84,0.34,56.01,Yes,-0.81,-0.81,Standard,https://www.freeiconspng.com/img/1934,2026-10-09T00:00:00Z,No,1.4,7.5,Pirates @ White Sox,2026-09-08T23:40:00Z,Tue 07:40pm,Rate Field,outdoor,,-132,-132,9/8/2026,0.5693,
2026-10-09T00:00:00Z,novig,2026-10-08T09:13:35Z,Chicago White Sox,Cleveland Guardians,batter_hits_runs_rbis,Chase DeLauter,1.5,-111,,52.61,,,,1.76,1.5,54.15,54.72,49.75,50.25,,52.61,Over,1.67,0.17,49.77,Yes,-2.86,-2.86,Non-Standard,https://www.freeiconspng.com/img/1934,2026-10-09T00:00:00Z,No,1.4,7.5,,,,,,,-111,-111,,1.4925,
2026-10-09T00:00:00Z,novig,2026-10-08T09:13:35Z,Chicago White Sox,Cleveland Guardians,batter_hits_runs_rbis,Nathaniel Lowe,1.5,120,,45.45,,,,1.54,1.5,45.09,61.36,42.34,57.66,,45.45,Over,1.44,-0.06,43.13,No,-3.11,-3.11,Non-Standard,https://www.freeiconspng.com/img/1934,2026-10-09T00:00:00Z,No,1.4,7.5,Guardians @ Orioles,2026-09-08T22:35:00Z,Tue 06:35pm,Oriole Park at Camden Yards,outdoor,,120,120,9/8/2026,1.2702,
2026-10-09T00:00:00Z,novig,2026-10-08T09:13:35Z,Chicago White Sox,Cleveland Guardians,batter_hits_runs_rbis,Colson Montgomery,0.5,-147,,59.51,,,,0.9,0.5,58.58,47.81,55.06,44.94,,59.51,Over,0.8,0.3,54.46,Yes,-4.45,-4.45,Non-Standard,https://www.freeiconspng.com/img/1934,,No,1.4,7.5,Pirates @ White Sox,2026-09-08T23:40:00Z,Tue 07:40pm,Rate Field,outdoor,,-147,-147,9/8/2026,0.5506,
2026-10-09T00:00:00Z,novig,2026-10-08T09:13:35Z,Chicago White Sox,Cleveland Guardians,batter_hits_runs_rbis,Tommy Pham,0.5,-125,,55.56,,,,0.81,0.5,56.62,52.25,52.1,47.9,,55.56,Over,0.74,0.24,52.01,Yes,-3.46,-3.46,Non-Standard,https://www.freeiconspng.com/img/1934,,No,1.4,7.5,,,,,,,-125,-125,,0.521,
2026-10-09T00:00:00Z,novig,2026-10-08T09:13:35Z,Chicago White Sox,Cleveland Guardians,batter_hits_runs_rbis,Randal Grichuk,0.5,-199,,66.56,,,,1.1,0.5,63.45,42.6,59.8,40.2,,66.56,Over,0.91,0.41,58.58,Yes,-6.76,-6.76,Non-Standard,https://www.freeiconspng.com/img/1934,2026-10-09T00:00:00Z,No,1.4,7.5,,,,,,,-199,-199,,0.598,
2026-10-09T00:00:00Z,novig,2026-10-08T09:13:35Z,Chicago White Sox,Cleveland Guardians,batter_hits_runs_rbis,Jo Adell,1.5,-106,-115,51.46,53.49,49.03,50.97,1.65,1.5,52.26,55.84,48.31,51.69,-1.8,51.69,Under,1.63,0.13,51.35,No,0.72,0.72,Standard,https://www.freeiconspng.com/img/1934,2026-10-09T00:00:00Z,No,1.4,7.5,Guardians @ Orioles,2026-09-08T22:35:00Z,Tue 06:35pm,Oriole Park at Camden Yards,outdoor,,-107,-107,9/8/2026,1.4493,
2026-10-09T00:00:00Z,novig,2026-10-08T09:13:35Z,Chicago White Sox,Cleveland Guardians,batter_hits_runs_rbis,Patrick Bailey,0.5,-174,,63.5,,,,1.01,0.5,62.47,44.05,58.68,41.32,,63.5,Over,0.88,0.38,57.5,Yes,-4.82,-4.82,Non-Standard,https://www.freeiconspng.com/img/1934,2026-10-09T00:00:00Z,No,1.4,7.5,Guardians @ Orioles,2026-09-08T22:35:00Z,Tue 06:35pm,Oriole Park at Camden Yards,outdoor,,-174,-174,9/8/2026,0.5868,
2026-10-09T00:00:00Z,novig,2026-10-08T09:13:35Z,Chicago White Sox,Cleveland Guardians,batter_hits_runs_rbis,Chase Meidroth,1.5,106,,48.54,,,,1.63,1.5,47.41,59.2,44.47,55.53,,48.54,Over,1.51,0.01,45.21,Yes,-4.07,-4.07,Non-Standard,https://www.freeiconspng.com/img/1934,2026-10-09T00:00:00Z,No,1.4,7.5,Pirates @ White Sox,2026-09-08T23:40:00Z,Tue 07:40pm,Rate Field,outdoor,,106,106,9/8/2026,1.3341,
2026-10-09T00:00:00Z,novig,2026-10-08T09:13:35Z,Chicago White Sox,Cleveland Guardians,batter_hits_runs_rbis,Jose Ramirez,1.5,-120,,54.55,,,,1.83,1.5,55.1,53.79,50.63,49.37,,54.55,Over,1.7,0.2,50.59,Yes,-3.92,-3.92,Non-Standard,https://www.freeiconspng.com/img/1934,2026-10-09T00:00:00Z,No,1.4,7.5,,,,,,,-120,-120,,1.5189,
2026-10-09T00:00:00Z,novig,2026-10-08T09:13:35Z,Chicago White Sox,Cleveland Guardians,batter_hits_runs_rbis,Travis Bazzana,1.5,135,,42.55,,,,1.45,1.5,42.98,62.45,40.77,59.23,,42.55,Over,1.4,-0.1,41.92,No,-1.78,-1.78,Non-Standard,https://www.freeiconspng.com/img/1934,2026-10-09T00:00:00Z,No,1.4,7.5,Guardians @ Orioles,2026-09-08T22:35:00Z,Tue 06:35pm,Oriole Park at Camden Yards,outdoor,,135,135,9/8/2026,1.2231,
2026-10-09T00:00:00Z,novig,2026-10-08T09:13:35Z,Chicago White Sox,Cleveland Guardians,batter_hits_runs_rbis,Braden Montgomery,0.5,-167,,62.55,,,,0.98,0.5,61.9,44.51,58.17,41.83,,62.55,Over,0.87,0.37,57.13,Yes,-4.38,-4.38,Non-Standard,https://www.freeiconspng.com/img/1934,2026-10-09T00:00:00Z,No,1.4,7.5,Pirates @ White Sox,2026-09-08T23:40:00Z,Tue 07:40pm,Rate Field,outdoor,,-167,-167,9/8/2026,0.5817,
2026-10-09T00:00:00Z,novig,2026-10-08T09:13:35Z,Chicago White Sox,Cleveland Guardians,batter_hits_runs_rbis,Brayan Rocchio,1.5,141,,41.49,,,,1.42,1.5,43.19,63.34,40.56,59.44,,41.49,Over,1.39,-0.11,41.61,No,-0.93,-0.93,Non-Standard,https://www.freeiconspng.com/img/1934,2026-10-09T00:00:00Z,No,1.4,7.5,Guardians @ Orioles,2026-09-08T22:35:00Z,Tue 06:35pm,Oriole Park at Camden Yards,outdoor,,141,141,9/8/2026,1.2168,
2026-10-09T00:00:00Z,novig,2026-10-08T09:13:35Z,Chicago White Sox,Cleveland Guardians,batter_hits_runs_rbis,Angel Martinez,1.5,133,,42.92,,,,1.46,1.5,44.56,61.98,41.84,58.16,,42.92,Over,1.43,-0.07,42.83,No,-1.08,-1.08,Non-Standard,https://www.freeiconspng.com/img/1934,2026-10-09T00:00:00Z,No,1.4,7.5,,,,,,,133,133,,1.2552,
2026-10-09T00:00:00Z,novig,2026-10-08T09:13:35Z,Chicago White Sox,Cleveland Guardians,batter_home_runs,Chase Meidroth,0.5,1233,-1567,7.5,94,7.39,92.61,0.08,0.5,8.59,96.63,8.14,91.86,-2.14,91.86,Under,0.08,-0.42,87.23,Yes,-0.75,-0.75,Standard,https://www.freeiconspng.com/img/1934,2026-10-09T00:00:00Z,No,1.4,7.5,Pirates @ White Sox,2026-09-08T23:40:00Z,Tue 07:40pm,Rate Field,outdoor,,-1129,-1129,9/8/2026,0.0814,
2026-10-09T00:00:00Z,novig,2026-10-08T09:13:35Z,Chicago White Sox,Cleveland Guardians,batter_home_runs,Steven Kwan,0.5,1900,-2400,5,96,4.95,95.05,0.05,0.5,6.41,96.97,6.17,93.83,-2.17,93.83,Under,0.06,-0.44,88.88,Yes,-1.22,-1.22,Standard,https://www.freeiconspng.com/img/1934,2026-10-09T00:00:00Z,No,1.4,7.5,Guardians @ Orioles,2026-09-08T22:35:00Z,Tue 06:35pm,Oriole Park at Camden Yards,outdoor,,-1521,-1521,9/8/2026,0.0617,
2026-10-09T00:00:00Z,novig,2026-10-08T09:13:35Z,Chicago White Sox,Cleveland Guardians,batter_home_runs,Chase DeLauter,0.5,700,-900,12.5,90,12.2,87.8,0.13,0.5,13.36,93.16,12.53,87.47,-2.53,87.47,Under,0.13,-0.37,83.27,Yes,-0.33,-0.33,Standard,https://www.freeiconspng.com/img/1934,2026-10-09T00:00:00Z,No,1.4,7.5,,,,,,,-698,-698,,0.1253,
2026-10-09T00:00:00Z,novig,2026-10-08T09:13:35Z,Chicago White Sox,Cleveland Guardians,batter_home_runs,Randal Grichuk,0.5,590,-700,14.49,87.5,14.21,85.79,0.15,0.5,15.15,90.51,14.32,85.68,-1.82,85.68,Under,0.15,-0.35,81.74,Yes,-0.11,-0.11,Standard,https://www.freeiconspng.com/img/1934,2026-10-09T00:00:00Z,No,1.4,7.5,,,,,,,-598,-598,,0.1432,
2026-10-09T00:00:00Z,novig,2026-10-08T09:13:35Z,Chicago White Sox,Cleveland Guardians,batter_home_runs,Jo Adell,0.5,614,-669,14.01,87,13.87,86.13,0.15,0.5,16.61,89.09,15.68,84.32,-2.68,84.32,Under,0.17,-0.33,80.24,Yes,-1.81,-1.81,Standard,https://www.freeiconspng.com/img/1934,2026-10-09T00:00:00Z,No,1.4,7.5,Guardians @ Orioles,2026-09-08T22:35:00Z,Tue 06:35pm,Oriole Park at Camden Yards,outdoor,,-538,-538,9/8/2026,0.1568,
2026-10-09T00:00:00Z,novig,2026-10-08T09:13:35Z,Chicago White Sox,Cleveland Guardians,batter_home_runs,Braden Montgomery,0.5,1011,-1567,9,94,8.74,91.26,0.09,0.5,9.3,95.4,8.85,91.15,-2.85,91.15,Under,0.09,-0.41,86.43,Yes,-0.11,-0.11,Standard,https://www.freeiconspng.com/img/1934,2026-10-09T00:00:00Z,No,1.4,7.5,Pirates @ White Sox,2026-09-08T23:40:00Z,Tue 07:40pm,Rate Field,outdoor,,-1030,-1030,9/8/2026,0.0885,
2026-10-09T00:00:00Z,novig,2026-10-08T09:13:35Z,Chicago White Sox,Cleveland Guardians,batter_home_runs,Brenton Doyle,0.5,809,-1076,11,91.5,10.73,89.27,0.11,0.5,12.23,94,11.46,88.54,-2.96,88.54,Under,0.12,-0.38,84.05,Yes,-0.73,-0.73,Standard,https://www.freeiconspng.com/img/1934,2026-10-09T00:00:00Z,No,1.4,7.5,,,,,,,-773,-773,,0.1146,
2026-10-09T00:00:00Z,novig,2026-10-08T09:13:35Z,Chicago White Sox,Cleveland Guardians,batter_home_runs,Miguel Vargas,0.5,525,-641,16,86.5,15.61,84.39,0.17,0.5,17.38,88.64,16.35,83.65,-2.85,83.65,Under,0.18,-0.32,79.5,Yes,-0.74,-0.74,Standard,https://www.freeiconspng.com/img/1934,2026-10-09T00:00:00Z,No,1.4,7.5,Pirates @ White Sox,2026-09-08T23:40:00Z,Tue 07:40pm,Rate Field,outdoor,,-512,-512,9/8/2026,0.1635,
2026-10-09T00:00:00Z,novig,2026-10-08T09:13:35Z,Chicago White Sox,Cleveland Guardians,batter_home_runs,Jose Ramirez,0.5,614,-700,14.01,87.5,13.8,86.2,0.15,0.5,15.39,90.29,14.53,85.47,-2.03,85.47,Under,0.16,-0.34,80.99,Yes,-0.73,-0.73,Standard,https://www.freeiconspng.com/img/1934,2026-10-09T00:00:00Z,No,1.4,7.5,,,,,,,-588,-588,,0.1453,
2026-10-09T00:00:00Z,novig,2026-10-08T09:13:35Z,Chicago White Sox,Cleveland Guardians,batter_home_runs,Colson Montgomery,0.5,614,-669,14.01,87,13.87,86.13,0.15,0.5,16.45,88.61,15.6,84.4,-2.6,84.4,Under,0.17,-0.33,80.24,Yes,-1.73,-1.73,Standard,https://www.freeiconspng.com/img/1934,,No,1.4,7.5,Pirates @ White Sox,2026-09-08T23:40:00Z,Tue 07:40pm,Rate Field,outdoor,,-541,-541,9/8/2026,0.156,
2026-10-09T00:00:00Z,novig,2026-10-08T09:13:35Z,Chicago White Sox,Cleveland Guardians,batter_home_runs,Munetaka Murakami,0.5,426,-456,19.01,82.01,18.82,81.18,0.21,0.5,19.91,85.95,18.81,81.19,-0.82,81.19,Under,0.21,-0.29,77.33,Yes,0.01,0.01,Standard,https://www.freeiconspng.com/img/1934,2026-10-09T00:00:00Z,No,1.4,7.5,Pirates @ White Sox,2026-09-08T23:40:00Z,Tue 07:40pm,Rate Field,outdoor,,-432,-432,9/8/2026,0.1881,
2026-10-09T00:00:00Z,novig,2026-10-08T09:13:35Z,Chicago White Sox,Cleveland Guardians,batter_home_runs,Patrick Bailey,0.5,809,-1076,11,91.5,10.73,89.27,0.11,0.5,11.88,93.88,11.2,88.8,-2.7,88.8,Under,0.12,-0.38,84.05,Yes,-0.47,-0.47,Standard,https://www.freeiconspng.com/img/1934,2026-10-09T00:00:00Z,No,1.4,7.5,Guardians @ Orioles,2026-09-08T22:35:00Z,Tue 06:35pm,Oriole Park at Camden Yards,outdoor,,-793,-793,9/8/2026,0.112,
2026-10-09T00:00:00Z,novig,2026-10-08T09:13:35Z,Chicago White Sox,Cleveland Guardians,batter_home_runs,Nathaniel Lowe,0.5,809,-1076,11,91.5,10.73,89.27,0.11,0.5,12.53,93.79,11.75,88.25,-3.25,88.25,Under,0.13,-0.37,83.27,Yes,-1.02,-1.02,Standard,https://www.freeiconspng.com/img/1934,2026-10-09T00:00:00Z,No,1.4,7.5,Guardians @ Orioles,2026-09-08T22:35:00Z,Tue 06:35pm,Oriole Park at Camden Yards,outdoor,,-751,-751,9/8/2026,0.1175,
2026-10-09T00:00:00Z,novig,2026-10-08T09:13:35Z,Chicago White Sox,Cleveland Guardians,batter_home_runs,Travis Bazzana,0.5,1076,-1718,8.5,94.5,8.26,91.74,0.09,0.5,10.35,95.25,9.78,90.22,-4.28,90.22,Under,0.1,-0.4,85.63,Yes,-1.52,-1.52,Standard,https://www.freeiconspng.com/img/1934,2026-10-09T00:00:00Z,No,1.4,7.5,Guardians @ Orioles,2026-09-08T22:35:00Z,Tue 06:35pm,Oriole Park at Camden Yards,outdoor,,-922,-922,9/8/2026,0.0978,
2026-10-09T00:00:00Z,novig,2026-10-08T09:13:35Z,Chicago White Sox,Cleveland Guardians,batter_home_runs,Brayan Rocchio,0.5,1329,-1718,7,94.5,6.89,93.11,0.07,0.5,9.39,96.37,8.84,91.16,-3.34,91.16,Under,0.09,-0.41,86.43,Yes,-1.95,-1.95,Standard,https://www.freeiconspng.com/img/1934,2026-10-09T00:00:00Z,No,1.4,7.5,Guardians @ Orioles,2026-09-08T22:35:00Z,Tue 06:35pm,Oriole Park at Camden Yards,outdoor,,-1031,-1031,9/8/2026,0.0884,
2026-10-09T00:00:00Z,novig,2026-10-08T09:13:35Z,Chicago White Sox,Cleveland Guardians,batter_home_runs,Angel Martinez,0.5,900,-1150,10,92,9.8,90.2,0.1,0.5,11.28,94.27,10.66,89.34,-2.66,89.34,Under,0.11,-0.39,84.83,Yes,-0.86,-0.86,Standard,https://www.freeiconspng.com/img/1934,2026-10-09T00:00:00Z,No,1.4,7.5,,,,,,,-838,-838,,0.1066,
2026-10-09T00:00:00Z,novig,2026-10-08T09:13:35Z,Chicago White Sox,Cleveland Guardians,batter_home_runs,Kyle Teel,0.5,900,-1150,10,92,9.8,90.2,0.1,0.5,10.85,94.65,10.25,89.75,-2.25,89.75,Under,0.11,-0.39,84.83,Yes,-0.45,-0.45,Standard,https://www.freeiconspng.com/img/1934,2026-10-09T00:00:00Z,No,1.4,7.5,Pirates @ White Sox,2026-09-08T23:40:00Z,Tue 07:40pm,Rate Field,outdoor,,-876,-876,9/8/2026,0.1025,
2026-10-09T00:00:00Z,novig,2026-10-08T09:13:35Z,Chicago White Sox,Cleveland Guardians,batter_home_runs,Tommy Pham,0.5,953,-1329,9.5,93,9.27,90.73,0.1,0.5,10.62,94.72,10.05,89.95,-3.05,89.95,Under,0.11,-0.39,84.83,Yes,-0.78,-0.78,Standard,https://www.freeiconspng.com/img/1934,,No,1.4,7.5,,,,,,,-895,-895,,0.1005,
2026-10-09T00:00:00Z,novig,2026-10-08T09:13:35Z,Chicago White Sox,Cleveland Guardians,batter_rbis,Brayan Rocchio,1.5,770,,11.49,,,,0.58,,,,,,,11.49,Over,0.58,-0.92,16.15,No,,,Non-Standard,https://www.freeiconspng.com/img/1934,2026-10-09T00:00:00Z,No,1.4,7.5,Guardians @ Orioles,2026-09-08T22:35:00Z,Tue 06:35pm,Oriole Park at Camden Yards,outdoor,,770,,9/8/2026,0.3447,
2026-10-09T00:00:00Z,novig,2026-10-08T09:13:35Z,Chicago White Sox,Cleveland Guardians,batter_rbis,Jo Adell,1.5,388,,20.49,,,,0.84,,,,,,,20.49,Over,0.84,-0.66,24.1,No,,,Non-Standard,https://www.freeiconspng.com/img/1934,2026-10-09T00:00:00Z,No,1.4,7.5,Guardians @ Orioles,2026-09-08T22:35:00Z,Tue 06:35pm,Oriole Park at Camden Yards,outdoor,,388,,9/8/2026,0.6147,
2026-10-09T00:00:00Z,novig,2026-10-08T09:13:35Z,Chicago White Sox,Cleveland Guardians,batter_rbis,Jose Ramirez,1.5,441,,18.48,,,,0.78,,,,,,,18.48,Over,0.78,-0.72,22.2,No,,,Non-Standard,https://www.freeiconspng.com/img/1934,2026-10-09T00:00:00Z,No,1.4,7.5,,,,,,,441,,,0.5544,
2026-10-09T00:00:00Z,novig,2026-10-08T09:13:35Z,Chicago White Sox,Cleveland Guardians,batter_rbis,Colson Montgomery,1.5,506,,16.5,,,,0.73,,,,,,,16.5,Over,0.73,-0.77,20.63,No,,,Non-Standard,https://www.freeiconspng.com/img/1934,,No,1.4,7.5,Pirates @ White Sox,2026-09-08T23:40:00Z,Tue 07:40pm,Rate Field,outdoor,,506,,9/8/2026,0.495,
2026-10-09T00:00:00Z,novig,2026-10-08T09:13:35Z,Chicago White Sox,Cleveland Guardians,batter_rbis,Patrick Bailey,0.5,264,-413,27.47,80.51,25.44,74.56,0.29,0.5,28.21,78.88,26.32,73.68,-6.83,73.68,Under,0.31,-0.19,70.54,Yes,-0.88,-0.88,Standard,https://www.freeiconspng.com/img/1934,2026-10-09T00:00:00Z,No,1.4,7.5,Guardians @ Orioles,2026-09-08T22:35:00Z,Tue 06:35pm,Oriole Park at Camden Yards,outdoor,,-280,-280,9/8/2026,0.2632,
2026-10-09T00:00:00Z,novig,2026-10-08T09:13:35Z,Chicago White Sox,Cleveland Guardians,batter_rbis,Nathaniel Lowe,0.5,217,-317,31.55,76.02,29.33,70.67,0.35,0.5,33.26,74.35,30.89,69.11,-6.91,69.11,Under,0.37,-0.13,66.78,Yes,-1.56,-1.56,Standard,https://www.freeiconspng.com/img/1934,2026-10-09T00:00:00Z,No,1.4,7.5,Guardians @ Orioles,2026-09-08T22:35:00Z,Tue 06:35pm,Oriole Park at Camden Yards,outdoor,,-224,-224,9/8/2026,0.3089,
2026-10-09T00:00:00Z,novig,2026-10-08T09:13:35Z,Chicago White Sox,Cleveland Guardians,batter_rbis,Chase DeLauter,0.5,190,,34.48,,,,0.42,0.5,37,69.74,34.66,65.34,,34.48,Over,0.43,-0.07,36.76,No,0.18,0.18,Non-Standard,https://www.freeiconspng.com/img/1934,2026-10-09T00:00:00Z,No,1.4,7.5,,,,,,,190,190,,0.3466,
2026-10-09T00:00:00Z,novig,2026-10-08T09:13:35Z,Chicago White Sox,Cleveland Guardians,batter_rbis,Brayan Rocchio,0.5,292,-355,25.51,78.02,24.64,75.36,0.28,0.5,27.49,78.68,25.88,74.12,-3.9,74.12,Under,0.3,-0.2,71.19,Yes,-1.24,-1.24,Standard,https://www.freeiconspng.com/img/1934,2026-10-09T00:00:00Z,No,1.4,7.5,Guardians @ Orioles,2026-09-08T22:35:00Z,Tue 06:35pm,Oriole Park at Camden Yards,outdoor,,-286,-286,9/8/2026,0.2588,
2026-10-09T00:00:00Z,novig,2026-10-08T09:13:35Z,Chicago White Sox,Cleveland Guardians,batter_rbis,Munetaka Murakami,0.5,208,-239,32.47,70.5,31.53,68.47,0.38,0.5,34.72,71.89,32.55,67.45,-3.05,67.45,Under,0.39,-0.11,65.58,Yes,-1.02,-1.02,Standard,https://www.freeiconspng.com/img/1934,2026-10-09T00:00:00Z,No,1.4,7.5,Pirates @ White Sox,2026-09-08T23:40:00Z,Tue 07:40pm,Rate Field,outdoor,,-207,-207,9/8/2026,0.3255,
2026-10-09T00:00:00Z,novig,2026-10-08T09:13:35Z,Chicago White Sox,Cleveland Guardians,batter_rbis,Tommy Pham,0.5,300,-506,25,83.5,23.04,76.96,0.26,0.5,25.29,81.7,23.61,76.39,-7.11,76.39,Under,0.27,-0.23,73.18,Yes,-0.57,-0.57,Standard,https://www.freeiconspng.com/img/1934,,No,1.4,7.5,,,,,,,-324,-324,,0.2361,
2026-10-09T00:00:00Z,novig,2026-10-08T09:13:35Z,Chicago White Sox,Cleveland Guardians,batter_rbis,Steven Kwan,0.5,292,-506,25.51,83.5,23.4,76.6,0.27,0.5,25.35,81.82,23.65,76.35,-7.15,76.35,Under,0.27,-0.23,73.18,Yes,-0.25,-0.25,Standard,https://www.freeiconspng.com/img/1934,2026-10-09T00:00:00Z,No,1.4,7.5,Guardians @ Orioles,2026-09-08T22:35:00Z,Tue 06:35pm,Oriole Park at Camden Yards,outdoor,,-323,-323,9/8/2026,0.2365,
2026-10-09T00:00:00Z,novig,2026-10-08T09:13:35Z,Chicago White Sox,Cleveland Guardians,batter_rbis,Randal Grichuk,0.5,277,-441,26.53,81.52,24.55,75.45,0.28,0.5,27.73,79.47,25.83,74.17,-7.35,74.17,Under,0.3,-0.2,71.19,Yes,-1.28,-1.28,Standard,https://www.freeiconspng.com/img/1934,2026-10-09T00:00:00Z,No,1.4,7.5,,,,,,,-287,-287,,0.2583,
2026-10-09T00:00:00Z,novig,2026-10-08T09:13:35Z,Chicago White Sox,Cleveland Guardians,batter_rbis,Jo Adell,0.5,167,-233,37.45,69.97,34.87,65.13,0.43,0.5,38.88,68.28,36.27,63.73,-6.24,63.73,Under,0.45,-0.05,62.11,Yes,-1.40,-1.4,Standard,https://www.freeiconspng.com/img/1934,2026-10-09T00:00:00Z,No,1.4,7.5,Guardians @ Orioles,2026-09-08T22:35:00Z,Tue 06:35pm,Oriole Park at Camden Yards,outdoor,,-176,-176,9/8/2026,0.3627,
2026-10-09T00:00:00Z,novig,2026-10-08T09:13:35Z,Chicago White Sox,Cleveland Guardians,batter_rbis,Braden Montgomery,0.5,300,-400,25,80,23.81,76.19,0.27,0.5,25.92,80.62,24.3,75.7,-4.3,75.7,Under,0.28,-0.22,72.51,Yes,-0.49,-0.49,Standard,https://www.freeiconspng.com/img/1934,2026-10-09T00:00:00Z,No,1.4,7.5,Pirates @ White Sox,2026-09-08T23:40:00Z,Tue 07:40pm,Rate Field,outdoor,,-312,-312,9/8/2026,0.243,
2026-10-09T00:00:00Z,novig,2026-10-08T09:13:35Z,Chicago White Sox,Cleveland Guardians,batter_rbis,Angel Martinez,0.5,251,-388,28.49,79.51,26.38,73.62,0.31,0.5,29.86,77.28,27.86,72.14,-7.37,72.14,Under,0.33,-0.17,69.27,Yes,-1.48,-1.48,Standard,https://www.freeiconspng.com/img/1934,2026-10-09T00:00:00Z,No,1.4,7.5,,,,,,,-259,-259,,0.2786,
2026-10-09T00:00:00Z,novig,2026-10-08T09:13:35Z,Chicago White Sox,Cleveland Guardians,batter_rbis,Kyle Teel,0.5,317,-488,23.98,82.99,22.42,77.58,0.25,0.5,25.68,81.49,23.93,76.07,-6.92,76.07,Under,0.27,-0.23,73.18,Yes,-1.51,-1.51,Standard,https://www.freeiconspng.com/img/1934,2026-10-09T00:00:00Z,No,1.4,7.5,Pirates @ White Sox,2026-09-08T23:40:00Z,Tue 07:40pm,Rate Field,outdoor,,-318,-318,9/8/2026,0.2393,
2026-10-09T00:00:00Z,novig,2026-10-08T09:13:35Z,Chicago White Sox,Cleveland Guardians,batter_rbis,Jose Ramirez,0.5,213,-239,31.95,70.5,31.18,68.82,0.37,0.5,34.73,71.67,32.62,67.38,-3.12,67.38,Under,0.39,-0.11,65.58,Yes,-1.44,-1.44,Standard,https://www.freeiconspng.com/img/1934,2026-10-09T00:00:00Z,No,1.4,7.5,,,,,,,-207,-207,,0.3262,
2026-10-09T00:00:00Z,novig,2026-10-08T09:13:35Z,Chicago White Sox,Cleveland Guardians,batter_rbis,Chase Meidroth,0.5,317,-545,23.98,84.5,22.11,77.89,0.25,0.5,25.02,81.83,23.39,76.61,-7.89,76.61,Under,0.27,-0.23,73.18,Yes,-1.28,-1.28,Standard,https://www.freeiconspng.com/img/1934,2026-10-09T00:00:00Z,No,1.4,7.5,Pirates @ White Sox,2026-09-08T23:40:00Z,Tue 07:40pm,Rate Field,outdoor,,-328,-328,9/8/2026,0.2339,
2026-10-09T00:00:00Z,novig,2026-10-08T09:13:35Z,Chicago White Sox,Cleveland Guardians,batter_rbis,Travis Bazzana,0.5,270,-426,27.03,80.99,25.02,74.98,0.29,0.5,27.8,79.41,25.93,74.07,-6.92,74.07,Under,0.3,-0.2,71.19,Yes,-0.91,-0.91,Standard,https://www.freeiconspng.com/img/1934,2026-10-09T00:00:00Z,No,1.4,7.5,Guardians @ Orioles,2026-09-08T22:35:00Z,Tue 06:35pm,Oriole Park at Camden Yards,outdoor,,-286,-286,9/8/2026,0.2593,
2026-10-09T00:00:00Z,novig,2026-10-08T09:13:35Z,Chicago White Sox,Cleveland Guardians,batter_rbis,Miguel Vargas,0.5,217,-285,31.55,74.03,29.88,70.12,0.35,0.5,34.06,72.93,31.79,68.21,-5.82,68.21,Under,0.38,-0.12,66.18,Yes,-1.91,-1.91,Standard,https://www.freeiconspng.com/img/1934,2026-10-09T00:00:00Z,No,1.4,7.5,Pirates @ White Sox,2026-09-08T23:40:00Z,Tue 07:40pm,Rate Field,outdoor,,-215,-215,9/8/2026,0.3179,
2026-10-09T00:00:00Z,novig,2026-10-08T09:13:35Z,Chicago White Sox,Cleveland Guardians,batter_rbis,Colson Montgomery,0.5,277,-376,26.53,78.99,25.14,74.86,0.29,0.5,27.99,79.25,26.06,73.94,-5.05,73.94,Under,0.3,-0.2,71.19,Yes,-0.92,-0.92,Standard,https://www.freeiconspng.com/img/1934,,No,1.4,7.5,Pirates @ White Sox,2026-09-08T23:40:00Z,Tue 07:40pm,Rate Field,outdoor,,-284,-284,9/8/2026,0.2606,
2026-10-09T00:00:00Z,novig,2026-10-08T09:13:35Z,Chicago White Sox,Cleveland Guardians,batter_rbis,Brenton Doyle,0.5,308,-506,24.51,83.5,22.69,77.31,0.26,0.5,25.42,81.69,23.68,76.32,-7.18,76.32,Under,0.27,-0.23,73.18,Yes,-0.99,-0.99,Standard,https://www.freeiconspng.com/img/1934,2026-10-09T00:00:00Z,No,1.4,7.5,,,,,,,-322,-322,,0.2368,
2026-10-09T00:00:00Z,novig,2026-10-08T09:13:35Z,Chicago White Sox,Cleveland Guardians,batter_runs_scored,Brenton Doyle,0.5,239,,29.5,,,,0.35,0.5,29.31,77.2,27.44,72.56,,29.5,Over,0.32,-0.18,30.1,No,-2.06,-2.06,Non-Standard,https://www.freeiconspng.com/img/1934,2026-10-09T00:00:00Z,No,1.4,7.5,,,,,,,239,239,,0.2744,
2026-10-09T00:00:00Z,novig,2026-10-08T09:13:35Z,Chicago White Sox,Cleveland Guardians,batter_runs_scored,Kyle Teel,0.5,213,,31.95,,,,0.38,0.5,31.96,74.39,29.96,70.04,,31.95,Over,0.36,-0.14,32.6,No,-1.99,-1.99,Non-Standard,https://www.freeiconspng.com/img/1934,2026-10-09T00:00:00Z,No,1.4,7.5,Pirates @ White Sox,2026-09-08T23:40:00Z,Tue 07:40pm,Rate Field,outdoor,,213,213,9/8/2026,0.2996,
2026-10-09T00:00:00Z,novig,2026-10-08T09:13:35Z,Chicago White Sox,Cleveland Guardians,batter_runs_scored,Tommy Pham,0.5,239,,29.5,,,,0.35,0.5,30.15,76.19,28.35,71.65,,29.5,Over,0.33,-0.17,30.73,No,-1.15,-1.15,Non-Standard,https://www.freeiconspng.com/img/1934,,No,1.4,7.5,,,,,,,239,239,,0.2835,
2026-10-09T00:00:00Z,novig,2026-10-08T09:13:35Z,Chicago White Sox,Cleveland Guardians,batter_runs_scored,Chase Meidroth,0.5,144,,40.98,,,,0.53,0.5,41.56,65.12,38.93,61.07,,40.98,Over,0.49,-0.01,40.09,No,-2.05,-2.05,Non-Standard,https://www.freeiconspng.com/img/1934,2026-10-09T00:00:00Z,No,1.4,7.5,Pirates @ White Sox,2026-09-08T23:40:00Z,Tue 07:40pm,Rate Field,outdoor,,144,144,9/8/2026,0.3893,
2026-10-09T00:00:00Z,novig,2026-10-08T09:13:35Z,Chicago White Sox,Cleveland Guardians,batter_runs_scored,Chase DeLauter,0.5,133,,42.92,,,,0.56,0.5,43.53,62.99,40.86,59.14,,42.92,Over,0.53,0.03,42.2,Yes,-2.06,-2.06,Non-Standard,https://www.freeiconspng.com/img/1934,2026-10-09T00:00:00Z,No,1.4,7.5,,,,,,,133,133,,0.4086,
2026-10-09T00:00:00Z,novig,2026-10-08T09:13:35Z,Chicago White Sox,Cleveland Guardians,batter_runs_scored,Nathaniel Lowe,0.5,170,,37.04,,,,0.46,0.5,37.27,69.21,34.93,65.07,,37.04,Over,0.43,-0.07,36.76,No,-2.11,-2.11,Non-Standard,https://www.freeiconspng.com/img/1934,2026-10-09T00:00:00Z,No,1.4,7.5,Guardians @ Orioles,2026-09-08T22:35:00Z,Tue 06:35pm,Oriole Park at Camden Yards,outdoor,,170,170,9/8/2026,0.3493,
2026-10-09T00:00:00Z,novig,2026-10-08T09:13:35Z,Chicago White Sox,Cleveland Guardians,batter_runs_scored,Miguel Vargas,0.5,133,,42.92,,,,0.56,0.5,42.75,63.63,40.13,59.87,,42.92,Over,0.51,0.01,41.16,Yes,-2.79,-2.79,Non-Standard,https://www.freeiconspng.com/img/1934,2026-10-09T00:00:00Z,No,1.4,7.5,Pirates @ White Sox,2026-09-08T23:40:00Z,Tue 07:40pm,Rate Field,outdoor,,133,133,9/8/2026,0.4013,
2026-10-09T00:00:00Z,novig,2026-10-08T09:13:35Z,Chicago White Sox,Cleveland Guardians,batter_runs_scored,Patrick Bailey,0.5,186,,34.97,,,,0.43,0.5,34.92,71.79,32.69,67.31,,34.97,Over,0.4,-0.1,35.01,No,-2.28,-2.28,Non-Standard,https://www.freeiconspng.com/img/1934,2026-10-09T00:00:00Z,No,1.4,7.5,Guardians @ Orioles,2026-09-08T22:35:00Z,Tue 06:35pm,Oriole Park at Camden Yards,outdoor,,186,186,9/8/2026,0.3269,
2026-10-09T00:00:00Z,novig,2026-10-08T09:13:35Z,Chicago White Sox,Cleveland Guardians,batter_runs_scored,Randal Grichuk,0.5,167,,37.45,,,,0.47,0.5,36.79,69.61,34.48,65.52,,37.45,Over,0.42,-0.08,36.18,No,-2.97,-2.97,Non-Standard,https://www.freeiconspng.com/img/1934,2026-10-09T00:00:00Z,No,1.4,7.5,,,,,,,167,167,,0.3448,
2026-10-09T00:00:00Z,novig,2026-10-08T09:13:35Z,Chicago White Sox,Cleveland Guardians,batter_runs_scored,Angel Martinez,0.5,186,,34.97,,,,0.43,0.5,35.92,70.66,33.71,66.29,,34.97,Over,0.41,-0.09,35.6,No,-1.26,-1.26,Non-Standard,https://www.freeiconspng.com/img/1934,2026-10-09T00:00:00Z,No,1.4,7.5,,,,,,,186,186,,0.3371,
2026-10-09T00:00:00Z,novig,2026-10-08T09:13:35Z,Chicago White Sox,Cleveland Guardians,batter_runs_scored,Munetaka Murakami,0.5,138,,42.02,,,,0.54,0.5,42.25,64.46,39.52,60.48,,42.02,Over,0.5,0,40.63,No,-2.50,-2.5,Non-Standard,https://www.freeiconspng.com/img/1934,2026-10-09T00:00:00Z,No,1.4,7.5,Pirates @ White Sox,2026-09-08T23:40:00Z,Tue 07:40pm,Rate Field,outdoor,,138,138,9/8/2026,0.3952,
2026-10-09T00:00:00Z,novig,2026-10-08T09:13:35Z,Chicago White Sox,Cleveland Guardians,batter_runs_scored,Steven Kwan,0.5,117,,46.08,,,,0.62,0.5,44.86,61.6,42.09,57.91,,46.08,Over,0.55,0.05,43.23,Yes,-3.99,-3.99,Non-Standard,https://www.freeiconspng.com/img/1934,2026-10-09T00:00:00Z,No,1.4,7.5,Guardians @ Orioles,2026-09-08T22:35:00Z,Tue 06:35pm,Oriole Park at Camden Yards,outdoor,,117,117,9/8/2026,0.4209,
2026-10-09T00:00:00Z,novig,2026-10-08T09:13:35Z,Chicago White Sox,Cleveland Guardians,batter_runs_scored,Jo Adell,0.5,135,,42.55,,,,0.55,0.5,42.59,64.19,39.87,60.13,,42.55,Over,0.51,0.01,41.16,Yes,-2.68,-2.68,Non-Standard,https://www.freeiconspng.com/img/1934,2026-10-09T00:00:00Z,No,1.4,7.5,Guardians @ Orioles,2026-09-08T22:35:00Z,Tue 06:35pm,Oriole Park at Camden Yards,outdoor,,135,135,9/8/2026,0.3987,
2026-10-09T00:00:00Z,novig,2026-10-08T09:13:35Z,Chicago White Sox,Cleveland Guardians,batter_runs_scored,Brayan Rocchio,0.5,182,,35.46,,,,0.44,0.5,36.25,70.39,33.98,66.02,,35.46,Over,0.42,-0.08,36.18,No,-1.48,-1.48,Non-Standard,https://www.freeiconspng.com/img/1934,2026-10-09T00:00:00Z,No,1.4,7.5,Guardians @ Orioles,2026-09-08T22:35:00Z,Tue 06:35pm,Oriole Park at Camden Yards,outdoor,,182,182,9/8/2026,0.3398,
2026-10-09T00:00:00Z,novig,2026-10-08T09:13:35Z,Chicago White Sox,Cleveland Guardians,batter_runs_scored,Colson Montgomery,0.5,182,,35.46,,,,0.44,0.5,34.91,71.42,32.73,67.27,,35.46,Over,0.4,-0.1,35.01,No,-2.73,-2.73,Non-Standard,https://www.freeiconspng.com/img/1934,,No,1.4,7.5,Pirates @ White Sox,2026-09-08T23:40:00Z,Tue 07:40pm,Rate Field,outdoor,,182,182,9/8/2026,0.3273,
2026-10-09T00:00:00Z,novig,2026-10-08T09:13:35Z,Chicago White Sox,Cleveland Guardians,batter_runs_scored,Braden Montgomery,0.5,213,,31.95,,,,0.38,0.5,31.88,74.68,29.86,70.14,,31.95,Over,0.35,-0.15,31.99,No,-2.09,-2.09,Non-Standard,https://www.freeiconspng.com/img/1934,2026-10-09T00:00:00Z,No,1.4,7.5,Pirates @ White Sox,2026-09-08T23:40:00Z,Tue 07:40pm,Rate Field,outdoor,,213,213,9/8/2026,0.2986,
2026-10-09T00:00:00Z,novig,2026-10-08T09:13:35Z,Chicago White Sox,Cleveland Guardians,batter_runs_scored,Jose Ramirez,0.5,113,,46.95,,,,0.63,0.5,47.53,59.14,44.56,55.44,,46.95,Over,0.59,0.09,45.22,Yes,-2.39,-2.39,Non-Standard,https://www.freeiconspng.com/img/1934,2026-10-09T00:00:00Z,No,1.4,7.5,,,,,,,113,113,,0.4456,
2026-10-09T00:00:00Z,novig,2026-10-08T09:13:35Z,Chicago White Sox,Cleveland Guardians,batter_runs_scored,Travis Bazzana,0.5,174,,36.5,,,,0.45,0.5,36.61,69.92,34.37,65.63,,36.5,Over,0.42,-0.08,36.18,No,-2.13,-2.13,Non-Standard,https://www.freeiconspng.com/img/1934,2026-10-09T00:00:00Z,No,1.4,7.5,Guardians @ Orioles,2026-09-08T22:35:00Z,Tue 06:35pm,Oriole Park at Camden Yards,outdoor,,174,174,9/8/2026,0.3437,
2026-10-09T00:00:00Z,novig,2026-10-08T09:13:35Z,Chicago White Sox,Cleveland Guardians,batter_stolen_bases,Jose Ramirez,0.5,326,,23.47,,,,0.27,0.5,23.26,83.65,21.77,78.23,,23.47,Over,0.25,-0.25,25.47,No,-1.70,-1.7,Non-Standard,https://www.freeiconspng.com/img/1934,2026-10-09T00:00:00Z,No,1.4,7.5,,,,,,,326,326,,0.2177,
2026-10-09T00:00:00Z,novig,2026-10-08T09:13:35Z,Chicago White Sox,Cleveland Guardians,batter_stolen_bases,Brenton Doyle,0.5,733,,12,,,,0.13,0.5,11.41,94.42,10.73,89.27,,12,Over,0.11,-0.39,15.17,No,-1.27,-1.27,Non-Standard,https://www.freeiconspng.com/img/1934,2026-10-09T00:00:00Z,No,1.4,7.5,,,,,,,733,733,,0.1073,
2026-10-09T00:00:00Z,novig,2026-10-08T09:13:35Z,Chicago White Sox,Cleveland Guardians,batter_stolen_bases,Travis Bazzana,0.5,641,,13.5,,,,0.14,0.5,12.14,92.27,11.56,88.44,,13.5,Over,0.12,-0.38,15.95,No,-1.94,-1.94,Non-Standard,https://www.freeiconspng.com/img/1934,2026-10-09T00:00:00Z,No,1.4,7.5,Guardians @ Orioles,2026-09-08T22:35:00Z,Tue 06:35pm,Oriole Park at Camden Yards,outdoor,,641,641,9/8/2026,0.1156,
2026-10-09T00:00:00Z,novig,2026-10-08T09:13:35Z,Chicago White Sox,Cleveland Guardians,batter_stolen_bases,Angel Martinez,0.5,809,,11,,,,0.12,0.5,9.79,95.42,9.28,90.72,,11,Over,0.1,-0.4,14.37,No,-1.72,-1.72,Non-Standard,https://www.freeiconspng.com/img/1934,2026-10-09T00:00:00Z,No,1.4,7.5,,,,,,,809,809,,0.0928,
2026-10-09T00:00:00Z,novig,2026-10-08T09:13:35Z,Chicago White Sox,Cleveland Guardians,batter_stolen_bases,Brayan Rocchio,0.5,733,,12,,,,0.13,0.5,11.24,94.32,10.63,89.37,,12,Over,0.11,-0.39,15.17,No,-1.37,-1.37,Non-Standard,https://www.freeiconspng.com/img/1934,2026-10-09T00:00:00Z,No,1.4,7.5,Guardians @ Orioles,2026-09-08T22:35:00Z,Tue 06:35pm,Oriole Park at Camden Yards,outdoor,,733,733,9/8/2026,0.1063,
2026-10-09T00:00:00Z,novig,2026-10-08T09:13:35Z,Chicago White Sox,Cleveland Guardians,batter_stolen_bases,Miguel Vargas,0.5,900,,10,,,,0.11,0.5,10.17,95.31,9.61,90.39,,10,Over,0.1,-0.4,14.37,No,-0.39,-0.39,Non-Standard,https://www.freeiconspng.com/img/1934,2026-10-09T00:00:00Z,No,1.4,7.5,Pirates @ White Sox,2026-09-08T23:40:00Z,Tue 07:40pm,Rate Field,outdoor,,900,900,9/8/2026,0.0961,
2026-10-09T00:00:00Z,novig,2026-10-08T09:13:35Z,Chicago White Sox,Cleveland Guardians,batter_stolen_bases,Jo Adell,0.5,900,,10,,,,0.11,0.5,9.52,97.67,8.88,91.12,,10,Over,0.09,-0.41,13.57,No,-1.12,-1.12,Non-Standard,https://www.freeiconspng.com/img/1934,2026-10-09T00:00:00Z,No,1.4,7.5,Guardians @ Orioles,2026-09-08T22:35:00Z,Tue 06:35pm,Oriole Park at Camden Yards,outdoor,,900,900,9/8/2026,0.0888,
2026-10-09T00:00:00Z,novig,2026-10-08T09:13:35Z,Chicago White Sox,Cleveland Guardians,batter_stolen_bases,Chase DeLauter,0.5,852,,10.5,,,,0.11,0.5,9.43,95.58,8.94,91.06,,10.5,Over,0.09,-0.41,13.57,No,-1.56,-1.56,Non-Standard,https://www.freeiconspng.com/img/1934,2026-10-09T00:00:00Z,No,1.4,7.5,,,,,,,852,852,,0.0894,
2026-10-09T00:00:00Z,novig,2026-10-08T09:13:35Z,Chicago White Sox,Cleveland Guardians,batter_stolen_bases,Steven Kwan,0.5,590,,14.49,,,,0.16,0.5,11.77,93.82,11.07,88.93,,14.49,Over,0.12,-0.38,15.95,No,-3.42,-3.42,Non-Standard,https://www.freeiconspng.com/img/1934,2026-10-09T00:00:00Z,No,1.4,7.5,Guardians @ Orioles,2026-09-08T22:35:00Z,Tue 06:35pm,Oriole Park at Camden Yards,outdoor,,590,590,9/8/2026,0.1107,
2026-10-09T00:00:00Z,novig,2026-10-08T09:13:35Z,Chicago White Sox,Cleveland Guardians,batter_strikeouts,Travis Bazzana,1.5,223,,30.96,,,,1.12,,,,,,,30.96,Over,1.12,-0.38,33.13,No,,,Non-Standard,https://www.freeiconspng.com/img/1934,2026-10-09T00:00:00Z,No,1.4,7.5,Guardians @ Orioles,2026-09-08T22:35:00Z,Tue 06:35pm,Oriole Park at Camden Yards,outdoor,,223,,9/8/2026,0.9288,
2026-10-09T00:00:00Z,novig,2026-10-08T09:13:35Z,Chicago White Sox,Cleveland Guardians,batter_strikeouts,Chase DeLauter,1.5,239,,29.5,,,,1.08,,,,,,,29.5,Over,1.08,-0.42,31.84,No,,,Non-Standard,https://www.freeiconspng.com/img/1934,2026-10-09T00:00:00Z,No,1.4,7.5,,,,,,,239,,,0.885,
2026-10-09T00:00:00Z,novig,2026-10-08T09:13:35Z,Chicago White Sox,Cleveland Guardians,batter_strikeouts,Randal Grichuk,0.5,-223,,69.04,,,,1.17,,,,,,,69.04,Over,1.17,0.67,66.69,Yes,,,Non-Standard,https://www.freeiconspng.com/img/1934,2026-10-09T00:00:00Z,No,1.4,7.5,,,,,,,-223,,,0.6904,
2026-10-09T00:00:00Z,novig,2026-10-08T09:13:35Z,Chicago White Sox,Cleveland Guardians,batter_strikeouts,Braden Montgomery,0.5,-308,,75.49,,,,1.41,,,,,,,75.49,Over,1.41,0.91,72.52,Yes,,,Non-Standard,https://www.freeiconspng.com/img/1934,2026-10-09T00:00:00Z,No,1.4,7.5,Pirates @ White Sox,2026-09-08T23:40:00Z,Tue 07:40pm,Rate Field,outdoor,,-308,,9/8/2026,0.7549,
2026-10-09T00:00:00Z,novig,2026-10-08T09:13:35Z,Chicago White Sox,Cleveland Guardians,batter_strikeouts,Brayan Rocchio,0.5,-178,,64.03,,,,1.02,,,,,,,64.03,Over,1.02,0.52,62.27,Yes,,,Non-Standard,https://www.freeiconspng.com/img/1934,2026-10-09T00:00:00Z,No,1.4,7.5,Guardians @ Orioles,2026-09-08T22:35:00Z,Tue 06:35pm,Oriole Park at Camden Yards,outdoor,,-178,,9/8/2026,0.6403,
2026-10-09T00:00:00Z,novig,2026-10-08T09:13:35Z,Chicago White Sox,Cleveland Guardians,batter_strikeouts,Tommy Pham,0.5,-208,,67.53,,,,1.12,,,,,,,67.53,Over,1.12,0.62,65.29,Yes,,,Non-Standard,https://www.freeiconspng.com/img/1934,,No,1.4,7.5,,,,,,,-208,,,0.6753,
2026-10-09T00:00:00Z,novig,2026-10-08T09:13:35Z,Chicago White Sox,Cleveland Guardians,batter_strikeouts,Steven Kwan,0.5,-125,,55.56,,,,0.81,,,,,,,55.56,Over,0.81,0.31,54.85,Yes,,,Non-Standard,https://www.freeiconspng.com/img/1934,2026-10-09T00:00:00Z,No,1.4,7.5,Guardians @ Orioles,2026-09-08T22:35:00Z,Tue 06:35pm,Oriole Park at Camden Yards,outdoor,,-125,,9/8/2026,0.5556,
2026-10-09T00:00:00Z,novig,2026-10-08T09:13:35Z,Chicago White Sox,Cleveland Guardians,batter_strikeouts,Angel Martinez,1.5,203,,33,,,,1.18,,,,,,,33,Over,1.18,-0.32,35.05,No,,,Non-Standard,https://www.freeiconspng.com/img/1934,2026-10-09T00:00:00Z,No,1.4,7.5,,,,,,,203,,,0.99,
2026-10-09T00:00:00Z,novig,2026-10-08T09:13:35Z,Chicago White Sox,Cleveland Guardians,batter_strikeouts,Chase Meidroth,1.5,178,,35.97,,,,1.26,,,,,,,35.97,Over,1.26,-0.24,37.59,No,,,Non-Standard,https://www.freeiconspng.com/img/1934,2026-10-09T00:00:00Z,No,1.4,7.5,Pirates @ White Sox,2026-09-08T23:40:00Z,Tue 07:40pm,Rate Field,outdoor,,178,,9/8/2026,1.0791,
2026-10-09T00:00:00Z,novig,2026-10-08T09:13:35Z,Chicago White Sox,Cleveland Guardians,batter_strikeouts,Brenton Doyle,0.5,-264,,72.53,,,,1.29,,,,,,,72.53,Over,1.29,0.79,69.78,Yes,,,Non-Standard,https://www.freeiconspng.com/img/1934,2026-10-09T00:00:00Z,No,1.4,7.5,,,,,,,-264,,,0.7253,
2026-10-09T00:00:00Z,novig,2026-10-08T09:13:35Z,Chicago White Sox,Cleveland Guardians,batter_strikeouts,Nathaniel Lowe,1.5,163,,38.02,,,,1.32,,,,,,,38.02,Over,1.32,-0.18,39.46,No,,,Non-Standard,https://www.freeiconspng.com/img/1934,2026-10-09T00:00:00Z,No,1.4,7.5,Guardians @ Orioles,2026-09-08T22:35:00Z,Tue 06:35pm,Oriole Park at Camden Yards,outdoor,,163,,9/8/2026,1.1406,
2026-10-09T00:00:00Z,novig,2026-10-08T09:13:35Z,Chicago White Sox,Cleveland Guardians,batter_strikeouts,Chase DeLauter,0.5,-251,,71.51,,,,1.26,,,,,,,71.51,Over,1.26,0.76,69.04,Yes,,,Non-Standard,https://www.freeiconspng.com/img/1934,2026-10-09T00:00:00Z,No,1.4,7.5,,,,,,,-251,,,0.7151,
2026-10-09T00:00:00Z,novig,2026-10-08T09:13:35Z,Chicago White Sox,Cleveland Guardians,batter_strikeouts,Jose Ramirez,0.5,-178,,64.03,,,,1.02,,,,,,,64.03,Over,1.02,0.52,62.27,Yes,,,Non-Standard,https://www.freeiconspng.com/img/1934,2026-10-09T00:00:00Z,No,1.4,7.5,,,,,,,-178,,,0.6403,
2026-10-09T00:00:00Z,novig,2026-10-08T09:13:35Z,Chicago White Sox,Cleveland Guardians,batter_strikeouts,Kyle Teel,1.5,125,,44.44,,,,1.51,,,,,,,44.44,Over,1.51,0.01,45.21,Yes,,,Non-Standard,https://www.freeiconspng.com/img/1934,2026-10-09T00:00:00Z,No,1.4,7.5,Pirates @ White Sox,2026-09-08T23:40:00Z,Tue 07:40pm,Rate Field,outdoor,,125,,9/8/2026,1.3332,
2026-10-09T00:00:00Z,novig,2026-10-08T09:13:35Z,Chicago White Sox,Cleveland Guardians,batter_strikeouts,Colson Montgomery,1.5,122,,45.05,,,,1.52,,,,,,,45.05,Over,1.52,0.02,45.5,Yes,,,Non-Standard,https://www.freeiconspng.com/img/1934,,No,1.4,7.5,Pirates @ White Sox,2026-09-08T23:40:00Z,Tue 07:40pm,Rate Field,outdoor,,122,,9/8/2026,1.3515,
2026-10-09T00:00:00Z,novig,2026-10-08T09:13:35Z,Chicago White Sox,Cleveland Guardians,batter_strikeouts,Travis Bazzana,0.5,-292,,74.49,,,,1.37,,,,,,,74.49,Over,1.37,0.87,71.64,Yes,,,Non-Standard,https://www.freeiconspng.com/img/1934,2026-10-09T00:00:00Z,No,1.4,7.5,Guardians @ Orioles,2026-09-08T22:35:00Z,Tue 06:35pm,Oriole Park at Camden Yards,outdoor,,-292,,9/8/2026,0.7449,
2026-10-09T00:00:00Z,novig,2026-10-08T09:13:35Z,Chicago White Sox,Cleveland Guardians,batter_strikeouts,Jo Adell,1.5,160,,38.46,,,,1.33,,,,,,,38.46,Over,1.33,-0.17,39.77,No,,,Non-Standard,https://www.freeiconspng.com/img/1934,2026-10-09T00:00:00Z,No,1.4,7.5,Guardians @ Orioles,2026-09-08T22:35:00Z,Tue 06:35pm,Oriole Park at Camden Yards,outdoor,,160,,9/8/2026,1.1538,
2026-10-09T00:00:00Z,novig,2026-10-08T09:13:35Z,Chicago White Sox,Cleveland Guardians,batter_strikeouts,Munetaka Murakami,1.5,-117,,53.92,,,,1.81,,,,,,,53.92,Over,1.81,0.31,53.53,Yes,,,Non-Standard,https://www.freeiconspng.com/img/1934,2026-10-09T00:00:00Z,No,1.4,7.5,Pirates @ White Sox,2026-09-08T23:40:00Z,Tue 07:40pm,Rate Field,outdoor,,-117,,9/8/2026,1.6176,
2026-10-09T00:00:00Z,novig,2026-10-08T09:13:35Z,Chicago White Sox,Cleveland Guardians,batter_strikeouts,Patrick Bailey,1.5,163,,38.02,,,,1.32,,,,,,,38.02,Over,1.32,-0.18,39.46,No,,,Non-Standard,https://www.freeiconspng.com/img/1934,2026-10-09T00:00:00Z,No,1.4,7.5,Guardians @ Orioles,2026-09-08T22:35:00Z,Tue 06:35pm,Oriole Park at Camden Yards,outdoor,,163,,9/8/2026,1.1406,
2026-10-09T00:00:00Z,novig,2026-10-08T09:13:35Z,Chicago White Sox,Cleveland Guardians,batter_strikeouts,Miguel Vargas,0.5,-355,,78.02,,,,1.51,,,,,,,78.02,Over,1.51,1.01,74.56,Yes,,,Non-Standard,https://www.freeiconspng.com/img/1934,2026-10-09T00:00:00Z,No,1.4,7.5,Pirates @ White Sox,2026-09-08T23:40:00Z,Tue 07:40pm,Rate Field,outdoor,,-355,,9/8/2026,0.7802,
2026-10-09T00:00:00Z,novig,2026-10-08T09:13:35Z,Chicago White Sox,Cleveland Guardians,batter_strikeouts,Miguel Vargas,1.5,178,,35.97,,,,1.26,,,,,,,35.97,Over,1.26,-0.24,37.59,No,,,Non-Standard,https://www.freeiconspng.com/img/1934,2026-10-09T00:00:00Z,No,1.4,7.5,Pirates @ White Sox,2026-09-08T23:40:00Z,Tue 07:40pm,Rate Field,outdoor,,178,,9/8/2026,1.0791,
2026-10-09T00:00:00Z,novig,2026-10-08T09:13:35Z,Chicago White Sox,Cleveland Guardians,batter_strikeouts,Braden Montgomery,1.5,217,,31.55,,,,1.14,,,,,,,31.55,Over,1.14,-0.36,33.77,No,,,Non-Standard,https://www.freeiconspng.com/img/1934,2026-10-09T00:00:00Z,No,1.4,7.5,Pirates @ White Sox,2026-09-08T23:40:00Z,Tue 07:40pm,Rate Field,outdoor,,217,,9/8/2026,0.9465,
2026-10-09T00:00:00Z,novig,2026-10-08T09:13:35Z,Chicago White Sox,Cleveland Guardians,batter_strikeouts,Angel Martinez,0.5,-308,,75.49,,,,1.41,,,,,,,75.49,Over,1.41,0.91,72.52,Yes,,,Non-Standard,https://www.freeiconspng.com/img/1934,2026-10-09T00:00:00Z,No,1.4,7.5,,,,,,,-308,,,0.7549,
2026-10-09T00:00:00Z,novig,2026-10-08T09:13:35Z,Chicago White Sox,Cleveland Guardians,batter_total_bases,Steven Kwan,1.5,156,-233,39.06,69.97,35.83,64.17,1.26,1.5,40.32,67.47,37.41,62.59,-7.38,62.59,Under,1.3,-0.2,61.16,Yes,-1.58,-1.58,Standard,https://www.freeiconspng.com/img/1934,2026-10-09T00:00:00Z,No,1.4,7.5,Guardians @ Orioles,2026-09-08T22:35:00Z,Tue 06:35pm,Oriole Park at Camden Yards,outdoor,,-167,-167,9/8/2026,1.1223,
2026-10-09T00:00:00Z,novig,2026-10-08T09:13:35Z,Chicago White Sox,Cleveland Guardians,batter_total_bases,Brenton Doyle,1.5,223,,30.96,,,,1.12,1.5,29.41,77.78,27.44,72.56,,30.96,Over,1.03,-0.47,30.22,No,-3.52,-3.52,Non-Standard,https://www.freeiconspng.com/img/1934,2026-10-09T00:00:00Z,No,1.4,7.5,,,,,,,223,223,,0.8232,
2026-10-09T00:00:00Z,novig,2026-10-08T09:13:35Z,Chicago White Sox,Cleveland Guardians,batter_total_bases,Angel Martinez,1.5,174,,36.5,,,,1.28,1.5,35.71,72.22,33.09,66.91,,36.5,Over,1.18,-0.32,35.05,No,-3.41,-3.41,Non-Standard,https://www.freeiconspng.com/img/1934,2026-10-09T00:00:00Z,No,1.4,7.5,,,,,,,174,174,,0.9927,
2026-10-09T00:00:00Z,novig,2026-10-08T09:13:35Z,Chicago White Sox,Cleveland Guardians,batter_total_bases,Munetaka Murakami,1.5,167,,37.45,,,,1.3,1.5,36.7,71.1,34.04,65.96,,37.45,Over,1.21,-0.29,36.01,No,-3.41,-3.41,Non-Standard,https://www.freeiconspng.com/img/1934,2026-10-09T00:00:00Z,No,1.4,7.5,Pirates @ White Sox,2026-09-08T23:40:00Z,Tue 07:40pm,Rate Field,outdoor,,167,167,9/8/2026,1.0212,
2026-10-09T00:00:00Z,novig,2026-10-08T09:13:35Z,Chicago White Sox,Cleveland Guardians,batter_total_bases,Tommy Pham,1.5,251,,28.49,,,,1.06,1.5,27.78,80,25.77,74.23,,28.49,Over,0.98,-0.52,28.61,No,-2.72,-2.72,Non-Standard,https://www.freeiconspng.com/img/1934,,No,1.4,7.5,,,,,,,251,251,,0.7731,
2026-10-09T00:00:00Z,novig,2026-10-08T09:13:35Z,Chicago White Sox,Cleveland Guardians,batter_total_bases,Chase DeLauter,1.5,153,-174,39.53,63.5,38.36,61.64,1.33,1.5,41,65.27,38.58,61.42,-2.08,61.42,Under,1.34,-0.16,59.92,Yes,-0.22,-0.22,Standard,https://www.freeiconspng.com/img/1934,2026-10-09T00:00:00Z,No,1.4,7.5,,,,,,,-159,-159,,1.1574,
2026-10-09T00:00:00Z,novig,2026-10-08T09:13:35Z,Chicago White Sox,Cleveland Guardians,batter_total_bases,Miguel Vargas,1.5,138,,42.02,,,,1.43,1.5,42.17,65.22,39.27,60.73,,42.02,Over,1.36,-0.14,40.7,No,-2.75,-2.75,Non-Standard,https://www.freeiconspng.com/img/1934,2026-10-09T00:00:00Z,No,1.4,7.5,Pirates @ White Sox,2026-09-08T23:40:00Z,Tue 07:40pm,Rate Field,outdoor,,138,138,9/8/2026,1.1781,
2026-10-09T00:00:00Z,novig,2026-10-08T09:13:35Z,Chicago White Sox,Cleveland Guardians,batter_total_bases,Jose Ramirez,1.5,130,-174,43.48,63.5,40.64,59.36,1.39,1.5,44.07,62.74,41.25,58.75,-4.75,58.75,Under,1.41,-0.09,57.78,Yes,-0.61,-0.61,Standard,https://www.freeiconspng.com/img/1934,2026-10-09T00:00:00Z,No,1.4,7.5,,,,,,,-142,-142,,1.2375,
2026-10-09T00:00:00Z,novig,2026-10-08T09:13:35Z,Chicago White Sox,Cleveland Guardians,batter_total_bases,Kyle Teel,1.5,223,,30.96,,,,1.12,1.5,28.57,78.95,26.57,73.43,,30.96,Over,1,-0.5,29.25,No,-4.39,-4.39,Non-Standard,https://www.freeiconspng.com/img/1934,2026-10-09T00:00:00Z,No,1.4,7.5,Pirates @ White Sox,2026-09-08T23:40:00Z,Tue 07:40pm,Rate Field,outdoor,,223,223,9/8/2026,0.7971,
2026-10-09T00:00:00Z,novig,2026-10-08T09:13:35Z,Chicago White Sox,Cleveland Guardians,batter_total_bases,Nathaniel Lowe,1.5,178,,35.97,,,,1.26,1.5,35.09,73.33,32.36,67.64,,35.97,Over,1.16,-0.34,34.41,No,-3.61,-3.61,Non-Standard,https://www.freeiconspng.com/img/1934,2026-10-09T00:00:00Z,No,1.4,7.5,Guardians @ Orioles,2026-09-08T22:35:00Z,Tue 06:35pm,Oriole Park at Camden Yards,outdoor,,178,178,9/8/2026,0.9708,
2026-10-09T00:00:00Z,novig,2026-10-08T09:13:35Z,Chicago White Sox,Cleveland Guardians,batter_total_bases,Randal Grichuk,1.5,170,,37.04,,,,1.29,1.5,37.17,70.62,34.48,65.52,,37.04,Over,1.22,-0.28,36.32,No,-2.56,-2.56,Non-Standard,https://www.freeiconspng.com/img/1934,2026-10-09T00:00:00Z,No,1.4,7.5,,,,,,,170,170,,1.0344,
2026-10-09T00:00:00Z,novig,2026-10-08T09:13:35Z,Chicago White Sox,Cleveland Guardians,batter_total_bases,Travis Bazzana,1.5,203,,33,,,,1.18,1.5,32.26,75,30.08,69.92,,33,Over,1.1,-0.4,32.49,No,-2.92,-2.92,Non-Standard,https://www.freeiconspng.com/img/1934,2026-10-09T00:00:00Z,No,1.4,7.5,Guardians @ Orioles,2026-09-08T22:35:00Z,Tue 06:35pm,Oriole Park at Camden Yards,outdoor,,203,203,9/8/2026,0.9024,
2026-10-09T00:00:00Z,novig,2026-10-08T09:13:35Z,Chicago White Sox,Cleveland Guardians,batter_total_bases,Patrick Bailey,1.5,194,,34.01,,,,1.21,1.5,31.25,76.47,29.01,70.99,,34.01,Over,1.07,-0.43,31.52,No,-5.00,-5,Non-Standard,https://www.freeiconspng.com/img/1934,2026-10-09T00:00:00Z,No,1.4,7.5,Guardians @ Orioles,2026-09-08T22:35:00Z,Tue 06:35pm,Oriole Park at Camden Yards,outdoor,,194,194,9/8/2026,0.8703,
2026-10-09T00:00:00Z,novig,2026-10-08T09:13:35Z,Chicago White Sox,Cleveland Guardians,batter_total_bases,Colson Montgomery,1.5,203,,33,,,,1.18,,,,,,,33,Over,1.18,-0.32,35.05,No,,,Non-Standard,https://www.freeiconspng.com/img/1934,,No,1.4,7.5,Pirates @ White Sox,2026-09-08T23:40:00Z,Tue 07:40pm,Rate Field,outdoor,,203,,9/8/2026,0.99,
2026-10-09T00:00:00Z,novig,2026-10-08T09:13:35Z,Chicago White Sox,Cleveland Guardians,batter_total_bases,Jo Adell,1.5,153,-190,39.53,65.52,37.63,62.37,1.31,1.5,41.8,65.76,38.86,61.14,-4.38,61.14,Under,1.34,-0.16,59.92,Yes,-1.23,-1.23,Standard,https://www.freeiconspng.com/img/1934,2026-10-09T00:00:00Z,No,1.4,7.5,Guardians @ Orioles,2026-09-08T22:35:00Z,Tue 06:35pm,Oriole Park at Camden Yards,outdoor,,-157,-157,9/8/2026,1.1658,
2026-10-09T00:00:00Z,novig,2026-10-08T09:13:35Z,Chicago White Sox,Cleveland Guardians,batter_total_bases,Braden Montgomery,1.5,203,,33,,,,1.18,1.5,31.25,76.47,29.01,70.99,,33,Over,1.07,-0.43,31.52,No,-3.99,-3.99,Non-Standard,https://www.freeiconspng.com/img/1934,2026-10-09T00:00:00Z,No,1.4,7.5,Pirates @ White Sox,2026-09-08T23:40:00Z,Tue 07:40pm,Rate Field,outdoor,,203,203,9/8/2026,0.8703,
2026-10-09T00:00:00Z,novig,2026-10-08T09:13:35Z,Chicago White Sox,Cleveland Guardians,batter_total_bases,Brayan Rocchio,1.5,203,,33,,,,1.18,1.5,33.33,75,30.77,69.23,,33,Over,1.12,-0.38,33.13,No,-2.23,-2.23,Non-Standard,https://www.freeiconspng.com/img/1934,2026-10-09T00:00:00Z,No,1.4,7.5,Guardians @ Orioles,2026-09-08T22:35:00Z,Tue 06:35pm,Oriole Park at Camden Yards,outdoor,,203,203,9/8/2026,0.9231,
2026-10-09T00:00:00Z,novig,2026-10-08T09:13:35Z,Chicago White Sox,Cleveland Guardians,batter_total_bases,Chase Meidroth,1.5,178,,35.97,,,,1.26,1.5,37.04,70.59,34.41,65.59,,35.97,Over,1.22,-0.28,36.32,No,-1.56,-1.56,Non-Standard,https://www.freeiconspng.com/img/1934,2026-10-09T00:00:00Z,No,1.4,7.5,Pirates @ White Sox,2026-09-08T23:40:00Z,Tue 07:40pm,Rate Field,outdoor,,178,178,9/8/2026,1.0323,
2026-10-09T00:00:00Z,novig,2026-10-08T09:13:35Z,Chicago White Sox,Cleveland Guardians,pitcher_earned_runs,Parker Messick,1.5,-122,,54.95,,,,1.64,1.5,53.5,53.25,50.13,49.87,,54.95,Over,1.5,0,50,No,-4.82,-4.82,Non-Standard,https://www.freeiconspng.com/img/1934,2026-10-09T00:00:00Z,No,1.4,7.5,,,,,,,-122,-122,,1.5039,
2026-10-09T00:00:00Z,novig,2026-10-08T09:13:35Z,Chicago White Sox,Cleveland Guardians,pitcher_hits_allowed,Parker Messick,3.5,-150,,60,,,,4.18,3.5,59.81,48.63,55.15,44.85,,60,Over,3.92,0.42,54.47,Yes,-4.85,-4.85,Non-Standard,https://www.freeiconspng.com/img/1934,2026-10-09T00:00:00Z,No,1.4,7.5,,,,,,,-150,-150,,3.8605,
2026-10-09T00:00:00Z,novig,2026-10-08T09:13:35Z,Chicago White Sox,Cleveland Guardians,pitcher_outs,Parker Messick,15.5,182,,35.46,,,,14.42,15.5,47.18,61.42,43.44,56.56,,35.46,Over,15.02,-0.48,44.22,No,7.98,7.98,Non-Standard,https://www.freeiconspng.com/img/1934,2026-10-09T00:00:00Z,No,1.4,7.5,,,,,,,182,182,,13.4664,
2026-10-09T00:00:00Z,novig,2026-10-08T09:13:35Z,Chicago White Sox,Cleveland Guardians,pitcher_outs,Parker Messick,14.5,-135,130,57.45,43.48,56.92,43.08,15.01,14.5,61.81,43.68,58.57,41.43,1.12,58.57,Over,15.13,0.63,57.57,Yes,1.65,1.65,Standard,https://www.freeiconspng.com/img/1934,2026-10-09T00:00:00Z,No,1.4,7.5,,,,,,,-141,-141,,16.9853,
2026-10-09T00:00:00Z,novig,2026-10-08T09:13:35Z,Chicago White Sox,Cleveland Guardians,pitcher_outs,Hagen Smith,6.5,111,-141,47.39,58.51,44.75,55.25,6.12,6.5,47.39,58.51,44.75,55.25,-3.26,55.25,Under,6.12,-0.38,54.59,Yes,0.00,0,Standard,https://www.freeiconspng.com/img/1934,2026-10-09T00:00:00Z,No,1.4,7.5,,,,,,,-123,-123,,5.8175,
2026-10-09T00:00:00Z,novig,2026-10-08T09:13:35Z,Chicago White Sox,Cleveland Guardians,pitcher_outs,Hagen Smith,5.5,-138,,57.98,,,,6.08,5.5,57.56,51.09,52.98,47.02,,57.98,Over,5.72,0.22,52.66,Yes,-5.00,-5,Non-Standard,https://www.freeiconspng.com/img/1934,2026-10-09T00:00:00Z,No,1.4,7.5,,,,,,,-138,-138,,5.8278,
2026-10-09T00:00:00Z,novig,2026-10-08T09:13:35Z,Chicago White Sox,Cleveland Guardians,pitcher_strikeouts,Hagen Smith,2.5,150,-239,40,70.5,36.2,63.8,2.14,2.5,42.52,65.74,39.3,60.7,-9.8,60.7,Under,2.26,-0.24,59.39,Yes,-3.10,-3.1,Standard,https://www.freeiconspng.com/img/1934,2026-10-09T00:00:00Z,No,1.4,7.5,,,,,,,-154,-154,,1.965,
2026-10-09T00:00:00Z,novig,2026-10-08T09:13:35Z,Chicago White Sox,Cleveland Guardians,pitcher_strikeouts,Hagen Smith,1.5,-194,,65.99,,,,2.26,1.5,65.41,43.65,59.99,40.01,,65.99,Over,2.02,0.52,58.75,Yes,-6.00,-6,Non-Standard,https://www.freeiconspng.com/img/1934,2026-10-09T00:00:00Z,No,1.4,7.5,,,,,,,-194,-194,,1.7997,
2026-10-09T00:00:00Z,novig,2026-10-08T09:13:35Z,Chicago White Sox,Cleveland Guardians,pitcher_strikeouts,Hagen Smith,3.5,344,,22.52,,,,2.42,,,,,,,22.52,Over,2.42,-1.08,25.84,No,,,Non-Standard,https://www.freeiconspng.com/img/1934,2026-10-09T00:00:00Z,No,1.4,7.5,,,,,,,344,,,1.5764,
2026-10-09T00:00:00Z,novig,2026-10-08T09:13:35Z,Chicago White Sox,Cleveland Guardians,pitcher_strikeouts,Parker Messick,5.5,-153,130,60.47,43.48,58.17,41.83,6.17,5.5,59.88,45.7,56.73,43.27,-3.74,56.73,Over,6.08,0.58,55.9,Yes,-1.44,-1.44,Standard,https://www.freeiconspng.com/img/1934,2026-10-09T00:00:00Z,No,1.4,7.5,,,,,,,-131,-131,,6.2403,
2026-10-09T00:00:00Z,novig,2026-10-08T09:13:35Z,Chicago White Sox,Cleveland Guardians,pitcher_strikeouts,Parker Messick,7.5,251,,28.49,,,,6.21,,,,,,,28.49,Over,6.21,-1.29,31.12,No,,,Non-Standard,https://www.freeiconspng.com/img/1934,2026-10-09T00:00:00Z,No,1.4,7.5,,,,,,,251,,,4.2735,
2026-10-09T00:00:00Z,novig,2026-10-08T09:13:35Z,Chicago White Sox,Cleveland Guardians,pitcher_strikeouts,Parker Messick,4.5,-376,,78.99,,,,6.62,,,,,,,78.99,Over,6.62,2.12,75.47,Yes,,,Non-Standard,https://www.freeiconspng.com/img/1934,2026-10-09T00:00:00Z,No,1.4,7.5,,,,,,,-376,,,7.1091,
2026-10-09T00:00:00Z,novig,2026-10-08T09:13:35Z,Chicago White Sox,Cleveland Guardians,pitcher_strikeouts,Parker Messick,6.5,150,-156,40,60.94,39.63,60.37,6.02,6.5,45.11,61.47,42.31,57.69,-3.25,57.69,Under,6.18,-0.32,56.81,Yes,-2.68,-2.68,Standard,https://www.freeiconspng.com/img/1934,2026-10-09T00:00:00Z,No,1.4,7.5,,,,,,,-136,-136,,5.5003,
2026-10-09T00:00:00Z,courtside,2026-10-08T09:13:44Z,Chicago White Sox,Cleveland Guardians,pitcher_record_a_win,Parker Messick,0.5,222,-319,31.06,76.13,28.97,71.03,0.2897,0.5,30.74,76.85,28.57,71.43,-4.7,71.43,Under,0.2857,-0.21,68.86,Yes,0.40,0.4,Standard,https://www.freeiconspng.com/img/1934,2026-10-09T00:00:00Z,No,1.4,7.5,,,,,,,-250,-250,,0.2857,
2026-10-09T00:00:00Z,sportsbet,2026-10-08T09:13:32Z,Chicago White Sox,Cleveland Guardians,pitcher_strikeouts,Parker Messick,6.5,129,-172,43.67,63.24,40.85,59.15,6.09,6.5,45.11,61.47,42.31,57.69,-5.55,57.69,Under,6.18,-0.32,56.81,Yes,-1.46,-1.46,Standard,https://www.freeiconspng.com/img/1934,2026-10-09T00:00:00Z,No,1.4,7.5,,,,,,,-136,-136,,5.5003,
2026-10-09T00:00:00Z,fanduel,2026-10-08T09:13:01Z,Chicago White Sox,Cleveland Guardians,batter_stolen_bases,Jose Ramirez,0.5,320,,23.81,,,,0.27,0.5,23.26,83.65,21.77,78.23,,23.81,Over,0.25,-0.25,25.47,No,-2.04,-2.04,Non-Standard,https://www.freeiconspng.com/img/1934,2026-10-09T00:00:00Z,No,1.4,7.5,,,,,,,320,320,,0.2177,https://www.nicepng.com/png/detail/51-519544_detroit-lions-fanduel-logo-png.png
2026-10-09T00:00:00Z,fanduel,2026-10-08T09:13:01Z,Chicago White Sox,Cleveland Guardians,batter_stolen_bases,Steven Kwan,0.5,550,,15.38,,,,0.17,0.5,11.77,93.82,11.07,88.93,,15.38,Over,0.12,-0.38,15.95,No,-4.31,-4.31,Non-Standard,https://www.freeiconspng.com/img/1934,2026-10-09T00:00:00Z,No,1.4,7.5,Guardians @ Orioles,2026-09-08T22:35:00Z,Tue 06:35pm,Oriole Park at Camden Yards,outdoor,,550,550,9/8/2026,0.1107,https://www.nicepng.com/png/detail/51-519544_detroit-lions-fanduel-logo-png.png
2026-10-09T00:00:00Z,fanduel,2026-10-08T09:13:01Z,Chicago White Sox,Cleveland Guardians,batter_stolen_bases,Travis Bazzana,0.5,580,,14.71,,,,0.16,0.5,12.14,92.27,11.56,88.44,,14.71,Over,0.12,-0.38,15.95,No,-3.15,-3.15,Non-Standard,https://www.freeiconspng.com/img/1934,2026-10-09T00:00:00Z,No,1.4,7.5,Guardians @ Orioles,2026-09-08T22:35:00Z,Tue 06:35pm,Oriole Park at Camden Yards,outdoor,,580,580,9/8/2026,0.1156,https://www.nicepng.com/png/detail/51-519544_detroit-lions-fanduel-logo-png.png
2026-10-09T00:00:00Z,fanduel,2026-10-08T09:13:01Z,Chicago White Sox,Cleveland Guardians,batter_stolen_bases,Brenton Doyle,0.5,750,,11.76,,,,0.13,0.5,11.41,94.42,10.73,89.27,,11.76,Over,0.11,-0.39,15.17,No,-1.03,-1.03,Non-Standard,https://www.freeiconspng.com/img/1934,2026-10-09T00:00:00Z,No,1.4,7.5,,,,,,,750,750,,0.1073,https://www.nicepng.com/png/detail/51-519544_detroit-lions-fanduel-logo-png.png
2026-10-09T00:00:00Z,fanduel,2026-10-08T09:13:01Z,Chicago White Sox,Cleveland Guardians,batter_stolen_bases,Brayan Rocchio,0.5,850,,10.53,,,,0.11,0.5,11.24,94.32,10.63,89.37,,10.53,Over,0.11,-0.39,15.17,No,0.10,0.1,Non-Standard,https://www.freeiconspng.com/img/1934,2026-10-09T00:00:00Z,No,1.4,7.5,Guardians @ Orioles,2026-09-08T22:35:00Z,Tue 06:35pm,Oriole Park at Camden Yards,outdoor,,850,850,9/8/2026,0.1063,https://www.nicepng.com/png/detail/51-519544_detroit-lions-fanduel-logo-png.png
2026-10-09T00:00:00Z,fanduel,2026-10-08T09:13:01Z,Chicago White Sox,Cleveland Guardians,batter_stolen_bases,Chase DeLauter,0.5,850,,10.53,,,,0.11,0.5,9.43,95.58,8.94,91.06,,10.53,Over,0.09,-0.41,13.57,No,-1.59,-1.59,Non-Standard,https://www.freeiconspng.com/img/1934,2026-10-09T00:00:00Z,No,1.4,7.5,,,,,,,850,850,,0.0894,https://www.nicepng.com/png/detail/51-519544_detroit-lions-fanduel-logo-png.png
2026-10-09T00:00:00Z,fanduel,2026-10-08T09:13:01Z,Chicago White Sox,Cleveland Guardians,batter_stolen_bases,Miguel Vargas,0.5,880,,10.2,,,,0.11,0.5,10.17,95.31,9.61,90.39,,10.2,Over,0.1,-0.4,14.37,No,-0.59,-0.59,Non-Standard,https://www.freeiconspng.com/img/1934,2026-10-09T00:00:00Z,No,1.4,7.5,Pirates @ White Sox,2026-09-08T23:40:00Z,Tue 07:40pm,Rate Field,outdoor,,880,880,9/8/2026,0.0961,https://www.nicepng.com/png/detail/51-519544_detroit-lions-fanduel-logo-png.png
2026-10-09T00:00:00Z,fanduel,2026-10-08T09:13:01Z,Chicago White Sox,Cleveland Guardians,batter_stolen_bases,Angel Martinez,0.5,920,,9.8,,,,0.1,0.5,9.79,95.42,9.28,90.72,,9.8,Over,0.1,-0.4,14.37,No,-0.52,-0.52,Non-Standard,https://www.freeiconspng.com/img/1934,2026-10-09T00:00:00Z,No,1.4,7.5,,,,,,,920,920,,0.0928,https://www.nicepng.com/png/detail/51-519544_detroit-lions-fanduel-logo-png.png
2026-10-09T00:00:00Z,fanduel,2026-10-08T09:13:01Z,Chicago White Sox,Cleveland Guardians,batter_stolen_bases,Jo Adell,0.5,920,,9.8,,,,0.1,0.5,9.52,97.67,8.88,91.12,,9.8,Over,0.09,-0.41,13.57,No,-0.92,-0.92,Non-Standard,https://www.freeiconspng.com/img/1934,2026-10-09T00:00:00Z,No,1.4,7.5,Guardians @ Orioles,2026-09-08T22:35:00Z,Tue 06:35pm,Oriole Park at Camden Yards,outdoor,,920,920,9/8/2026,0.0888,https://www.nicepng.com/png/detail/51-519544_detroit-lions-fanduel-logo-png.png
2026-10-09T00:00:00Z,fanduel,2026-10-08T09:13:01Z,Chicago White Sox,Cleveland Guardians,batter_stolen_bases,Braden Montgomery,0.5,1200,,7.69,,,,0.08,,,,,,,7.69,Over,0.08,-0.42,12.77,No,,,Non-Standard,https://www.freeiconspng.com/img/1934,2026-10-09T00:00:00Z,No,1.4,7.5,Pirates @ White Sox,2026-09-08T23:40:00Z,Tue 07:40pm,Rate Field,outdoor,,1200,,9/8/2026,0.0769,https://www.nicepng.com/png/detail/51-519544_detroit-lions-fanduel-logo-png.png
2026-10-09T00:00:00Z,fanduel,2026-10-08T09:13:01Z,Chicago White Sox,Cleveland Guardians,batter_stolen_bases,Chase Meidroth,0.5,1260,,7.35,,,,0.08,,,,,,,7.35,Over,0.08,-0.42,12.77,No,,,Non-Standard,https://www.freeiconspng.com/img/1934,2026-10-09T00:00:00Z,No,1.4,7.5,Pirates @ White Sox,2026-09-08T23:40:00Z,Tue 07:40pm,Rate Field,outdoor,,1261,,9/8/2026,0.0735,https://www.nicepng.com/png/detail/51-519544_detroit-lions-fanduel-logo-png.png
2026-10-09T00:00:00Z,fanduel,2026-10-08T09:13:01Z,Chicago White Sox,Cleveland Guardians,batter_stolen_bases,Munetaka Murakami,0.5,1280,,7.25,,,,0.08,,,,,,,7.25,Over,0.08,-0.42,12.77,No,,,Non-Standard,https://www.freeiconspng.com/img/1934,2026-10-09T00:00:00Z,No,1.4,7.5,Pirates @ White Sox,2026-09-08T23:40:00Z,Tue 07:40pm,Rate Field,outdoor,,1279,,9/8/2026,0.0725,https://www.nicepng.com/png/detail/51-519544_detroit-lions-fanduel-logo-png.png
2026-10-09T00:00:00Z,fanduel,2026-10-08T09:13:01Z,Chicago White Sox,Cleveland Guardians,batter_stolen_bases,Kyle Teel,0.5,1400,,6.67,,,,0.07,,,,,,,6.67,Over,0.07,-0.43,11.95,No,,,Non-Standard,https://www.freeiconspng.com/img/1934,2026-10-09T00:00:00Z,No,1.4,7.5,Pirates @ White Sox,2026-09-08T23:40:00Z,Tue 07:40pm,Rate Field,outdoor,,1399,,9/8/2026,0.0667,https://www.nicepng.com/png/detail/51-519544_detroit-lions-fanduel-logo-png.png
2026-10-09T00:00:00Z,fanduel,2026-10-08T09:13:01Z,Chicago White Sox,Cleveland Guardians,batter_stolen_bases,Randal Grichuk,0.5,1400,,6.67,,,,0.07,,,,,,,6.67,Over,0.07,-0.43,11.95,No,,,Non-Standard,https://www.freeiconspng.com/img/1934,2026-10-09T00:00:00Z,No,1.4,7.5,,,,,,,1399,,,0.0667,https://www.nicepng.com/png/detail/51-519544_detroit-lions-fanduel-logo-png.png
2026-10-09T00:00:00Z,fanduel,2026-10-08T09:13:01Z,Chicago White Sox,Cleveland Guardians,batter_stolen_bases,Tommy Pham,0.5,1500,,6.25,,,,0.06,,,,,,,6.25,Over,0.06,-0.44,11.12,No,,,Non-Standard,https://www.freeiconspng.com/img/1934,,No,1.4,7.5,,,,,,,1500,,,0.0625,https://www.nicepng.com/png/detail/51-519544_detroit-lions-fanduel-logo-png.png
2026-10-09T00:00:00Z,fanduel,2026-10-08T09:13:01Z,Chicago White Sox,Cleveland Guardians,batter_stolen_bases,Patrick Bailey,0.5,1700,,5.56,,,,0.06,,,,,,,5.56,Over,0.06,-0.44,11.12,No,,,Non-Standard,https://www.freeiconspng.com/img/1934,2026-10-09T00:00:00Z,No,1.4,7.5,Guardians @ Orioles,2026-09-08T22:35:00Z,Tue 06:35pm,Oriole Park at Camden Yards,outdoor,,1699,,9/8/2026,0.0556,https://www.nicepng.com/png/detail/51-519544_detroit-lions-fanduel-logo-png.png
2026-10-09T00:00:00Z,fanduel,2026-10-08T09:13:01Z,Chicago White Sox,Cleveland Guardians,batter_stolen_bases,Nathaniel Lowe,0.5,2000,,4.76,,,,0.05,,,,,,,4.76,Over,0.05,-0.45,10.29,No,,,Non-Standard,https://www.freeiconspng.com/img/1934,2026-10-09T00:00:00Z,No,1.4,7.5,Guardians @ Orioles,2026-09-08T22:35:00Z,Tue 06:35pm,Oriole Park at Camden Yards,outdoor,,2001,,9/8/2026,0.0476,https://www.nicepng.com/png/detail/51-519544_detroit-lions-fanduel-logo-png.png
2026-10-09T00:00:00Z,fanduel,2026-10-08T09:13:01Z,Chicago White Sox,Cleveland Guardians,batter_stolen_bases,Colson Montgomery,0.5,2200,,4.35,,,,0.04,,,,,,,4.35,Over,0.04,-0.46,10.29,No,,,Non-Standard,https://www.freeiconspng.com/img/1934,,No,1.4,7.5,Pirates @ White Sox,2026-09-08T23:40:00Z,Tue 07:40pm,Rate Field,outdoor,,2199,,9/8/2026,0.0435,https://www.nicepng.com/png/detail/51-519544_detroit-lions-fanduel-logo-png.png
2026-10-09T00:00:00Z,fanduel,2026-10-08T09:13:01Z,Chicago White Sox,Cleveland Guardians,pitcher_strikeouts,Parker Messick,6.5,132,-170,43.1,62.96,40.64,59.36,6.08,6.5,45.11,61.47,42.31,57.69,-5.27,57.69,Under,6.18,-0.32,56.81,Yes,-1.67,-1.67,Standard,https://www.freeiconspng.com/img/1934,2026-10-09T00:00:00Z,No,1.4,7.5,,,,,,,-136,-136,,5.5003,https://www.nicepng.com/png/detail/51-519544_detroit-lions-fanduel-logo-png.png
2026-10-09T00:00:00Z,ballybet,2026-10-08T09:12:40Z,Chicago White Sox,Cleveland Guardians,batter_hits,Miguel Vargas,0.5,-200,,66.67,,,,1.1,0.5,63.75,42.78,59.83,40.17,,66.67,Over,0.91,0.41,58.58,Yes,-6.84,-6.84,Non-Standard,https://www.freeiconspng.com/img/1934,2026-10-09T00:00:00Z,No,1.4,7.5,Pirates @ White Sox,2026-09-08T23:40:00Z,Tue 07:40pm,Rate Field,outdoor,,-200,-200,9/8/2026,0.5983,
2026-10-09T00:00:00Z,ballybet,2026-10-08T09:12:40Z,Chicago White Sox,Cleveland Guardians,batter_hits,Chase Meidroth,0.5,-205,,67.21,,,,1.12,0.5,66.43,40.49,62.15,37.85,,67.21,Over,0.97,0.47,60.64,Yes,-5.06,-5.06,Non-Standard,https://www.freeiconspng.com/img/1934,2026-10-09T00:00:00Z,No,1.4,7.5,Pirates @ White Sox,2026-09-08T23:40:00Z,Tue 07:40pm,Rate Field,outdoor,,-205,-205,9/8/2026,0.6215,
2026-10-09T00:00:00Z,ballybet,2026-10-08T09:12:40Z,Chicago White Sox,Cleveland Guardians,batter_hits,Travis Bazzana,0.5,-148,,59.68,,,,0.91,0.5,58.5,48.54,54.67,45.33,,59.68,Over,0.79,0.29,54.06,Yes,-5.01,-5.01,Non-Standard,https://www.freeiconspng.com/img/1934,2026-10-09T00:00:00Z,No,1.4,7.5,Guardians @ Orioles,2026-09-08T22:35:00Z,Tue 06:35pm,Oriole Park at Camden Yards,outdoor,,-148,-148,9/8/2026,0.5467,
2026-10-09T00:00:00Z,ballybet,2026-10-08T09:12:40Z,Chicago White Sox,Cleveland Guardians,batter_hits,Angel Martinez,0.5,-159,,61.39,,,,0.95,0.5,61.01,45.81,57.15,42.85,,61.39,Over,0.85,0.35,56.39,Yes,-4.24,-4.24,Non-Standard,https://www.freeiconspng.com/img/1934,2026-10-09T00:00:00Z,No,1.4,7.5,,,,,,,-159,-159,,0.5715,
2026-10-09T00:00:00Z,ballybet,2026-10-08T09:12:40Z,Chicago White Sox,Cleveland Guardians,batter_hits,Brenton Doyle,0.5,105,,48.78,,,,0.67,0.5,51.77,55.96,48.02,51.98,,48.78,Over,0.65,0.15,48.06,Yes,-0.76,-0.76,Non-Standard,https://www.freeiconspng.com/img/1934,2026-10-09T00:00:00Z,No,1.4,7.5,,,,,,,105,105,,0.4802,
2026-10-09T00:00:00Z,ballybet,2026-10-08T09:12:40Z,Chicago White Sox,Cleveland Guardians,batter_hits,Jo Adell,0.5,-200,,66.67,,,,1.1,0.5,64.55,42.21,60.45,39.55,,66.67,Over,0.93,0.43,59.28,Yes,-6.22,-6.22,Non-Standard,https://www.freeiconspng.com/img/1934,2026-10-09T00:00:00Z,No,1.4,7.5,Guardians @ Orioles,2026-09-08T22:35:00Z,Tue 06:35pm,Oriole Park at Camden Yards,outdoor,,-200,-200,9/8/2026,0.6045,
2026-10-09T00:00:00Z,ballybet,2026-10-08T09:12:40Z,Chicago White Sox,Cleveland Guardians,batter_hits,Nathaniel Lowe,0.5,-165,,62.26,,,,0.97,0.5,61.05,45.68,57.2,42.8,,62.26,Over,0.85,0.35,56.39,Yes,-5.06,-5.06,Non-Standard,https://www.freeiconspng.com/img/1934,2026-10-09T00:00:00Z,No,1.4,7.5,Guardians @ Orioles,2026-09-08T22:35:00Z,Tue 06:35pm,Oriole Park at Camden Yards,outdoor,,-165,-165,9/8/2026,0.572,
2026-10-09T00:00:00Z,ballybet,2026-10-08T09:12:40Z,Chicago White Sox,Cleveland Guardians,batter_hits,Randal Grichuk,0.5,-137,,57.81,,,,0.86,0.5,59.7,46.63,56.15,43.85,,57.81,Over,0.82,0.32,55.24,Yes,-1.66,-1.66,Non-Standard,https://www.freeiconspng.com/img/1934,2026-10-09T00:00:00Z,No,1.4,7.5,,,,,,,-137,-137,,0.5615,
2026-10-09T00:00:00Z,ballybet,2026-10-08T09:12:40Z,Chicago White Sox,Cleveland Guardians,batter_hits,Steven Kwan,0.5,-235,,70.15,,,,1.21,0.5,69.88,36.8,65.52,34.48,,70.15,Over,1.06,0.56,63.51,Yes,-4.63,-4.63,Non-Standard,https://www.freeiconspng.com/img/1934,2026-10-09T00:00:00Z,No,1.4,7.5,Guardians @ Orioles,2026-09-08T22:35:00Z,Tue 06:35pm,Oriole Park at Camden Yards,outdoor,,-235,-235,9/8/2026,0.6552,
2026-10-09T00:00:00Z,ballybet,2026-10-08T09:12:40Z,Chicago White Sox,Cleveland Guardians,batter_hits,Patrick Bailey,0.5,-134,,57.26,,,,0.85,0.5,56.59,50.14,53.02,46.98,,57.26,Over,0.76,0.26,52.85,Yes,-4.24,-4.24,Non-Standard,https://www.freeiconspng.com/img/1934,2026-10-09T00:00:00Z,No,1.4,7.5,Guardians @ Orioles,2026-09-08T22:35:00Z,Tue 06:35pm,Oriole Park at Camden Yards,outdoor,,-134,-134,9/8/2026,0.5302,
2026-10-09T00:00:00Z,ballybet,2026-10-08T09:12:40Z,Chicago White Sox,Cleveland Guardians,batter_hits,Kyle Teel,0.5,-132,,56.9,,,,0.84,0.5,54.77,53.78,50.45,49.55,,56.9,Over,0.7,0.2,50.3,Yes,-6.45,-6.45,Non-Standard,https://www.freeiconspng.com/img/1934,2026-10-09T00:00:00Z,No,1.4,7.5,Pirates @ White Sox,2026-09-08T23:40:00Z,Tue 07:40pm,Rate Field,outdoor,,-132,-132,9/8/2026,0.5045,
2026-10-09T00:00:00Z,ballybet,2026-10-08T09:12:40Z,Chicago White Sox,Cleveland Guardians,batter_hits,Braden Montgomery,0.5,-139,,58.16,,,,0.87,0.5,57.45,49.3,53.82,46.18,,58.16,Over,0.77,0.27,53.25,Yes,-4.34,-4.34,Non-Standard,https://www.freeiconspng.com/img/1934,2026-10-09T00:00:00Z,No,1.4,7.5,Pirates @ White Sox,2026-09-08T23:40:00Z,Tue 07:40pm,Rate Field,outdoor,,-139,-139,9/8/2026,0.5382,
2026-10-09T00:00:00Z,ballybet,2026-10-08T09:12:40Z,Chicago White Sox,Cleveland Guardians,batter_hits,Jose Ramirez,0.5,-245,,71.01,,,,1.24,0.5,69.01,37.25,64.96,35.04,,71.01,Over,1.05,0.55,63.21,Yes,-6.05,-6.05,Non-Standard,https://www.freeiconspng.com/img/1934,2026-10-09T00:00:00Z,No,1.4,7.5,,,,,,,-245,-245,,0.6496,
2026-10-09T00:00:00Z,ballybet,2026-10-08T09:12:40Z,Chicago White Sox,Cleveland Guardians,batter_hits,Tommy Pham,0.5,-106,,51.46,,,,0.72,0.5,50.25,56.47,47.12,52.88,,51.46,Over,0.64,0.14,47.6,Yes,-4.34,-4.34,Non-Standard,https://www.freeiconspng.com/img/1934,,No,1.4,7.5,,,,,,,-106,-106,,0.4712,
2026-10-09T00:00:00Z,ballybet,2026-10-08T09:12:40Z,Chicago White Sox,Cleveland Guardians,batter_hits,Chase DeLauter,0.5,-245,,71.01,,,,1.24,0.5,68.53,38.03,64.33,35.67,,71.01,Over,1.03,0.53,62.58,Yes,-6.68,-6.68,Non-Standard,https://www.freeiconspng.com/img/1934,2026-10-09T00:00:00Z,No,1.4,7.5,,,,,,,-245,-245,,0.6433,
2026-10-09T00:00:00Z,ballybet,2026-10-08T09:12:40Z,Chicago White Sox,Cleveland Guardians,batter_hits,Brayan Rocchio,0.5,-159,,61.39,,,,0.95,0.5,59.63,46.98,55.94,44.06,,61.39,Over,0.82,0.32,55.24,Yes,-5.45,-5.45,Non-Standard,https://www.freeiconspng.com/img/1934,2026-10-09T00:00:00Z,No,1.4,7.5,Guardians @ Orioles,2026-09-08T22:35:00Z,Tue 06:35pm,Oriole Park at Camden Yards,outdoor,,-159,-159,9/8/2026,0.5594,
2026-10-09T00:00:00Z,ballybet,2026-10-08T09:12:40Z,Chicago White Sox,Cleveland Guardians,batter_hits,Munetaka Murakami,0.5,-148,,59.68,,,,0.91,0.5,56.45,49.64,53.19,46.81,,59.68,Over,0.76,0.26,52.85,Yes,-6.49,-6.49,Non-Standard,https://www.freeiconspng.com/img/1934,2026-10-09T00:00:00Z,No,1.4,7.5,Pirates @ White Sox,2026-09-08T23:40:00Z,Tue 07:40pm,Rate Field,outdoor,,-148,-148,9/8/2026,0.5319,
2026-10-09T00:00:00Z,ballybet,2026-10-08T09:12:40Z,Chicago White Sox,Cleveland Guardians,batter_home_runs,Randal Grichuk,0.5,650,,13.33,,,,0.14,0.5,15.15,90.51,14.32,85.68,,13.33,Over,0.15,-0.35,18.26,No,0.99,0.99,Non-Standard,https://www.freeiconspng.com/img/1934,2026-10-09T00:00:00Z,No,1.4,7.5,,,,,,,650,650,,0.1432,
2026-10-09T00:00:00Z,ballybet,2026-10-08T09:12:40Z,Chicago White Sox,Cleveland Guardians,batter_home_runs,Angel Martinez,0.5,800,,11.11,,,,0.12,0.5,11.28,94.27,10.66,89.34,,11.11,Over,0.11,-0.39,15.17,No,-0.45,-0.45,Non-Standard,https://www.freeiconspng.com/img/1934,2026-10-09T00:00:00Z,No,1.4,7.5,,,,,,,800,800,,0.1066,
2026-10-09T00:00:00Z,ballybet,2026-10-08T09:12:40Z,Chicago White Sox,Cleveland Guardians,batter_home_runs,Kyle Teel,0.5,850,,10.53,,,,0.11,0.5,10.85,94.65,10.25,89.75,,10.53,Over,0.11,-0.39,15.17,No,-0.28,-0.28,Non-Standard,https://www.freeiconspng.com/img/1934,2026-10-09T00:00:00Z,No,1.4,7.5,Pirates @ White Sox,2026-09-08T23:40:00Z,Tue 07:40pm,Rate Field,outdoor,,850,850,9/8/2026,0.1025,
2026-10-09T00:00:00Z,ballybet,2026-10-08T09:12:40Z,Chicago White Sox,Cleveland Guardians,batter_home_runs,Munetaka Murakami,1.5,4000,,2.44,,,,0.24,,,,,,,2.44,Over,0.24,-1.26,8.16,No,,,Non-Standard,https://www.freeiconspng.com/img/1934,2026-10-09T00:00:00Z,No,1.4,7.5,Pirates @ White Sox,2026-09-08T23:40:00Z,Tue 07:40pm,Rate Field,outdoor,,3998,,9/8/2026,0.0732,
2026-10-09T00:00:00Z,ballybet,2026-10-08T09:12:40Z,Chicago White Sox,Cleveland Guardians,batter_home_runs,Brayan Rocchio,1.5,18000,,0.55,,,,0.11,,,,,,,0.55,Over,0.11,-1.39,7.76,No,,,Non-Standard,https://www.freeiconspng.com/img/1934,2026-10-09T00:00:00Z,No,1.4,7.5,Guardians @ Orioles,2026-09-08T22:35:00Z,Tue 06:35pm,Oriole Park at Camden Yards,outdoor,,18082,,9/8/2026,0.0165,
2026-10-09T00:00:00Z,ballybet,2026-10-08T09:12:40Z,Chicago White Sox,Cleveland Guardians,batter_home_runs,Nathaniel Lowe,1.5,12000,,0.83,,,,0.13,,,,,,,0.83,Over,0.13,-1.37,7.76,No,,,Non-Standard,https://www.freeiconspng.com/img/1934,2026-10-09T00:00:00Z,No,1.4,7.5,Guardians @ Orioles,2026-09-08T22:35:00Z,Tue 06:35pm,Oriole Park at Camden Yards,outdoor,,11948,,9/8/2026,0.0249,
2026-10-09T00:00:00Z,ballybet,2026-10-08T09:12:40Z,Chicago White Sox,Cleveland Guardians,batter_home_runs,Patrick Bailey,1.5,13000,,0.76,,,,0.13,,,,,,,0.76,Over,0.13,-1.37,7.76,No,,,Non-Standard,https://www.freeiconspng.com/img/1934,2026-10-09T00:00:00Z,No,1.4,7.5,Guardians @ Orioles,2026-09-08T22:35:00Z,Tue 06:35pm,Oriole Park at Camden Yards,outdoor,,13058,,9/8/2026,0.0228,
2026-10-09T00:00:00Z,ballybet,2026-10-08T09:12:40Z,Chicago White Sox,Cleveland Guardians,batter_home_runs,Travis Bazzana,0.5,900,,10,,,,0.11,0.5,10.35,95.25,9.78,90.22,,10,Over,0.1,-0.4,14.37,No,-0.22,-0.22,Non-Standard,https://www.freeiconspng.com/img/1934,2026-10-09T00:00:00Z,No,1.4,7.5,Guardians @ Orioles,2026-09-08T22:35:00Z,Tue 06:35pm,Oriole Park at Camden Yards,outdoor,,900,900,9/8/2026,0.0978,
2026-10-09T00:00:00Z,ballybet,2026-10-08T09:12:40Z,Chicago White Sox,Cleveland Guardians,batter_home_runs,Munetaka Murakami,0.5,450,,18.18,,,,0.2,0.5,19.91,85.95,18.81,81.19,,18.18,Over,0.21,-0.29,22.67,No,0.63,0.63,Non-Standard,https://www.freeiconspng.com/img/1934,2026-10-09T00:00:00Z,No,1.4,7.5,Pirates @ White Sox,2026-09-08T23:40:00Z,Tue 07:40pm,Rate Field,outdoor,,450,450,9/8/2026,0.1881,
2026-10-09T00:00:00Z,ballybet,2026-10-08T09:12:40Z,Chicago White Sox,Cleveland Guardians,batter_home_runs,Jo Adell,1.5,7000,,1.41,,,,0.18,,,,,,,1.41,Over,0.18,-1.32,7.76,No,,,Non-Standard,https://www.freeiconspng.com/img/1934,2026-10-09T00:00:00Z,No,1.4,7.5,Guardians @ Orioles,2026-09-08T22:35:00Z,Tue 06:35pm,Oriole Park at Camden Yards,outdoor,,6992,,9/8/2026,0.0423,
2026-10-09T00:00:00Z,ballybet,2026-10-08T09:12:40Z,Chicago White Sox,Cleveland Guardians,batter_home_runs,Brenton Doyle,0.5,850,,10.53,,,,0.11,0.5,12.23,94,11.46,88.54,,10.53,Over,0.12,-0.38,15.95,No,0.93,0.93,Non-Standard,https://www.freeiconspng.com/img/1934,2026-10-09T00:00:00Z,No,1.4,7.5,,,,,,,850,850,,0.1146,
2026-10-09T00:00:00Z,ballybet,2026-10-08T09:12:40Z,Chicago White Sox,Cleveland Guardians,batter_home_runs,Brayan Rocchio,0.5,900,,10,,,,0.11,0.5,9.39,96.37,8.84,91.16,,10,Over,0.09,-0.41,13.57,No,-1.16,-1.16,Non-Standard,https://www.freeiconspng.com/img/1934,2026-10-09T00:00:00Z,No,1.4,7.5,Guardians @ Orioles,2026-09-08T22:35:00Z,Tue 06:35pm,Oriole Park at Camden Yards,outdoor,,900,900,9/8/2026,0.0884,
2026-10-09T00:00:00Z,ballybet,2026-10-08T09:12:40Z,Chicago White Sox,Cleveland Guardians,batter_home_runs,Chase DeLauter,1.5,9000,,1.1,,,,0.16,,,,,,,1.1,Over,0.16,-1.34,7.76,No,,,Non-Standard,https://www.freeiconspng.com/img/1934,2026-10-09T00:00:00Z,No,1.4,7.5,,,,,,,8991,,,0.033,
2026-10-09T00:00:00Z,ballybet,2026-10-08T09:12:40Z,Chicago White Sox,Cleveland Guardians,batter_home_runs,Chase DeLauter,0.5,650,,13.33,,,,0.14,0.5,13.36,93.16,12.53,87.47,,13.33,Over,0.13,-0.37,16.73,No,-0.80,-0.8,Non-Standard,https://www.freeiconspng.com/img/1934,2026-10-09T00:00:00Z,No,1.4,7.5,,,,,,,650,650,,0.1253,
2026-10-09T00:00:00Z,ballybet,2026-10-08T09:12:40Z,Chicago White Sox,Cleveland Guardians,batter_home_runs,Steven Kwan,0.5,1900,,5,,,,0.05,0.5,6.41,96.97,6.17,93.83,,5,Over,0.06,-0.44,11.12,No,1.17,1.17,Non-Standard,https://www.freeiconspng.com/img/1934,2026-10-09T00:00:00Z,No,1.4,7.5,Guardians @ Orioles,2026-09-08T22:35:00Z,Tue 06:35pm,Oriole Park at Camden Yards,outdoor,,1900,1900,9/8/2026,0.0617,
2026-10-09T00:00:00Z,ballybet,2026-10-08T09:12:40Z,Chicago White Sox,Cleveland Guardians,batter_home_runs,Braden Montgomery,0.5,1400,,6.67,,,,0.07,0.5,9.3,95.4,8.85,91.15,,6.67,Over,0.09,-0.41,13.57,No,2.18,2.18,Non-Standard,https://www.freeiconspng.com/img/1934,2026-10-09T00:00:00Z,No,1.4,7.5,Pirates @ White Sox,2026-09-08T23:40:00Z,Tue 07:40pm,Rate Field,outdoor,,1399,1399,9/8/2026,0.0885,
2026-10-09T00:00:00Z,ballybet,2026-10-08T09:12:40Z,Chicago White Sox,Cleveland Guardians,batter_home_runs,Braden Montgomery,1.5,40000,,0.25,,,,0.07,,,,,,,0.25,Over,0.07,-1.43,7.76,No,,,Non-Standard,https://www.freeiconspng.com/img/1934,2026-10-09T00:00:00Z,No,1.4,7.5,Pirates @ White Sox,2026-09-08T23:40:00Z,Tue 07:40pm,Rate Field,outdoor,,39900,,9/8/2026,0.0075,
2026-10-09T00:00:00Z,ballybet,2026-10-08T09:12:40Z,Chicago White Sox,Cleveland Guardians,batter_home_runs,Jose Ramirez,1.5,7000,,1.41,,,,0.18,,,,,,,1.41,Over,0.18,-1.32,7.76,No,,,Non-Standard,https://www.freeiconspng.com/img/1934,2026-10-09T00:00:00Z,No,1.4,7.5,,,,,,,6992,,,0.0423,
2026-10-09T00:00:00Z,ballybet,2026-10-08T09:12:40Z,Chicago White Sox,Cleveland Guardians,batter_home_runs,Miguel Vargas,1.5,5500,,1.79,,,,0.2,,,,,,,1.79,Over,0.2,-1.3,7.76,No,,,Non-Standard,https://www.freeiconspng.com/img/1934,2026-10-09T00:00:00Z,No,1.4,7.5,Pirates @ White Sox,2026-09-08T23:40:00Z,Tue 07:40pm,Rate Field,outdoor,,5487,,9/8/2026,0.0537,
2026-10-09T00:00:00Z,ballybet,2026-10-08T09:12:40Z,Chicago White Sox,Cleveland Guardians,batter_home_runs,Patrick Bailey,0.5,750,,11.76,,,,0.13,0.5,11.88,93.88,11.2,88.8,,11.76,Over,0.12,-0.38,15.95,No,-0.56,-0.56,Non-Standard,https://www.freeiconspng.com/img/1934,2026-10-09T00:00:00Z,No,1.4,7.5,Guardians @ Orioles,2026-09-08T22:35:00Z,Tue 06:35pm,Oriole Park at Camden Yards,outdoor,,750,750,9/8/2026,0.112,
2026-10-09T00:00:00Z,ballybet,2026-10-08T09:12:40Z,Chicago White Sox,Cleveland Guardians,batter_home_runs,Randal Grichuk,1.5,10000,,0.99,,,,0.15,,,,,,,0.99,Over,0.15,-1.35,7.76,No,,,Non-Standard,https://www.freeiconspng.com/img/1934,2026-10-09T00:00:00Z,No,1.4,7.5,,,,,,,10001,,,0.0297,
2026-10-09T00:00:00Z,ballybet,2026-10-08T09:12:40Z,Chicago White Sox,Cleveland Guardians,batter_home_runs,Kyle Teel,1.5,22500,,0.44,,,,0.1,,,,,,,0.44,Over,0.1,-1.4,7.76,No,,,Non-Standard,https://www.freeiconspng.com/img/1934,2026-10-09T00:00:00Z,No,1.4,7.5,Pirates @ White Sox,2026-09-08T23:40:00Z,Tue 07:40pm,Rate Field,outdoor,,22627,,9/8/2026,0.0132,
2026-10-09T00:00:00Z,ballybet,2026-10-08T09:12:40Z,Chicago White Sox,Cleveland Guardians,batter_home_runs,Angel Martinez,1.5,16000,,0.62,,,,0.12,,,,,,,0.62,Over,0.12,-1.38,7.76,No,,,Non-Standard,https://www.freeiconspng.com/img/1934,2026-10-09T00:00:00Z,No,1.4,7.5,,,,,,,16029,,,0.0186,
2026-10-09T00:00:00Z,ballybet,2026-10-08T09:12:40Z,Chicago White Sox,Cleveland Guardians,batter_home_runs,Chase Meidroth,1.5,40000,,0.25,,,,0.07,,,,,,,0.25,Over,0.07,-1.43,7.76,No,,,Non-Standard,https://www.freeiconspng.com/img/1934,2026-10-09T00:00:00Z,No,1.4,7.5,Pirates @ White Sox,2026-09-08T23:40:00Z,Tue 07:40pm,Rate Field,outdoor,,39900,,9/8/2026,0.0075,
2026-10-09T00:00:00Z,ballybet,2026-10-08T09:12:40Z,Chicago White Sox,Cleveland Guardians,batter_home_runs,Chase Meidroth,0.5,1200,,7.69,,,,0.08,0.5,8.59,96.63,8.14,91.86,,7.69,Over,0.08,-0.42,12.77,No,0.45,0.45,Non-Standard,https://www.freeiconspng.com/img/1934,2026-10-09T00:00:00Z,No,1.4,7.5,Pirates @ White Sox,2026-09-08T23:40:00Z,Tue 07:40pm,Rate Field,outdoor,,1200,1200,9/8/2026,0.0814,
2026-10-09T00:00:00Z,ballybet,2026-10-08T09:12:40Z,Chicago White Sox,Cleveland Guardians,batter_home_runs,Jo Adell,0.5,525,,16,,,,0.17,0.5,16.61,89.09,15.68,84.32,,16,Over,0.17,-0.33,19.76,No,-0.32,-0.32,Non-Standard,https://www.freeiconspng.com/img/1934,2026-10-09T00:00:00Z,No,1.4,7.5,Guardians @ Orioles,2026-09-08T22:35:00Z,Tue 06:35pm,Oriole Park at Camden Yards,outdoor,,525,525,9/8/2026,0.1568,
2026-10-09T00:00:00Z,ballybet,2026-10-08T09:12:40Z,Chicago White Sox,Cleveland Guardians,batter_home_runs,Brenton Doyle,1.5,20000,,0.5,,,,0.1,,,,,,,0.5,Over,0.1,-1.4,7.76,No,,,Non-Standard,https://www.freeiconspng.com/img/1934,2026-10-09T00:00:00Z,No,1.4,7.5,,,,,,,19900,,,0.015,
2026-10-09T00:00:00Z,ballybet,2026-10-08T09:12:40Z,Chicago White Sox,Cleveland Guardians,batter_home_runs,Steven Kwan,1.5,75000,,0.13,,,,0.05,,,,,,,0.13,Over,0.05,-1.45,7.76,No,,,Non-Standard,https://www.freeiconspng.com/img/1934,2026-10-09T00:00:00Z,No,1.4,7.5,Guardians @ Orioles,2026-09-08T22:35:00Z,Tue 06:35pm,Oriole Park at Camden Yards,outdoor,,76823,,9/8/2026,0.0039,
2026-10-09T00:00:00Z,ballybet,2026-10-08T09:12:40Z,Chicago White Sox,Cleveland Guardians,batter_home_runs,Nathaniel Lowe,0.5,700,,12.5,,,,0.13,0.5,12.53,93.79,11.75,88.25,,12.5,Over,0.13,-0.37,16.73,No,-0.75,-0.75,Non-Standard,https://www.freeiconspng.com/img/1934,2026-10-09T00:00:00Z,No,1.4,7.5,Guardians @ Orioles,2026-09-08T22:35:00Z,Tue 06:35pm,Oriole Park at Camden Yards,outdoor,,700,700,9/8/2026,0.1175,
2026-10-09T00:00:00Z,ballybet,2026-10-08T09:12:40Z,Chicago White Sox,Cleveland Guardians,batter_home_runs,Jose Ramirez,0.5,575,,14.81,,,,0.16,0.5,15.39,90.29,14.53,85.47,,14.81,Over,0.16,-0.34,19.01,No,-0.28,-0.28,Non-Standard,https://www.freeiconspng.com/img/1934,2026-10-09T00:00:00Z,No,1.4,7.5,,,,,,,575,575,,0.1453,
2026-10-09T00:00:00Z,ballybet,2026-10-08T09:12:40Z,Chicago White Sox,Cleveland Guardians,batter_home_runs,Miguel Vargas,0.5,475,,17.39,,,,0.19,0.5,17.38,88.64,16.35,83.65,,17.39,Over,0.18,-0.32,20.5,No,-1.04,-1.04,Non-Standard,https://www.freeiconspng.com/img/1934,2026-10-09T00:00:00Z,No,1.4,7.5,Pirates @ White Sox,2026-09-08T23:40:00Z,Tue 07:40pm,Rate Field,outdoor,,475,475,9/8/2026,0.1635,
2026-10-09T00:00:00Z,ballybet,2026-10-08T09:12:40Z,Chicago White Sox,Cleveland Guardians,batter_home_runs,Tommy Pham,1.5,22500,,0.44,,,,0.1,,,,,,,0.44,Over,0.1,-1.4,7.76,No,,,Non-Standard,https://www.freeiconspng.com/img/1934,,No,1.4,7.5,,,,,,,22627,,,0.0132,
2026-10-09T00:00:00Z,ballybet,2026-10-08T09:12:40Z,Chicago White Sox,Cleveland Guardians,batter_home_runs,Tommy Pham,0.5,1050,,8.7,,,,0.09,0.5,10.62,94.72,10.05,89.95,,8.7,Over,0.11,-0.39,15.17,No,1.35,1.35,Non-Standard,https://www.freeiconspng.com/img/1934,,No,1.4,7.5,,,,,,,1049,1049,,0.1005,
2026-10-09T00:00:00Z,ballybet,2026-10-08T09:12:40Z,Chicago White Sox,Cleveland Guardians,batter_home_runs,Travis Bazzana,1.5,22500,,0.44,,,,0.1,,,,,,,0.44,Over,0.1,-1.4,7.76,No,,,Non-Standard,https://www.freeiconspng.com/img/1934,2026-10-09T00:00:00Z,No,1.4,7.5,Guardians @ Orioles,2026-09-08T22:35:00Z,Tue 06:35pm,Oriole Park at Camden Yards,outdoor,,22627,,9/8/2026,0.0132,
2026-10-09T00:00:00Z,ballybet,2026-10-08T09:12:40Z,Chicago White Sox,Cleveland Guardians,batter_rbis,Jose Ramirez,0.5,170,,37.04,,,,0.46,0.5,34.73,71.67,32.62,67.38,,37.04,Over,0.39,-0.11,34.42,No,-4.42,-4.42,Non-Standard,https://www.freeiconspng.com/img/1934,2026-10-09T00:00:00Z,No,1.4,7.5,,,,,,,170,170,,0.3262,
2026-10-09T00:00:00Z,ballybet,2026-10-08T09:12:40Z,Chicago White Sox,Cleveland Guardians,batter_rbis,Nathaniel Lowe,0.5,165,,37.74,,,,0.47,0.5,33.26,74.35,30.89,69.11,,37.74,Over,0.37,-0.13,33.22,No,-6.85,-6.85,Non-Standard,https://www.freeiconspng.com/img/1934,2026-10-09T00:00:00Z,No,1.4,7.5,Guardians @ Orioles,2026-09-08T22:35:00Z,Tue 06:35pm,Oriole Park at Camden Yards,outdoor,,165,165,9/8/2026,0.3089,
2026-10-09T00:00:00Z,ballybet,2026-10-08T09:12:40Z,Chicago White Sox,Cleveland Guardians,batter_rbis,Angel Martinez,0.5,200,,33.33,,,,0.41,0.5,29.86,77.28,27.86,72.14,,33.33,Over,0.33,-0.17,30.73,No,-5.47,-5.47,Non-Standard,https://www.freeiconspng.com/img/1934,2026-10-09T00:00:00Z,No,1.4,7.5,,,,,,,200,200,,0.2786,
2026-10-09T00:00:00Z,ballybet,2026-10-08T09:12:40Z,Chicago White Sox,Cleveland Guardians,batter_rbis,Steven Kwan,0.5,270,,27.03,,,,0.32,0.5,25.35,81.82,23.65,76.35,,27.03,Over,0.27,-0.23,26.82,No,-3.38,-3.38,Non-Standard,https://www.freeiconspng.com/img/1934,2026-10-09T00:00:00Z,No,1.4,7.5,Guardians @ Orioles,2026-09-08T22:35:00Z,Tue 06:35pm,Oriole Park at Camden Yards,outdoor,,270,270,9/8/2026,0.2365,
2026-10-09T00:00:00Z,ballybet,2026-10-08T09:12:40Z,Chicago White Sox,Cleveland Guardians,batter_rbis,Randal Grichuk,0.5,205,,32.79,,,,0.4,0.5,27.73,79.47,25.83,74.17,,32.79,Over,0.3,-0.2,28.81,No,-6.96,-6.96,Non-Standard,https://www.freeiconspng.com/img/1934,2026-10-09T00:00:00Z,No,1.4,7.5,,,,,,,205,205,,0.2583,
2026-10-09T00:00:00Z,ballybet,2026-10-08T09:12:40Z,Chicago White Sox,Cleveland Guardians,batter_rbis,Chase Meidroth,0.5,200,,33.33,,,,0.41,0.5,25.02,81.83,23.39,76.61,,33.33,Over,0.27,-0.23,26.82,No,-9.94,-9.94,Non-Standard,https://www.freeiconspng.com/img/1934,2026-10-09T00:00:00Z,No,1.4,7.5,Pirates @ White Sox,2026-09-08T23:40:00Z,Tue 07:40pm,Rate Field,outdoor,,200,200,9/8/2026,0.2339,
2026-10-09T00:00:00Z,ballybet,2026-10-08T09:12:40Z,Chicago White Sox,Cleveland Guardians,batter_rbis,Jo Adell,0.5,123,,44.84,,,,0.59,0.5,38.88,68.28,36.27,63.73,,44.84,Over,0.45,-0.05,37.89,No,-8.57,-8.57,Non-Standard,https://www.freeiconspng.com/img/1934,2026-10-09T00:00:00Z,No,1.4,7.5,Guardians @ Orioles,2026-09-08T22:35:00Z,Tue 06:35pm,Oriole Park at Camden Yards,outdoor,,123,123,9/8/2026,0.3627,
2026-10-09T00:00:00Z,ballybet,2026-10-08T09:12:40Z,Chicago White Sox,Cleveland Guardians,batter_rbis,Kyle Teel,0.5,210,,32.26,,,,0.39,0.5,25.68,81.49,23.93,76.07,,32.26,Over,0.27,-0.23,26.82,No,-8.33,-8.33,Non-Standard,https://www.freeiconspng.com/img/1934,2026-10-09T00:00:00Z,No,1.4,7.5,Pirates @ White Sox,2026-09-08T23:40:00Z,Tue 07:40pm,Rate Field,outdoor,,210,210,9/8/2026,0.2393,
2026-10-09T00:00:00Z,ballybet,2026-10-08T09:12:40Z,Chicago White Sox,Cleveland Guardians,batter_rbis,Chase DeLauter,0.5,138,,42.02,,,,0.54,0.5,37,69.74,34.66,65.34,,42.02,Over,0.43,-0.07,36.76,No,-7.36,-7.36,Non-Standard,https://www.freeiconspng.com/img/1934,2026-10-09T00:00:00Z,No,1.4,7.5,,,,,,,138,138,,0.3466,
2026-10-09T00:00:00Z,ballybet,2026-10-08T09:12:40Z,Chicago White Sox,Cleveland Guardians,batter_rbis,Munetaka Murakami,0.5,165,,37.74,,,,0.47,0.5,34.72,71.89,32.55,67.45,,37.74,Over,0.39,-0.11,34.42,No,-5.19,-5.19,Non-Standard,https://www.freeiconspng.com/img/1934,2026-10-09T00:00:00Z,No,1.4,7.5,Pirates @ White Sox,2026-09-08T23:40:00Z,Tue 07:40pm,Rate Field,outdoor,,165,165,9/8/2026,0.3255,
2026-10-09T00:00:00Z,ballybet,2026-10-08T09:12:40Z,Chicago White Sox,Cleveland Guardians,batter_rbis,Braden Montgomery,0.5,225,,30.77,,,,0.37,0.5,25.92,80.62,24.3,75.7,,30.77,Over,0.28,-0.22,27.49,No,-6.47,-6.47,Non-Standard,https://www.freeiconspng.com/img/1934,2026-10-09T00:00:00Z,No,1.4,7.5,Pirates @ White Sox,2026-09-08T23:40:00Z,Tue 07:40pm,Rate Field,outdoor,,225,225,9/8/2026,0.243,
2026-10-09T00:00:00Z,ballybet,2026-10-08T09:12:40Z,Chicago White Sox,Cleveland Guardians,batter_rbis,Tommy Pham,0.5,255,,28.17,,,,0.33,0.5,25.29,81.7,23.61,76.39,,28.17,Over,0.27,-0.23,26.82,No,-4.56,-4.56,Non-Standard,https://www.freeiconspng.com/img/1934,,No,1.4,7.5,,,,,,,255,255,,0.2361,
2026-10-09T00:00:00Z,ballybet,2026-10-08T09:12:40Z,Chicago White Sox,Cleveland Guardians,batter_rbis,Patrick Bailey,0.5,230,,30.3,,,,0.36,0.5,28.21,78.88,26.32,73.68,,30.3,Over,0.31,-0.19,29.46,No,-3.98,-3.98,Non-Standard,https://www.freeiconspng.com/img/1934,2026-10-09T00:00:00Z,No,1.4,7.5,Guardians @ Orioles,2026-09-08T22:35:00Z,Tue 06:35pm,Oriole Park at Camden Yards,outdoor,,230,230,9/8/2026,0.2632,
2026-10-09T00:00:00Z,ballybet,2026-10-08T09:12:40Z,Chicago White Sox,Cleveland Guardians,batter_rbis,Brenton Doyle,0.5,235,,29.85,,,,0.35,0.5,25.42,81.69,23.68,76.32,,29.85,Over,0.27,-0.23,26.82,No,-6.17,-6.17,Non-Standard,https://www.freeiconspng.com/img/1934,2026-10-09T00:00:00Z,No,1.4,7.5,,,,,,,235,235,,0.2368,
2026-10-09T00:00:00Z,ballybet,2026-10-08T09:12:40Z,Chicago White Sox,Cleveland Guardians,batter_rbis,Travis Bazzana,0.5,230,,30.3,,,,0.36,0.5,27.8,79.41,25.93,74.07,,30.3,Over,0.3,-0.2,28.81,No,-4.37,-4.37,Non-Standard,https://www.freeiconspng.com/img/1934,2026-10-09T00:00:00Z,No,1.4,7.5,Guardians @ Orioles,2026-09-08T22:35:00Z,Tue 06:35pm,Oriole Park at Camden Yards,outdoor,,230,230,9/8/2026,0.2593,
2026-10-09T00:00:00Z,ballybet,2026-10-08T09:12:40Z,Chicago White Sox,Cleveland Guardians,batter_rbis,Miguel Vargas,0.5,165,,37.74,,,,0.47,0.5,34.06,72.93,31.79,68.21,,37.74,Over,0.38,-0.12,33.82,No,-5.95,-5.95,Non-Standard,https://www.freeiconspng.com/img/1934,2026-10-09T00:00:00Z,No,1.4,7.5,Pirates @ White Sox,2026-09-08T23:40:00Z,Tue 07:40pm,Rate Field,outdoor,,165,165,9/8/2026,0.3179,
2026-10-09T00:00:00Z,ballybet,2026-10-08T09:12:40Z,Chicago White Sox,Cleveland Guardians,batter_rbis,Brayan Rocchio,0.5,230,,30.3,,,,0.36,0.5,27.49,78.68,25.88,74.12,,30.3,Over,0.3,-0.2,28.81,No,-4.42,-4.42,Non-Standard,https://www.freeiconspng.com/img/1934,2026-10-09T00:00:00Z,No,1.4,7.5,Guardians @ Orioles,2026-09-08T22:35:00Z,Tue 06:35pm,Oriole Park at Camden Yards,outdoor,,230,230,9/8/2026,0.2588,
2026-10-09T00:00:00Z,ballybet,2026-10-08T09:12:40Z,Chicago White Sox,Cleveland Guardians,batter_stolen_bases,Brenton Doyle,0.5,700,,12.5,,,,0.13,0.5,11.41,94.42,10.73,89.27,,12.5,Over,0.11,-0.39,15.17,No,-1.77,-1.77,Non-Standard,https://www.freeiconspng.com/img/1934,2026-10-09T00:00:00Z,No,1.4,7.5,,,,,,,700,700,,0.1073,
2026-10-09T00:00:00Z,ballybet,2026-10-08T09:12:40Z,Chicago White Sox,Cleveland Guardians,batter_stolen_bases,Angel Martinez,0.5,950,,9.52,,,,0.1,0.5,9.79,95.42,9.28,90.72,,9.52,Over,0.1,-0.4,14.37,No,-0.24,-0.24,Non-Standard,https://www.freeiconspng.com/img/1934,2026-10-09T00:00:00Z,No,1.4,7.5,,,,,,,950,950,,0.0928,
2026-10-09T00:00:00Z,ballybet,2026-10-08T09:12:40Z,Chicago White Sox,Cleveland Guardians,batter_stolen_bases,Jo Adell,0.5,1050,,8.7,,,,0.09,0.5,9.52,97.67,8.88,91.12,,8.7,Over,0.09,-0.41,13.57,No,0.18,0.18,Non-Standard,https://www.freeiconspng.com/img/1934,2026-10-09T00:00:00Z,No,1.4,7.5,Guardians @ Orioles,2026-09-08T22:35:00Z,Tue 06:35pm,Oriole Park at Camden Yards,outdoor,,1049,1049,9/8/2026,0.0888,
2026-10-09T00:00:00Z,ballybet,2026-10-08T09:12:40Z,Chicago White Sox,Cleveland Guardians,batter_stolen_bases,Chase Meidroth,0.5,1900,,5,,,,0.05,,,,,,,5,Over,0.05,-0.45,10.29,No,,,Non-Standard,https://www.freeiconspng.com/img/1934,2026-10-09T00:00:00Z,No,1.4,7.5,Pirates @ White Sox,2026-09-08T23:40:00Z,Tue 07:40pm,Rate Field,outdoor,,1900,,9/8/2026,0.05,
2026-10-09T00:00:00Z,ballybet,2026-10-08T09:12:40Z,Chicago White Sox,Cleveland Guardians,batter_stolen_bases,Brayan Rocchio,0.5,800,,11.11,,,,0.12,0.5,11.24,94.32,10.63,89.37,,11.11,Over,0.11,-0.39,15.17,No,-0.48,-0.48,Non-Standard,https://www.freeiconspng.com/img/1934,2026-10-09T00:00:00Z,No,1.4,7.5,Guardians @ Orioles,2026-09-08T22:35:00Z,Tue 06:35pm,Oriole Park at Camden Yards,outdoor,,800,800,9/8/2026,0.1063,
2026-10-09T00:00:00Z,ballybet,2026-10-08T09:12:40Z,Chicago White Sox,Cleveland Guardians,batter_stolen_bases,Jose Ramirez,0.5,340,,22.73,,,,0.26,0.5,23.26,83.65,21.77,78.23,,22.73,Over,0.25,-0.25,25.47,No,-0.96,-0.96,Non-Standard,https://www.freeiconspng.com/img/1934,2026-10-09T00:00:00Z,No,1.4,7.5,,,,,,,340,340,,0.2177,
2026-10-09T00:00:00Z,ballybet,2026-10-08T09:12:40Z,Chicago White Sox,Cleveland Guardians,batter_stolen_bases,Miguel Vargas,0.5,800,,11.11,,,,0.12,0.5,10.17,95.31,9.61,90.39,,11.11,Over,0.1,-0.4,14.37,No,-1.50,-1.5,Non-Standard,https://www.freeiconspng.com/img/1934,2026-10-09T00:00:00Z,No,1.4,7.5,Pirates @ White Sox,2026-09-08T23:40:00Z,Tue 07:40pm,Rate Field,outdoor,,800,800,9/8/2026,0.0961,
2026-10-09T00:00:00Z,ballybet,2026-10-08T09:12:40Z,Chicago White Sox,Cleveland Guardians,batter_stolen_bases,Nathaniel Lowe,0.5,2000,,4.76,,,,0.05,,,,,,,4.76,Over,0.05,-0.45,10.29,No,,,Non-Standard,https://www.freeiconspng.com/img/1934,2026-10-09T00:00:00Z,No,1.4,7.5,Guardians @ Orioles,2026-09-08T22:35:00Z,Tue 06:35pm,Oriole Park at Camden Yards,outdoor,,2001,,9/8/2026,0.0476,
2026-10-09T00:00:00Z,ballybet,2026-10-08T09:12:40Z,Chicago White Sox,Cleveland Guardians,batter_stolen_bases,Steven Kwan,0.5,750,,11.76,,,,0.13,0.5,11.77,93.82,11.07,88.93,,11.76,Over,0.12,-0.38,15.95,No,-0.69,-0.69,Non-Standard,https://www.freeiconspng.com/img/1934,2026-10-09T00:00:00Z,No,1.4,7.5,Guardians @ Orioles,2026-09-08T22:35:00Z,Tue 06:35pm,Oriole Park at Camden Yards,outdoor,,750,750,9/8/2026,0.1107,
2026-10-09T00:00:00Z,ballybet,2026-10-08T09:12:40Z,Chicago White Sox,Cleveland Guardians,batter_stolen_bases,Chase DeLauter,0.5,900,,10,,,,0.11,0.5,9.43,95.58,8.94,91.06,,10,Over,0.09,-0.41,13.57,No,-1.06,-1.06,Non-Standard,https://www.freeiconspng.com/img/1934,2026-10-09T00:00:00Z,No,1.4,7.5,,,,,,,900,900,,0.0894,
2026-10-09T00:00:00Z,ballybet,2026-10-08T09:12:40Z,Chicago White Sox,Cleveland Guardians,pitcher_outs,Parker Messick,15.5,106,,48.54,,,,15.39,15.5,47.18,61.42,43.44,56.56,,48.54,Over,15.02,-0.48,44.22,No,-5.10,-5.1,Non-Standard,https://www.freeiconspng.com/img/1934,2026-10-09T00:00:00Z,No,1.4,7.5,,,,,,,106,106,,13.4664,
2026-10-09T00:00:00Z,betparx,2026-10-08T09:12:43Z,Chicago White Sox,Cleveland Guardians,batter_hits,Miguel Vargas,0.5,-200,145,66.67,40.82,62.03,37.97,0.97,0.5,63.75,42.78,59.83,40.17,-6.84,59.83,Over,0.91,0.41,58.58,Yes,-2.20,-2.2,Standard,https://www.freeiconspng.com/img/1934,2026-10-09T00:00:00Z,No,1.4,7.5,Pirates @ White Sox,2026-09-08T23:40:00Z,Tue 07:40pm,Rate Field,outdoor,,-149,-149,9/8/2026,0.5983,
2026-10-09T00:00:00Z,betparx,2026-10-08T09:12:43Z,Chicago White Sox,Cleveland Guardians,batter_hits,Chase Meidroth,0.5,-205,145,67.21,40.82,62.22,37.78,0.97,0.5,66.43,40.49,62.15,37.85,-5.06,62.15,Over,0.97,0.47,60.64,Yes,-0.07,-0.07,Standard,https://www.freeiconspng.com/img/1934,2026-10-09T00:00:00Z,No,1.4,7.5,Pirates @ White Sox,2026-09-08T23:40:00Z,Tue 07:40pm,Rate Field,outdoor,,-164,-164,9/8/2026,0.6215,
2026-10-09T00:00:00Z,betparx,2026-10-08T09:12:43Z,Chicago White Sox,Cleveland Guardians,batter_hits,Travis Bazzana,0.5,-148,106,59.68,48.54,55.14,44.86,0.8,0.5,58.5,48.54,54.67,45.33,-5.01,54.67,Over,0.79,0.29,54.06,Yes,-0.47,-0.47,Standard,https://www.freeiconspng.com/img/1934,2026-10-09T00:00:00Z,No,1.4,7.5,Guardians @ Orioles,2026-09-08T22:35:00Z,Tue 06:35pm,Oriole Park at Camden Yards,outdoor,,-121,-121,9/8/2026,0.5467,
2026-10-09T00:00:00Z,betparx,2026-10-08T09:12:43Z,Chicago White Sox,Cleveland Guardians,batter_hits,Angel Martinez,0.5,-159,115,61.39,46.51,56.89,43.11,0.84,0.5,61.01,45.81,57.15,42.85,-4.24,57.15,Over,0.85,0.35,56.39,Yes,0.26,0.26,Standard,https://www.freeiconspng.com/img/1934,2026-10-09T00:00:00Z,No,1.4,7.5,,,,,,,-133,-133,,0.5715,
2026-10-09T00:00:00Z,betparx,2026-10-08T09:12:43Z,Chicago White Sox,Cleveland Guardians,batter_hits,Brenton Doyle,0.5,105,-141,48.78,58.51,45.47,54.53,0.61,0.5,51.77,55.96,48.02,51.98,-6.53,51.98,Under,0.65,0.15,51.94,No,-2.55,-2.55,Standard,https://www.freeiconspng.com/img/1934,2026-10-09T00:00:00Z,No,1.4,7.5,,,,,,,-108,-108,,0.4802,
2026-10-09T00:00:00Z,betparx,2026-10-08T09:12:43Z,Chicago White Sox,Cleveland Guardians,batter_hits,Jo Adell,0.5,-200,143,66.67,41.15,61.83,38.17,0.96,0.5,64.55,42.21,60.45,39.55,-6.22,60.45,Over,0.93,0.43,59.28,Yes,-1.38,-1.38,Standard,https://www.freeiconspng.com/img/1934,2026-10-09T00:00:00Z,No,1.4,7.5,Guardians @ Orioles,2026-09-08T22:35:00Z,Tue 06:35pm,Oriole Park at Camden Yards,outdoor,,-153,-153,9/8/2026,0.6045,
2026-10-09T00:00:00Z,betparx,2026-10-08T09:12:43Z,Chicago White Sox,Cleveland Guardians,batter_hits,Nathaniel Lowe,0.5,-165,120,62.26,45.45,57.8,42.2,0.86,0.5,61.05,45.68,57.2,42.8,-5.06,57.2,Over,0.85,0.35,56.39,Yes,-0.60,-0.6,Standard,https://www.freeiconspng.com/img/1934,2026-10-09T00:00:00Z,No,1.4,7.5,Guardians @ Orioles,2026-09-08T22:35:00Z,Tue 06:35pm,Oriole Park at Camden Yards,outdoor,,-134,-134,9/8/2026,0.572,
2026-10-09T00:00:00Z,betparx,2026-10-08T09:12:43Z,Chicago White Sox,Cleveland Guardians,batter_hits,Randal Grichuk,0.5,-137,100,57.81,50,53.62,46.38,0.77,0.5,59.7,46.63,56.15,43.85,-1.66,56.15,Over,0.82,0.32,55.24,Yes,2.53,2.53,Standard,https://www.freeiconspng.com/img/1934,2026-10-09T00:00:00Z,No,1.4,7.5,,,,,,,-128,-128,,0.5615,
2026-10-09T00:00:00Z,betparx,2026-10-08T09:12:43Z,Chicago White Sox,Cleveland Guardians,batter_hits,Steven Kwan,0.5,-235,165,70.15,37.74,65.02,34.98,1.05,0.5,69.88,36.8,65.52,34.48,-4.63,65.52,Over,1.06,0.56,63.51,Yes,0.50,0.5,Standard,https://www.freeiconspng.com/img/1934,2026-10-09T00:00:00Z,No,1.4,7.5,Guardians @ Orioles,2026-09-08T22:35:00Z,Tue 06:35pm,Oriole Park at Camden Yards,outdoor,,-190,-190,9/8/2026,0.6552,
2026-10-09T00:00:00Z,betparx,2026-10-08T09:12:43Z,Chicago White Sox,Cleveland Guardians,batter_hits,Patrick Bailey,0.5,-134,-103,57.26,50.74,53.02,46.98,0.76,0.5,56.59,50.14,53.02,46.98,-4.24,53.02,Over,0.76,0.26,52.85,Yes,0.00,0,Standard,https://www.freeiconspng.com/img/1934,2026-10-09T00:00:00Z,No,1.4,7.5,Guardians @ Orioles,2026-09-08T22:35:00Z,Tue 06:35pm,Oriole Park at Camden Yards,outdoor,,-113,-113,9/8/2026,0.5302,
2026-10-09T00:00:00Z,betparx,2026-10-08T09:12:43Z,Chicago White Sox,Cleveland Guardians,batter_hits,Kyle Teel,0.5,-132,-104,56.9,50.98,52.74,47.26,0.75,0.5,54.77,53.78,50.45,49.55,-6.45,50.45,Over,0.7,0.2,50.3,Yes,-2.29,-2.29,Standard,https://www.freeiconspng.com/img/1934,2026-10-09T00:00:00Z,No,1.4,7.5,Pirates @ White Sox,2026-09-08T23:40:00Z,Tue 07:40pm,Rate Field,outdoor,,-102,-102,9/8/2026,0.5045,
2026-10-09T00:00:00Z,betparx,2026-10-08T09:12:43Z,Chicago White Sox,Cleveland Guardians,batter_hits,Braden Montgomery,0.5,-139,102,58.16,49.5,54.02,45.98,0.78,0.5,57.45,49.3,53.82,46.18,-4.34,53.82,Over,0.77,0.27,53.25,Yes,-0.20,-0.2,Standard,https://www.freeiconspng.com/img/1934,2026-10-09T00:00:00Z,No,1.4,7.5,Pirates @ White Sox,2026-09-08T23:40:00Z,Tue 07:40pm,Rate Field,outdoor,,-117,-117,9/8/2026,0.5382,
2026-10-09T00:00:00Z,betparx,2026-10-08T09:12:43Z,Chicago White Sox,Cleveland Guardians,batter_hits,Jose Ramirez,0.5,-245,175,71.01,36.36,66.13,33.87,1.08,0.5,69.01,37.25,64.96,35.04,-6.05,64.96,Over,1.05,0.55,63.21,Yes,-1.17,-1.17,Standard,https://www.freeiconspng.com/img/1934,2026-10-09T00:00:00Z,No,1.4,7.5,,,,,,,-185,-185,,0.6496,
2026-10-09T00:00:00Z,betparx,2026-10-08T09:12:43Z,Chicago White Sox,Cleveland Guardians,batter_hits,Tommy Pham,0.5,-106,-129,51.46,56.33,47.74,52.26,0.65,0.5,50.25,56.47,47.12,52.88,-3.45,52.88,Under,0.64,0.14,52.4,No,0.62,0.62,Standard,https://www.freeiconspng.com/img/1934,,No,1.4,7.5,,,,,,,-112,-112,,0.4712,
2026-10-09T00:00:00Z,betparx,2026-10-08T09:12:43Z,Chicago White Sox,Cleveland Guardians,batter_hits,Chase DeLauter,0.5,-245,175,71.01,36.36,66.13,33.87,1.08,0.5,68.53,38.03,64.33,35.67,-6.68,64.33,Over,1.03,0.53,62.58,Yes,-1.80,-1.8,Standard,https://www.freeiconspng.com/img/1934,2026-10-09T00:00:00Z,No,1.4,7.5,,,,,,,-180,-180,,0.6433,
2026-10-09T00:00:00Z,betparx,2026-10-08T09:12:43Z,Chicago White Sox,Cleveland Guardians,batter_hits,Brayan Rocchio,0.5,-159,117,61.39,46.08,57.12,42.88,0.85,0.5,59.63,46.98,55.94,44.06,-5.45,55.94,Over,0.82,0.32,55.24,Yes,-1.18,-1.18,Standard,https://www.freeiconspng.com/img/1934,2026-10-09T00:00:00Z,No,1.4,7.5,Guardians @ Orioles,2026-09-08T22:35:00Z,Tue 06:35pm,Oriole Park at Camden Yards,outdoor,,-127,-127,9/8/2026,0.5594,
2026-10-09T00:00:00Z,betparx,2026-10-08T09:12:43Z,Chicago White Sox,Cleveland Guardians,batter_hits,Munetaka Murakami,0.5,-148,108,59.68,48.08,55.38,44.62,0.81,0.5,56.45,49.64,53.19,46.81,-6.49,53.19,Over,0.76,0.26,52.85,Yes,-2.19,-2.19,Standard,https://www.freeiconspng.com/img/1934,2026-10-09T00:00:00Z,No,1.4,7.5,Pirates @ White Sox,2026-09-08T23:40:00Z,Tue 07:40pm,Rate Field,outdoor,,-114,-114,9/8/2026,0.5319,
2026-10-09T00:00:00Z,betparx,2026-10-08T09:12:43Z,Chicago White Sox,Cleveland Guardians,batter_home_runs,Randal Grichuk,0.5,650,-1667,13.33,94.34,12.38,87.62,0.13,0.5,15.15,90.51,14.32,85.68,-8.66,85.68,Under,0.15,-0.35,81.74,Yes,-1.94,-1.94,Standard,https://www.freeiconspng.com/img/1934,2026-10-09T00:00:00Z,No,1.4,7.5,,,,,,,-598,-598,,0.1432,
2026-10-09T00:00:00Z,betparx,2026-10-08T09:12:43Z,Chicago White Sox,Cleveland Guardians,batter_home_runs,Angel Martinez,0.5,800,-2500,11.11,96.15,10.36,89.64,0.11,0.5,11.28,94.27,10.66,89.34,-6.81,89.34,Under,0.11,-0.39,84.83,Yes,-0.30,-0.3,Standard,https://www.freeiconspng.com/img/1934,2026-10-09T00:00:00Z,No,1.4,7.5,,,,,,,-838,-838,,0.1066,
2026-10-09T00:00:00Z,betparx,2026-10-08T09:12:43Z,Chicago White Sox,Cleveland Guardians,batter_home_runs,Kyle Teel,0.5,850,-2500,10.53,96.15,9.87,90.13,0.1,0.5,10.85,94.65,10.25,89.75,-6.4,89.75,Under,0.11,-0.39,84.83,Yes,-0.38,-0.38,Standard,https://www.freeiconspng.com/img/1934,2026-10-09T00:00:00Z,No,1.4,7.5,Pirates @ White Sox,2026-09-08T23:40:00Z,Tue 07:40pm,Rate Field,outdoor,,-876,-876,9/8/2026,0.1025,
2026-10-09T00:00:00Z,betparx,2026-10-08T09:12:43Z,Chicago White Sox,Cleveland Guardians,batter_home_runs,Munetaka Murakami,1.5,4000,,2.44,,,,0.24,,,,,,,2.44,Over,0.24,-1.26,8.16,No,,,Non-Standard,https://www.freeiconspng.com/img/1934,2026-10-09T00:00:00Z,No,1.4,7.5,Pirates @ White Sox,2026-09-08T23:40:00Z,Tue 07:40pm,Rate Field,outdoor,,3998,,9/8/2026,0.0732,
2026-10-09T00:00:00Z,betparx,2026-10-08T09:12:43Z,Chicago White Sox,Cleveland Guardians,batter_home_runs,Brayan Rocchio,1.5,18000,,0.55,,,,0.11,,,,,,,0.55,Over,0.11,-1.39,7.76,No,,,Non-Standard,https://www.freeiconspng.com/img/1934,2026-10-09T00:00:00Z,No,1.4,7.5,Guardians @ Orioles,2026-09-08T22:35:00Z,Tue 06:35pm,Oriole Park at Camden Yards,outdoor,,18082,,9/8/2026,0.0165,
2026-10-09T00:00:00Z,betparx,2026-10-08T09:12:43Z,Chicago White Sox,Cleveland Guardians,batter_home_runs,Nathaniel Lowe,1.5,12000,,0.83,,,,0.13,,,,,,,0.83,Over,0.13,-1.37,7.76,No,,,Non-Standard,https://www.freeiconspng.com/img/1934,2026-10-09T00:00:00Z,No,1.4,7.5,Guardians @ Orioles,2026-09-08T22:35:00Z,Tue 06:35pm,Oriole Park at Camden Yards,outdoor,,11948,,9/8/2026,0.0249,
2026-10-09T00:00:00Z,betparx,2026-10-08T09:12:43Z,Chicago White Sox,Cleveland Guardians,batter_home_runs,Patrick Bailey,1.5,13000,,0.76,,,,0.13,,,,,,,0.76,Over,0.13,-1.37,7.76,No,,,Non-Standard,https://www.freeiconspng.com/img/1934,2026-10-09T00:00:00Z,No,1.4,7.5,Guardians @ Orioles,2026-09-08T22:35:00Z,Tue 06:35pm,Oriole Park at Camden Yards,outdoor,,13058,,9/8/2026,0.0228,
2026-10-09T00:00:00Z,betparx,2026-10-08T09:12:43Z,Chicago White Sox,Cleveland Guardians,batter_home_runs,Travis Bazzana,0.5,900,-2500,10,96.15,9.42,90.58,0.1,0.5,10.35,95.25,9.78,90.22,-5.93,90.22,Under,0.1,-0.4,85.63,Yes,-0.36,-0.36,Standard,https://www.freeiconspng.com/img/1934,2026-10-09T00:00:00Z,No,1.4,7.5,Guardians @ Orioles,2026-09-08T22:35:00Z,Tue 06:35pm,Oriole Park at Camden Yards,outdoor,,-922,-922,9/8/2026,0.0978,
2026-10-09T00:00:00Z,betparx,2026-10-08T09:12:43Z,Chicago White Sox,Cleveland Guardians,batter_home_runs,Munetaka Murakami,0.5,450,-835,18.18,89.3,16.92,83.08,0.19,0.5,19.91,85.95,18.81,81.19,-8.11,81.19,Under,0.21,-0.29,77.33,Yes,-1.89,-1.89,Standard,https://www.freeiconspng.com/img/1934,2026-10-09T00:00:00Z,No,1.4,7.5,Pirates @ White Sox,2026-09-08T23:40:00Z,Tue 07:40pm,Rate Field,outdoor,,-432,-432,9/8/2026,0.1881,
2026-10-09T00:00:00Z,betparx,2026-10-08T09:12:43Z,Chicago White Sox,Cleveland Guardians,batter_home_runs,Jo Adell,1.5,7000,,1.41,,,,0.18,,,,,,,1.41,Over,0.18,-1.32,7.76,No,,,Non-Standard,https://www.freeiconspng.com/img/1934,2026-10-09T00:00:00Z,No,1.4,7.5,Guardians @ Orioles,2026-09-08T22:35:00Z,Tue 06:35pm,Oriole Park at Camden Yards,outdoor,,6992,,9/8/2026,0.0423,
2026-10-09T00:00:00Z,betparx,2026-10-08T09:12:43Z,Chicago White Sox,Cleveland Guardians,batter_home_runs,Brenton Doyle,0.5,850,-2500,10.53,96.15,9.87,90.13,0.1,0.5,12.23,94,11.46,88.54,-7.61,88.54,Under,0.12,-0.38,84.05,Yes,-1.59,-1.59,Standard,https://www.freeiconspng.com/img/1934,2026-10-09T00:00:00Z,No,1.4,7.5,,,,,,,-773,-773,,0.1146,
2026-10-09T00:00:00Z,betparx,2026-10-08T09:12:43Z,Chicago White Sox,Cleveland Guardians,batter_home_runs,Brayan Rocchio,0.5,900,-2500,10,96.15,9.42,90.58,0.1,0.5,9.39,96.37,8.84,91.16,-4.99,91.16,Under,0.09,-0.41,86.43,Yes,0.58,0.58,Standard,https://www.freeiconspng.com/img/1934,2026-10-09T00:00:00Z,No,1.4,7.5,Guardians @ Orioles,2026-09-08T22:35:00Z,Tue 06:35pm,Oriole Park at Camden Yards,outdoor,,-1031,-1031,9/8/2026,0.0884,
2026-10-09T00:00:00Z,betparx,2026-10-08T09:12:43Z,Chicago White Sox,Cleveland Guardians,batter_home_runs,Chase DeLauter,1.5,9000,,1.1,,,,0.16,,,,,,,1.1,Over,0.16,-1.34,7.76,No,,,Non-Standard,https://www.freeiconspng.com/img/1934,2026-10-09T00:00:00Z,No,1.4,7.5,,,,,,,8991,,,0.033,
2026-10-09T00:00:00Z,betparx,2026-10-08T09:12:43Z,Chicago White Sox,Cleveland Guardians,batter_home_runs,Chase DeLauter,0.5,650,-1667,13.33,94.34,12.38,87.62,0.13,0.5,13.36,93.16,12.53,87.47,-6.87,87.47,Under,0.13,-0.37,83.27,Yes,-0.15,-0.15,Standard,https://www.freeiconspng.com/img/1934,2026-10-09T00:00:00Z,No,1.4,7.5,,,,,,,-698,-698,,0.1253,
2026-10-09T00:00:00Z,betparx,2026-10-08T09:12:43Z,Chicago White Sox,Cleveland Guardians,batter_home_runs,Steven Kwan,0.5,1900,,5,,,,0.05,0.5,6.41,96.97,6.17,93.83,,5,Over,0.06,-0.44,11.12,No,1.17,1.17,Non-Standard,https://www.freeiconspng.com/img/1934,2026-10-09T00:00:00Z,No,1.4,7.5,Guardians @ Orioles,2026-09-08T22:35:00Z,Tue 06:35pm,Oriole Park at Camden Yards,outdoor,,1900,1900,9/8/2026,0.0617,
2026-10-09T00:00:00Z,betparx,2026-10-08T09:12:43Z,Chicago White Sox,Cleveland Guardians,batter_home_runs,Braden Montgomery,0.5,1400,,6.67,,,,0.07,0.5,9.3,95.4,8.85,91.15,,6.67,Over,0.09,-0.41,13.57,No,2.18,2.18,Non-Standard,https://www.freeiconspng.com/img/1934,2026-10-09T00:00:00Z,No,1.4,7.5,Pirates @ White Sox,2026-09-08T23:40:00Z,Tue 07:40pm,Rate Field,outdoor,,1399,1399,9/8/2026,0.0885,
2026-10-09T00:00:00Z,betparx,2026-10-08T09:12:43Z,Chicago White Sox,Cleveland Guardians,batter_home_runs,Braden Montgomery,1.5,40000,,0.25,,,,0.07,,,,,,,0.25,Over,0.07,-1.43,7.76,No,,,Non-Standard,https://www.freeiconspng.com/img/1934,2026-10-09T00:00:00Z,No,1.4,7.5,Pirates @ White Sox,2026-09-08T23:40:00Z,Tue 07:40pm,Rate Field,outdoor,,39900,,9/8/2026,0.0075,
2026-10-09T00:00:00Z,betparx,2026-10-08T09:12:43Z,Chicago White Sox,Cleveland Guardians,batter_home_runs,Jose Ramirez,1.5,7000,,1.41,,,,0.18,,,,,,,1.41,Over,0.18,-1.32,7.76,No,,,Non-Standard,https://www.freeiconspng.com/img/1934,2026-10-09T00:00:00Z,No,1.4,7.5,,,,,,,6992,,,0.0423,
2026-10-09T00:00:00Z,betparx,2026-10-08T09:12:43Z,Chicago White Sox,Cleveland Guardians,batter_home_runs,Miguel Vargas,1.5,5500,,1.79,,,,0.2,,,,,,,1.79,Over,0.2,-1.3,7.76,No,,,Non-Standard,https://www.freeiconspng.com/img/1934,2026-10-09T00:00:00Z,No,1.4,7.5,Pirates @ White Sox,2026-09-08T23:40:00Z,Tue 07:40pm,Rate Field,outdoor,,5487,,9/8/2026,0.0537,
2026-10-09T00:00:00Z,betparx,2026-10-08T09:12:43Z,Chicago White Sox,Cleveland Guardians,batter_home_runs,Patrick Bailey,0.5,750,-2000,11.76,95.24,10.99,89.01,0.12,0.5,11.88,93.88,11.2,88.8,-6.44,88.8,Under,0.12,-0.38,84.05,Yes,-0.21,-0.21,Standard,https://www.freeiconspng.com/img/1934,2026-10-09T00:00:00Z,No,1.4,7.5,Guardians @ Orioles,2026-09-08T22:35:00Z,Tue 06:35pm,Oriole Park at Camden Yards,outdoor,,-793,-793,9/8/2026,0.112,
2026-10-09T00:00:00Z,betparx,2026-10-08T09:12:43Z,Chicago White Sox,Cleveland Guardians,batter_home_runs,Randal Grichuk,1.5,10000,,0.99,,,,0.15,,,,,,,0.99,Over,0.15,-1.35,7.76,No,,,Non-Standard,https://www.freeiconspng.com/img/1934,2026-10-09T00:00:00Z,No,1.4,7.5,,,,,,,10001,,,0.0297,
2026-10-09T00:00:00Z,betparx,2026-10-08T09:12:43Z,Chicago White Sox,Cleveland Guardians,batter_home_runs,Kyle Teel,1.5,22500,,0.44,,,,0.1,,,,,,,0.44,Over,0.1,-1.4,7.76,No,,,Non-Standard,https://www.freeiconspng.com/img/1934,2026-10-09T00:00:00Z,No,1.4,7.5,Pirates @ White Sox,2026-09-08T23:40:00Z,Tue 07:40pm,Rate Field,outdoor,,22627,,9/8/2026,0.0132,
2026-10-09T00:00:00Z,betparx,2026-10-08T09:12:43Z,Chicago White Sox,Cleveland Guardians,batter_home_runs,Angel Martinez,1.5,16000,,0.62,,,,0.12,,,,,,,0.62,Over,0.12,-1.38,7.76,No,,,Non-Standard,https://www.freeiconspng.com/img/1934,2026-10-09T00:00:00Z,No,1.4,7.5,,,,,,,16029,,,0.0186,
2026-10-09T00:00:00Z,betparx,2026-10-08T09:12:43Z,Chicago White Sox,Cleveland Guardians,batter_home_runs,Chase Meidroth,1.5,40000,,0.25,,,,0.07,,,,,,,0.25,Over,0.07,-1.43,7.76,No,,,Non-Standard,https://www.freeiconspng.com/img/1934,2026-10-09T00:00:00Z,No,1.4,7.5,Pirates @ White Sox,2026-09-08T23:40:00Z,Tue 07:40pm,Rate Field,outdoor,,39900,,9/8/2026,0.0075,
2026-10-09T00:00:00Z,betparx,2026-10-08T09:12:43Z,Chicago White Sox,Cleveland Guardians,batter_home_runs,Chase Meidroth,0.5,1200,-5000,7.69,98.04,7.28,92.72,0.08,0.5,8.59,96.63,8.14,91.86,-6.18,91.86,Under,0.08,-0.42,87.23,Yes,-0.86,-0.86,Standard,https://www.freeiconspng.com/img/1934,2026-10-09T00:00:00Z,No,1.4,7.5,Pirates @ White Sox,2026-09-08T23:40:00Z,Tue 07:40pm,Rate Field,outdoor,,-1129,-1129,9/8/2026,0.0814,
2026-10-09T00:00:00Z,betparx,2026-10-08T09:12:43Z,Chicago White Sox,Cleveland Guardians,batter_home_runs,Jo Adell,0.5,525,-1115,16,91.77,14.85,85.15,0.16,0.5,16.61,89.09,15.68,84.32,-7.45,84.32,Under,0.17,-0.33,80.24,Yes,-0.83,-0.83,Standard,https://www.freeiconspng.com/img/1934,2026-10-09T00:00:00Z,No,1.4,7.5,Guardians @ Orioles,2026-09-08T22:35:00Z,Tue 06:35pm,Oriole Park at Camden Yards,outdoor,,-538,-538,9/8/2026,0.1568,
2026-10-09T00:00:00Z,betparx,2026-10-08T09:12:43Z,Chicago White Sox,Cleveland Guardians,batter_home_runs,Brenton Doyle,1.5,20000,,0.5,,,,0.1,,,,,,,0.5,Over,0.1,-1.4,7.76,No,,,Non-Standard,https://www.freeiconspng.com/img/1934,2026-10-09T00:00:00Z,No,1.4,7.5,,,,,,,19900,,,0.015,
2026-10-09T00:00:00Z,betparx,2026-10-08T09:12:43Z,Chicago White Sox,Cleveland Guardians,batter_home_runs,Steven Kwan,1.5,75000,,0.13,,,,0.05,,,,,,,0.13,Over,0.05,-1.45,7.76,No,,,Non-Standard,https://www.freeiconspng.com/img/1934,2026-10-09T00:00:00Z,No,1.4,7.5,Guardians @ Orioles,2026-09-08T22:35:00Z,Tue 06:35pm,Oriole Park at Camden Yards,outdoor,,76823,,9/8/2026,0.0039,
2026-10-09T00:00:00Z,betparx,2026-10-08T09:12:43Z,Chicago White Sox,Cleveland Guardians,batter_home_runs,Nathaniel Lowe,0.5,700,-1667,12.5,94.34,11.7,88.3,0.12,0.5,12.53,93.79,11.75,88.25,-6.09,88.25,Under,0.13,-0.37,83.27,Yes,-0.05,-0.05,Standard,https://www.freeiconspng.com/img/1934,2026-10-09T00:00:00Z,No,1.4,7.5,Guardians @ Orioles,2026-09-08T22:35:00Z,Tue 06:35pm,Oriole Park at Camden Yards,outdoor,,-751,-751,9/8/2026,0.1175,
2026-10-09T00:00:00Z,betparx,2026-10-08T09:12:43Z,Chicago White Sox,Cleveland Guardians,batter_home_runs,Jose Ramirez,0.5,575,-1250,14.81,92.59,13.79,86.21,0.15,0.5,15.39,90.29,14.53,85.47,-7.12,85.47,Under,0.16,-0.34,80.99,Yes,-0.74,-0.74,Standard,https://www.freeiconspng.com/img/1934,2026-10-09T00:00:00Z,No,1.4,7.5,,,,,,,-588,-588,,0.1453,
2026-10-09T00:00:00Z,betparx,2026-10-08T09:12:43Z,Chicago White Sox,Cleveland Guardians,batter_home_runs,Miguel Vargas,0.5,475,-910,17.39,90.1,16.18,83.82,0.18,0.5,17.38,88.64,16.35,83.65,-6.45,83.65,Under,0.18,-0.32,79.5,Yes,-0.17,-0.17,Standard,https://www.freeiconspng.com/img/1934,2026-10-09T00:00:00Z,No,1.4,7.5,Pirates @ White Sox,2026-09-08T23:40:00Z,Tue 07:40pm,Rate Field,outdoor,,-512,-512,9/8/2026,0.1635,
2026-10-09T00:00:00Z,betparx,2026-10-08T09:12:43Z,Chicago White Sox,Cleveland Guardians,batter_home_runs,Tommy Pham,1.5,22500,,0.44,,,,0.1,,,,,,,0.44,Over,0.1,-1.4,7.76,No,,,Non-Standard,https://www.freeiconspng.com/img/1934,,No,1.4,7.5,,,,,,,22627,,,0.0132,
2026-10-09T00:00:00Z,betparx,2026-10-08T09:12:43Z,Chicago White Sox,Cleveland Guardians,batter_home_runs,Tommy Pham,0.5,1050,-3335,8.7,97.09,8.22,91.78,0.09,0.5,10.62,94.72,10.05,89.95,-7.14,89.95,Under,0.11,-0.39,84.83,Yes,-1.83,-1.83,Standard,https://www.freeiconspng.com/img/1934,,No,1.4,7.5,,,,,,,-895,-895,,0.1005,
2026-10-09T00:00:00Z,betparx,2026-10-08T09:12:43Z,Chicago White Sox,Cleveland Guardians,batter_home_runs,Travis Bazzana,1.5,22500,,0.44,,,,0.1,,,,,,,0.44,Over,0.1,-1.4,7.76,No,,,Non-Standard,https://www.freeiconspng.com/img/1934,2026-10-09T00:00:00Z,No,1.4,7.5,Guardians @ Orioles,2026-09-08T22:35:00Z,Tue 06:35pm,Oriole Park at Camden Yards,outdoor,,22627,,9/8/2026,0.0132,
2026-10-09T00:00:00Z,betparx,2026-10-08T09:12:43Z,Chicago White Sox,Cleveland Guardians,batter_rbis,Jose Ramirez,0.5,170,-245,37.04,71.01,34.28,65.72,0.42,0.5,34.73,71.67,32.62,67.38,-3.63,67.38,Under,0.39,-0.11,65.58,Yes,1.66,1.66,Standard,https://www.freeiconspng.com/img/1934,2026-10-09T00:00:00Z,No,1.4,7.5,,,,,,,-207,-207,,0.3262,
2026-10-09T00:00:00Z,betparx,2026-10-08T09:12:43Z,Chicago White Sox,Cleveland Guardians,batter_rbis,Nathaniel Lowe,0.5,165,-235,37.74,70.15,34.98,65.02,0.43,0.5,33.26,74.35,30.89,69.11,-1.04,69.11,Under,0.37,-0.13,66.78,Yes,4.09,4.09,Standard,https://www.freeiconspng.com/img/1934,2026-10-09T00:00:00Z,No,1.4,7.5,Guardians @ Orioles,2026-09-08T22:35:00Z,Tue 06:35pm,Oriole Park at Camden Yards,outdoor,,-224,-224,9/8/2026,0.3089,
2026-10-09T00:00:00Z,betparx,2026-10-08T09:12:43Z,Chicago White Sox,Cleveland Guardians,batter_rbis,Angel Martinez,0.5,200,-295,33.33,74.68,30.86,69.14,0.37,0.5,29.86,77.28,27.86,72.14,-2.54,72.14,Under,0.33,-0.17,69.27,Yes,3.00,3,Standard,https://www.freeiconspng.com/img/1934,2026-10-09T00:00:00Z,No,1.4,7.5,,,,,,,-259,-259,,0.2786,
2026-10-09T00:00:00Z,betparx,2026-10-08T09:12:43Z,Chicago White Sox,Cleveland Guardians,batter_rbis,Steven Kwan,0.5,270,-420,27.03,80.77,25.07,74.93,0.29,0.5,25.35,81.82,23.65,76.35,-4.42,76.35,Under,0.27,-0.23,73.18,Yes,1.42,1.42,Standard,https://www.freeiconspng.com/img/1934,2026-10-09T00:00:00Z,No,1.4,7.5,Guardians @ Orioles,2026-09-08T22:35:00Z,Tue 06:35pm,Oriole Park at Camden Yards,outdoor,,-323,-323,9/8/2026,0.2365,
2026-10-09T00:00:00Z,betparx,2026-10-08T09:12:43Z,Chicago White Sox,Cleveland Guardians,batter_rbis,Randal Grichuk,0.5,205,-305,32.79,75.31,30.33,69.67,0.36,0.5,27.73,79.47,25.83,74.17,-1.14,74.17,Under,0.3,-0.2,71.19,Yes,4.50,4.5,Standard,https://www.freeiconspng.com/img/1934,2026-10-09T00:00:00Z,No,1.4,7.5,,,,,,,-287,-287,,0.2583,
2026-10-09T00:00:00Z,betparx,2026-10-08T09:12:43Z,Chicago White Sox,Cleveland Guardians,batter_rbis,Chase Meidroth,0.5,200,-286,33.33,74.09,31.03,68.97,0.37,0.5,25.02,81.83,23.39,76.61,2.52,76.61,Under,0.27,-0.23,73.18,Yes,7.64,7.64,Standard,https://www.freeiconspng.com/img/1934,2026-10-09T00:00:00Z,No,1.4,7.5,Pirates @ White Sox,2026-09-08T23:40:00Z,Tue 07:40pm,Rate Field,outdoor,,-328,-328,9/8/2026,0.2339,
2026-10-09T00:00:00Z,betparx,2026-10-08T09:12:43Z,Chicago White Sox,Cleveland Guardians,batter_rbis,Jo Adell,0.5,123,-167,44.84,62.55,41.76,58.24,0.54,0.5,38.88,68.28,36.27,63.73,1.18,63.73,Under,0.45,-0.05,62.11,Yes,5.49,5.49,Standard,https://www.freeiconspng.com/img/1934,2026-10-09T00:00:00Z,No,1.4,7.5,Guardians @ Orioles,2026-09-08T22:35:00Z,Tue 06:35pm,Oriole Park at Camden Yards,outdoor,,-176,-176,9/8/2026,0.3627,
2026-10-09T00:00:00Z,betparx,2026-10-08T09:12:43Z,Chicago White Sox,Cleveland Guardians,batter_rbis,Kyle Teel,0.5,210,-315,32.26,75.9,29.82,70.18,0.35,0.5,25.68,81.49,23.93,76.07,0.17,76.07,Under,0.27,-0.23,73.18,Yes,5.89,5.89,Standard,https://www.freeiconspng.com/img/1934,2026-10-09T00:00:00Z,No,1.4,7.5,Pirates @ White Sox,2026-09-08T23:40:00Z,Tue 07:40pm,Rate Field,outdoor,,-318,-318,9/8/2026,0.2393,
2026-10-09T00:00:00Z,betparx,2026-10-08T09:12:43Z,Chicago White Sox,Cleveland Guardians,batter_rbis,Chase DeLauter,0.5,138,-190,42.02,65.52,39.07,60.93,0.5,0.5,37,69.74,34.66,65.34,-0.18,65.34,Under,0.43,-0.07,63.24,Yes,4.41,4.41,Standard,https://www.freeiconspng.com/img/1934,2026-10-09T00:00:00Z,No,1.4,7.5,,,,,,,-189,-189,,0.3466,
2026-10-09T00:00:00Z,betparx,2026-10-08T09:12:43Z,Chicago White Sox,Cleveland Guardians,batter_rbis,Munetaka Murakami,0.5,165,-235,37.74,70.15,34.98,65.02,0.43,0.5,34.72,71.89,32.55,67.45,-2.7,67.45,Under,0.39,-0.11,65.58,Yes,2.43,2.43,Standard,https://www.freeiconspng.com/img/1934,2026-10-09T00:00:00Z,No,1.4,7.5,Pirates @ White Sox,2026-09-08T23:40:00Z,Tue 07:40pm,Rate Field,outdoor,,-207,-207,9/8/2026,0.3255,
2026-10-09T00:00:00Z,betparx,2026-10-08T09:12:43Z,Chicago White Sox,Cleveland Guardians,batter_rbis,Braden Montgomery,0.5,225,-335,30.77,77.01,28.55,71.45,0.34,0.5,25.92,80.62,24.3,75.7,-1.31,75.7,Under,0.28,-0.22,72.51,Yes,4.25,4.25,Standard,https://www.freeiconspng.com/img/1934,2026-10-09T00:00:00Z,No,1.4,7.5,Pirates @ White Sox,2026-09-08T23:40:00Z,Tue 07:40pm,Rate Field,outdoor,,-312,-312,9/8/2026,0.243,
2026-10-09T00:00:00Z,betparx,2026-10-08T09:12:43Z,Chicago White Sox,Cleveland Guardians,batter_rbis,Tommy Pham,0.5,255,-385,28.17,79.38,26.19,73.81,0.3,0.5,25.29,81.7,23.61,76.39,-2.99,76.39,Under,0.27,-0.23,73.18,Yes,2.58,2.58,Standard,https://www.freeiconspng.com/img/1934,,No,1.4,7.5,,,,,,,-324,-324,,0.2361,
2026-10-09T00:00:00Z,betparx,2026-10-08T09:12:43Z,Chicago White Sox,Cleveland Guardians,batter_rbis,Patrick Bailey,0.5,230,-345,30.3,77.53,28.1,71.9,0.33,0.5,28.21,78.88,26.32,73.68,-3.85,73.68,Under,0.31,-0.19,70.54,Yes,1.78,1.78,Standard,https://www.freeiconspng.com/img/1934,2026-10-09T00:00:00Z,No,1.4,7.5,Guardians @ Orioles,2026-09-08T22:35:00Z,Tue 06:35pm,Oriole Park at Camden Yards,outdoor,,-280,-280,9/8/2026,0.2632,
2026-10-09T00:00:00Z,betparx,2026-10-08T09:12:43Z,Chicago White Sox,Cleveland Guardians,batter_rbis,Brenton Doyle,0.5,235,-360,29.85,78.26,27.61,72.39,0.32,0.5,25.42,81.69,23.68,76.32,-1.94,76.32,Under,0.27,-0.23,73.18,Yes,3.93,3.93,Standard,https://www.freeiconspng.com/img/1934,2026-10-09T00:00:00Z,No,1.4,7.5,,,,,,,-322,-322,,0.2368,
2026-10-09T00:00:00Z,betparx,2026-10-08T09:12:43Z,Chicago White Sox,Cleveland Guardians,batter_rbis,Travis Bazzana,0.5,230,-345,30.3,77.53,28.1,71.9,0.33,0.5,27.8,79.41,25.93,74.07,-3.46,74.07,Under,0.3,-0.2,71.19,Yes,2.17,2.17,Standard,https://www.freeiconspng.com/img/1934,2026-10-09T00:00:00Z,No,1.4,7.5,Guardians @ Orioles,2026-09-08T22:35:00Z,Tue 06:35pm,Oriole Park at Camden Yards,outdoor,,-286,-286,9/8/2026,0.2593,
2026-10-09T00:00:00Z,betparx,2026-10-08T09:12:43Z,Chicago White Sox,Cleveland Guardians,batter_rbis,Miguel Vargas,0.5,165,-235,37.74,70.15,34.98,65.02,0.43,0.5,34.06,72.93,31.79,68.21,-1.94,68.21,Under,0.38,-0.12,66.18,Yes,3.19,3.19,Standard,https://www.freeiconspng.com/img/1934,2026-10-09T00:00:00Z,No,1.4,7.5,Pirates @ White Sox,2026-09-08T23:40:00Z,Tue 07:40pm,Rate Field,outdoor,,-215,-215,9/8/2026,0.3179,
2026-10-09T00:00:00Z,betparx,2026-10-08T09:12:43Z,Chicago White Sox,Cleveland Guardians,batter_rbis,Brayan Rocchio,0.5,230,-345,30.3,77.53,28.1,71.9,0.33,0.5,27.49,78.68,25.88,74.12,-3.41,74.12,Under,0.3,-0.2,71.19,Yes,2.22,2.22,Standard,https://www.freeiconspng.com/img/1934,2026-10-09T00:00:00Z,No,1.4,7.5,Guardians @ Orioles,2026-09-08T22:35:00Z,Tue 06:35pm,Oriole Park at Camden Yards,outdoor,,-286,-286,9/8/2026,0.2588,
2026-10-09T00:00:00Z,betparx,2026-10-08T09:12:43Z,Chicago White Sox,Cleveland Guardians,batter_stolen_bases,Brenton Doyle,0.5,700,-2000,12.5,95.24,11.6,88.4,0.12,0.5,11.41,94.42,10.73,89.27,-5.97,89.27,Under,0.11,-0.39,84.83,Yes,0.87,0.87,Standard,https://www.freeiconspng.com/img/1934,2026-10-09T00:00:00Z,No,1.4,7.5,,,,,,,-832,-832,,0.1073,
2026-10-09T00:00:00Z,betparx,2026-10-08T09:12:43Z,Chicago White Sox,Cleveland Guardians,batter_stolen_bases,Angel Martinez,0.5,950,-3335,9.52,97.09,8.93,91.07,0.09,0.5,9.79,95.42,9.28,90.72,-6.37,90.72,Under,0.1,-0.4,85.63,Yes,-0.35,-0.35,Standard,https://www.freeiconspng.com/img/1934,2026-10-09T00:00:00Z,No,1.4,7.5,,,,,,,-978,-978,,0.0928,
2026-10-09T00:00:00Z,betparx,2026-10-08T09:12:43Z,Chicago White Sox,Cleveland Guardians,batter_stolen_bases,Jo Adell,0.5,1050,-10000,8.7,99.01,8.07,91.93,0.08,0.5,9.52,97.67,8.88,91.12,-7.89,91.12,Under,0.09,-0.41,86.43,Yes,-0.81,-0.81,Standard,https://www.freeiconspng.com/img/1934,2026-10-09T00:00:00Z,No,1.4,7.5,Guardians @ Orioles,2026-09-08T22:35:00Z,Tue 06:35pm,Oriole Park at Camden Yards,outdoor,,-1026,-1026,9/8/2026,0.0888,
2026-10-09T00:00:00Z,betparx,2026-10-08T09:12:43Z,Chicago White Sox,Cleveland Guardians,batter_stolen_bases,Chase Meidroth,0.5,1900,,5,,,,0.05,,,,,,,5,Over,0.05,-0.45,10.29,No,,,Non-Standard,https://www.freeiconspng.com/img/1934,2026-10-09T00:00:00Z,No,1.4,7.5,Pirates @ White Sox,2026-09-08T23:40:00Z,Tue 07:40pm,Rate Field,outdoor,,1900,,9/8/2026,0.05,
2026-10-09T00:00:00Z,betparx,2026-10-08T09:12:43Z,Chicago White Sox,Cleveland Guardians,batter_stolen_bases,Brayan Rocchio,0.5,800,-2500,11.11,96.15,10.36,89.64,0.11,0.5,11.24,94.32,10.63,89.37,-6.78,89.37,Under,0.11,-0.39,84.83,Yes,-0.27,-0.27,Standard,https://www.freeiconspng.com/img/1934,2026-10-09T00:00:00Z,No,1.4,7.5,Guardians @ Orioles,2026-09-08T22:35:00Z,Tue 06:35pm,Oriole Park at Camden Yards,outdoor,,-841,-841,9/8/2026,0.1063,
2026-10-09T00:00:00Z,betparx,2026-10-08T09:12:43Z,Chicago White Sox,Cleveland Guardians,batter_stolen_bases,Jose Ramirez,0.5,340,-625,22.73,86.21,20.86,79.14,0.23,0.5,23.26,83.65,21.77,78.23,-7.98,78.23,Under,0.25,-0.25,74.53,Yes,-0.91,-0.91,Standard,https://www.freeiconspng.com/img/1934,2026-10-09T00:00:00Z,No,1.4,7.5,,,,,,,-359,-359,,0.2177,
2026-10-09T00:00:00Z,betparx,2026-10-08T09:12:43Z,Chicago White Sox,Cleveland Guardians,batter_stolen_bases,Miguel Vargas,0.5,800,-2500,11.11,96.15,10.36,89.64,0.11,0.5,10.17,95.31,9.61,90.39,-5.76,90.39,Under,0.1,-0.4,85.63,Yes,0.75,0.75,Standard,https://www.freeiconspng.com/img/1934,2026-10-09T00:00:00Z,No,1.4,7.5,Pirates @ White Sox,2026-09-08T23:40:00Z,Tue 07:40pm,Rate Field,outdoor,,-941,-941,9/8/2026,0.0961,
2026-10-09T00:00:00Z,betparx,2026-10-08T09:12:43Z,Chicago White Sox,Cleveland Guardians,batter_stolen_bases,Nathaniel Lowe,0.5,2000,,4.76,,,,0.05,,,,,,,4.76,Over,0.05,-0.45,10.29,No,,,Non-Standard,https://www.freeiconspng.com/img/1934,2026-10-09T00:00:00Z,No,1.4,7.5,Guardians @ Orioles,2026-09-08T22:35:00Z,Tue 06:35pm,Oriole Park at Camden Yards,outdoor,,2001,,9/8/2026,0.0476,
2026-10-09T00:00:00Z,betparx,2026-10-08T09:12:43Z,Chicago White Sox,Cleveland Guardians,batter_stolen_bases,Steven Kwan,0.5,750,-2000,11.76,95.24,10.99,89.01,0.12,0.5,11.77,93.82,11.07,88.93,-6.31,88.93,Under,0.12,-0.38,84.05,Yes,-0.08,-0.08,Standard,https://www.freeiconspng.com/img/1934,2026-10-09T00:00:00Z,No,1.4,7.5,Guardians @ Orioles,2026-09-08T22:35:00Z,Tue 06:35pm,Oriole Park at Camden Yards,outdoor,,-803,-803,9/8/2026,0.1107,
2026-10-09T00:00:00Z,betparx,2026-10-08T09:12:43Z,Chicago White Sox,Cleveland Guardians,batter_stolen_bases,Chase DeLauter,0.5,900,-2500,10,96.15,9.42,90.58,0.1,0.5,9.43,95.58,8.94,91.06,-5.09,91.06,Under,0.09,-0.41,86.43,Yes,0.48,0.48,Standard,https://www.freeiconspng.com/img/1934,2026-10-09T00:00:00Z,No,1.4,7.5,,,,,,,-1019,-1019,,0.0894,
2026-10-09T00:00:00Z,betparx,2026-10-08T09:12:43Z,Chicago White Sox,Cleveland Guardians,pitcher_outs,Parker Messick,15.5,106,-152,48.54,60.32,44.59,55.41,15.11,15.5,47.18,61.42,43.44,56.56,-3.76,56.56,Under,15.02,-0.48,55.78,Yes,1.15,1.15,Standard,https://www.freeiconspng.com/img/1934,2026-10-09T00:00:00Z,No,1.4,7.5,,,,,,,-130,-130,,13.4664,
2026-10-09T00:00:00Z,tabtouch,2026-10-08T09:13:24Z,Chicago White Sox,Cleveland Guardians,batter_home_runs,Randal Grichuk,0.5,650,,13.33,,,,0.14,0.5,15.15,90.51,14.32,85.68,,13.33,Over,0.15,-0.35,18.26,No,0.99,0.99,Non-Standard,https://www.freeiconspng.com/img/1934,2026-10-09T00:00:00Z,No,1.4,7.5,,,,,,,650,650,,0.1432,
2026-10-09T00:00:00Z,tabtouch,2026-10-08T09:13:24Z,Chicago White Sox,Cleveland Guardians,batter_home_runs,Angel Martinez,0.5,800,,11.11,,,,0.12,0.5,11.28,94.27,10.66,89.34,,11.11,Over,0.11,-0.39,15.17,No,-0.45,-0.45,Non-Standard,https://www.freeiconspng.com/img/1934,2026-10-09T00:00:00Z,No,1.4,7.5,,,,,,,800,800,,0.1066,
2026-10-09T00:00:00Z,tabtouch,2026-10-08T09:13:24Z,Chicago White Sox,Cleveland Guardians,batter_home_runs,Kyle Teel,0.5,850,,10.53,,,,0.11,0.5,10.85,94.65,10.25,89.75,,10.53,Over,0.11,-0.39,15.17,No,-0.28,-0.28,Non-Standard,https://www.freeiconspng.com/img/1934,2026-10-09T00:00:00Z,No,1.4,7.5,Pirates @ White Sox,2026-09-08T23:40:00Z,Tue 07:40pm,Rate Field,outdoor,,850,850,9/8/2026,0.1025,
2026-10-09T00:00:00Z,tabtouch,2026-10-08T09:13:24Z,Chicago White Sox,Cleveland Guardians,batter_home_runs,Munetaka Murakami,1.5,4000,,2.44,,,,0.24,,,,,,,2.44,Over,0.24,-1.26,8.16,No,,,Non-Standard,https://www.freeiconspng.com/img/1934,2026-10-09T00:00:00Z,No,1.4,7.5,Pirates @ White Sox,2026-09-08T23:40:00Z,Tue 07:40pm,Rate Field,outdoor,,3998,,9/8/2026,0.0732,
2026-10-09T00:00:00Z,tabtouch,2026-10-08T09:13:24Z,Chicago White Sox,Cleveland Guardians,batter_home_runs,Brayan Rocchio,1.5,18000,,0.55,,,,0.11,,,,,,,0.55,Over,0.11,-1.39,7.76,No,,,Non-Standard,https://www.freeiconspng.com/img/1934,2026-10-09T00:00:00Z,No,1.4,7.5,Guardians @ Orioles,2026-09-08T22:35:00Z,Tue 06:35pm,Oriole Park at Camden Yards,outdoor,,18082,,9/8/2026,0.0165,
2026-10-09T00:00:00Z,tabtouch,2026-10-08T09:13:24Z,Chicago White Sox,Cleveland Guardians,batter_home_runs,Nathaniel Lowe,1.5,12000,,0.83,,,,0.13,,,,,,,0.83,Over,0.13,-1.37,7.76,No,,,Non-Standard,https://www.freeiconspng.com/img/1934,2026-10-09T00:00:00Z,No,1.4,7.5,Guardians @ Orioles,2026-09-08T22:35:00Z,Tue 06:35pm,Oriole Park at Camden Yards,outdoor,,11948,,9/8/2026,0.0249,
2026-10-09T00:00:00Z,tabtouch,2026-10-08T09:13:24Z,Chicago White Sox,Cleveland Guardians,batter_home_runs,Patrick Bailey,1.5,13000,,0.76,,,,0.13,,,,,,,0.76,Over,0.13,-1.37,7.76,No,,,Non-Standard,https://www.freeiconspng.com/img/1934,2026-10-09T00:00:00Z,No,1.4,7.5,Guardians @ Orioles,2026-09-08T22:35:00Z,Tue 06:35pm,Oriole Park at Camden Yards,outdoor,,13058,,9/8/2026,0.0228,
2026-10-09T00:00:00Z,tabtouch,2026-10-08T09:13:24Z,Chicago White Sox,Cleveland Guardians,batter_home_runs,Travis Bazzana,0.5,900,,10,,,,0.11,0.5,10.35,95.25,9.78,90.22,,10,Over,0.1,-0.4,14.37,No,-0.22,-0.22,Non-Standard,https://www.freeiconspng.com/img/1934,2026-10-09T00:00:00Z,No,1.4,7.5,Guardians @ Orioles,2026-09-08T22:35:00Z,Tue 06:35pm,Oriole Park at Camden Yards,outdoor,,900,900,9/8/2026,0.0978,
2026-10-09T00:00:00Z,tabtouch,2026-10-08T09:13:24Z,Chicago White Sox,Cleveland Guardians,batter_home_runs,Munetaka Murakami,0.5,450,,18.18,,,,0.2,0.5,19.91,85.95,18.81,81.19,,18.18,Over,0.21,-0.29,22.67,No,0.63,0.63,Non-Standard,https://www.freeiconspng.com/img/1934,2026-10-09T00:00:00Z,No,1.4,7.5,Pirates @ White Sox,2026-09-08T23:40:00Z,Tue 07:40pm,Rate Field,outdoor,,450,450,9/8/2026,0.1881,
2026-10-09T00:00:00Z,tabtouch,2026-10-08T09:13:24Z,Chicago White Sox,Cleveland Guardians,batter_home_runs,Jo Adell,1.5,7000,,1.41,,,,0.18,,,,,,,1.41,Over,0.18,-1.32,7.76,No,,,Non-Standard,https://www.freeiconspng.com/img/1934,2026-10-09T00:00:00Z,No,1.4,7.5,Guardians @ Orioles,2026-09-08T22:35:00Z,Tue 06:35pm,Oriole Park at Camden Yards,outdoor,,6992,,9/8/2026,0.0423,
2026-10-09T00:00:00Z,tabtouch,2026-10-08T09:13:24Z,Chicago White Sox,Cleveland Guardians,batter_home_runs,Brenton Doyle,0.5,850,,10.53,,,,0.11,0.5,12.23,94,11.46,88.54,,10.53,Over,0.12,-0.38,15.95,No,0.93,0.93,Non-Standard,https://www.freeiconspng.com/img/1934,2026-10-09T00:00:00Z,No,1.4,7.5,,,,,,,850,850,,0.1146,
2026-10-09T00:00:00Z,tabtouch,2026-10-08T09:13:24Z,Chicago White Sox,Cleveland Guardians,batter_home_runs,Brayan Rocchio,0.5,900,,10,,,,0.11,0.5,9.39,96.37,8.84,91.16,,10,Over,0.09,-0.41,13.57,No,-1.16,-1.16,Non-Standard,https://www.freeiconspng.com/img/1934,2026-10-09T00:00:00Z,No,1.4,7.5,Guardians @ Orioles,2026-09-08T22:35:00Z,Tue 06:35pm,Oriole Park at Camden Yards,outdoor,,900,900,9/8/2026,0.0884,
2026-10-09T00:00:00Z,tabtouch,2026-10-08T09:13:24Z,Chicago White Sox,Cleveland Guardians,batter_home_runs,Chase DeLauter,1.5,9000,,1.1,,,,0.16,,,,,,,1.1,Over,0.16,-1.34,7.76,No,,,Non-Standard,https://www.freeiconspng.com/img/1934,2026-10-09T00:00:00Z,No,1.4,7.5,,,,,,,8991,,,0.033,
2026-10-09T00:00:00Z,tabtouch,2026-10-08T09:13:24Z,Chicago White Sox,Cleveland Guardians,batter_home_runs,Chase DeLauter,0.5,650,,13.33,,,,0.14,0.5,13.36,93.16,12.53,87.47,,13.33,Over,0.13,-0.37,16.73,No,-0.80,-0.8,Non-Standard,https://www.freeiconspng.com/img/1934,2026-10-09T00:00:00Z,No,1.4,7.5,,,,,,,650,650,,0.1253,
2026-10-09T00:00:00Z,tabtouch,2026-10-08T09:13:24Z,Chicago White Sox,Cleveland Guardians,batter_home_runs,Steven Kwan,0.5,1900,,5,,,,0.05,0.5,6.41,96.97,6.17,93.83,,5,Over,0.06,-0.44,11.12,No,1.17,1.17,Non-Standard,https://www.freeiconspng.com/img/1934,2026-10-09T00:00:00Z,No,1.4,7.5,Guardians @ Orioles,2026-09-08T22:35:00Z,Tue 06:35pm,Oriole Park at Camden Yards,outdoor,,1900,1900,9/8/2026,0.0617,
2026-10-09T00:00:00Z,tabtouch,2026-10-08T09:13:24Z,Chicago White Sox,Cleveland Guardians,batter_home_runs,Braden Montgomery,0.5,1400,,6.67,,,,0.07,0.5,9.3,95.4,8.85,91.15,,6.67,Over,0.09,-0.41,13.57,No,2.18,2.18,Non-Standard,https://www.freeiconspng.com/img/1934,2026-10-09T00:00:00Z,No,1.4,7.5,Pirates @ White Sox,2026-09-08T23:40:00Z,Tue 07:40pm,Rate Field,outdoor,,1399,1399,9/8/2026,0.0885,
2026-10-09T00:00:00Z,tabtouch,2026-10-08T09:13:24Z,Chicago White Sox,Cleveland Guardians,batter_home_runs,Braden Montgomery,1.5,40000,,0.25,,,,0.07,,,,,,,0.25,Over,0.07,-1.43,7.76,No,,,Non-Standard,https://www.freeiconspng.com/img/1934,2026-10-09T00:00:00Z,No,1.4,7.5,Pirates @ White Sox,2026-09-08T23:40:00Z,Tue 07:40pm,Rate Field,outdoor,,39900,,9/8/2026,0.0075,
2026-10-09T00:00:00Z,tabtouch,2026-10-08T09:13:24Z,Chicago White Sox,Cleveland Guardians,batter_home_runs,Jose Ramirez,1.5,7000,,1.41,,,,0.18,,,,,,,1.41,Over,0.18,-1.32,7.76,No,,,Non-Standard,https://www.freeiconspng.com/img/1934,2026-10-09T00:00:00Z,No,1.4,7.5,,,,,,,6992,,,0.0423,
2026-10-09T00:00:00Z,tabtouch,2026-10-08T09:13:24Z,Chicago White Sox,Cleveland Guardians,batter_home_runs,Miguel Vargas,1.5,5500,,1.79,,,,0.2,,,,,,,1.79,Over,0.2,-1.3,7.76,No,,,Non-Standard,https://www.freeiconspng.com/img/1934,2026-10-09T00:00:00Z,No,1.4,7.5,Pirates @ White Sox,2026-09-08T23:40:00Z,Tue 07:40pm,Rate Field,outdoor,,5487,,9/8/2026,0.0537,
2026-10-09T00:00:00Z,tabtouch,2026-10-08T09:13:24Z,Chicago White Sox,Cleveland Guardians,batter_home_runs,Patrick Bailey,0.5,750,,11.76,,,,0.13,0.5,11.88,93.88,11.2,88.8,,11.76,Over,0.12,-0.38,15.95,No,-0.56,-0.56,Non-Standard,https://www.freeiconspng.com/img/1934,2026-10-09T00:00:00Z,No,1.4,7.5,Guardians @ Orioles,2026-09-08T22:35:00Z,Tue 06:35pm,Oriole Park at Camden Yards,outdoor,,750,750,9/8/2026,0.112,
2026-10-09T00:00:00Z,tabtouch,2026-10-08T09:13:24Z,Chicago White Sox,Cleveland Guardians,batter_home_runs,Randal Grichuk,1.5,10000,,0.99,,,,0.15,,,,,,,0.99,Over,0.15,-1.35,7.76,No,,,Non-Standard,https://www.freeiconspng.com/img/1934,2026-10-09T00:00:00Z,No,1.4,7.5,,,,,,,10001,,,0.0297,
2026-10-09T00:00:00Z,tabtouch,2026-10-08T09:13:24Z,Chicago White Sox,Cleveland Guardians,batter_home_runs,Kyle Teel,1.5,22500,,0.44,,,,0.1,,,,,,,0.44,Over,0.1,-1.4,7.76,No,,,Non-Standard,https://www.freeiconspng.com/img/1934,2026-10-09T00:00:00Z,No,1.4,7.5,Pirates @ White Sox,2026-09-08T23:40:00Z,Tue 07:40pm,Rate Field,outdoor,,22627,,9/8/2026,0.0132,
2026-10-09T00:00:00Z,tabtouch,2026-10-08T09:13:24Z,Chicago White Sox,Cleveland Guardians,batter_home_runs,Angel Martinez,1.5,16000,,0.62,,,,0.12,,,,,,,0.62,Over,0.12,-1.38,7.76,No,,,Non-Standard,https://www.freeiconspng.com/img/1934,2026-10-09T00:00:00Z,No,1.4,7.5,,,,,,,16029,,,0.0186,
2026-10-09T00:00:00Z,tabtouch,2026-10-08T09:13:24Z,Chicago White Sox,Cleveland Guardians,batter_home_runs,Chase Meidroth,1.5,40000,,0.25,,,,0.07,,,,,,,0.25,Over,0.07,-1.43,7.76,No,,,Non-Standard,https://www.freeiconspng.com/img/1934,2026-10-09T00:00:00Z,No,1.4,7.5,Pirates @ White Sox,2026-09-08T23:40:00Z,Tue 07:40pm,Rate Field,outdoor,,39900,,9/8/2026,0.0075,
2026-10-09T00:00:00Z,tabtouch,2026-10-08T09:13:24Z,Chicago White Sox,Cleveland Guardians,batter_home_runs,Chase Meidroth,0.5,1200,,7.69,,,,0.08,0.5,8.59,96.63,8.14,91.86,,7.69,Over,0.08,-0.42,12.77,No,0.45,0.45,Non-Standard,https://www.freeiconspng.com/img/1934,2026-10-09T00:00:00Z,No,1.4,7.5,Pirates @ White Sox,2026-09-08T23:40:00Z,Tue 07:40pm,Rate Field,outdoor,,1200,1200,9/8/2026,0.0814,
2026-10-09T00:00:00Z,tabtouch,2026-10-08T09:13:24Z,Chicago White Sox,Cleveland Guardians,batter_home_runs,Jo Adell,0.5,525,,16,,,,0.17,0.5,16.61,89.09,15.68,84.32,,16,Over,0.17,-0.33,19.76,No,-0.32,-0.32,Non-Standard,https://www.freeiconspng.com/img/1934,2026-10-09T00:00:00Z,No,1.4,7.5,Guardians @ Orioles,2026-09-08T22:35:00Z,Tue 06:35pm,Oriole Park at Camden Yards,outdoor,,525,525,9/8/2026,0.1568,
2026-10-09T00:00:00Z,tabtouch,2026-10-08T09:13:24Z,Chicago White Sox,Cleveland Guardians,batter_home_runs,Brenton Doyle,1.5,20000,,0.5,,,,0.1,,,,,,,0.5,Over,0.1,-1.4,7.76,No,,,Non-Standard,https://www.freeiconspng.com/img/1934,2026-10-09T00:00:00Z,No,1.4,7.5,,,,,,,19900,,,0.015,
2026-10-09T00:00:00Z,tabtouch,2026-10-08T09:13:24Z,Chicago White Sox,Cleveland Guardians,batter_home_runs,Steven Kwan,1.5,75000,,0.13,,,,0.05,,,,,,,0.13,Over,0.05,-1.45,7.76,No,,,Non-Standard,https://www.freeiconspng.com/img/1934,2026-10-09T00:00:00Z,No,1.4,7.5,Guardians @ Orioles,2026-09-08T22:35:00Z,Tue 06:35pm,Oriole Park at Camden Yards,outdoor,,76823,,9/8/2026,0.0039,
2026-10-09T00:00:00Z,tabtouch,2026-10-08T09:13:24Z,Chicago White Sox,Cleveland Guardians,batter_home_runs,Nathaniel Lowe,0.5,700,,12.5,,,,0.13,0.5,12.53,93.79,11.75,88.25,,12.5,Over,0.13,-0.37,16.73,No,-0.75,-0.75,Non-Standard,https://www.freeiconspng.com/img/1934,2026-10-09T00:00:00Z,No,1.4,7.5,Guardians @ Orioles,2026-09-08T22:35:00Z,Tue 06:35pm,Oriole Park at Camden Yards,outdoor,,700,700,9/8/2026,0.1175,
2026-10-09T00:00:00Z,tabtouch,2026-10-08T09:13:24Z,Chicago White Sox,Cleveland Guardians,batter_home_runs,Jose Ramirez,0.5,575,,14.81,,,,0.16,0.5,15.39,90.29,14.53,85.47,,14.81,Over,0.16,-0.34,19.01,No,-0.28,-0.28,Non-Standard,https://www.freeiconspng.com/img/1934,2026-10-09T00:00:00Z,No,1.4,7.5,,,,,,,575,575,,0.1453,
2026-10-09T00:00:00Z,tabtouch,2026-10-08T09:13:24Z,Chicago White Sox,Cleveland Guardians,batter_home_runs,Miguel Vargas,0.5,475,,17.39,,,,0.19,0.5,17.38,88.64,16.35,83.65,,17.39,Over,0.18,-0.32,20.5,No,-1.04,-1.04,Non-Standard,https://www.freeiconspng.com/img/1934,2026-10-09T00:00:00Z,No,1.4,7.5,Pirates @ White Sox,2026-09-08T23:40:00Z,Tue 07:40pm,Rate Field,outdoor,,475,475,9/8/2026,0.1635,
2026-10-09T00:00:00Z,tabtouch,2026-10-08T09:13:24Z,Chicago White Sox,Cleveland Guardians,batter_home_runs,Tommy Pham,1.5,22500,,0.44,,,,0.1,,,,,,,0.44,Over,0.1,-1.4,7.76,No,,,Non-Standard,https://www.freeiconspng.com/img/1934,,No,1.4,7.5,,,,,,,22627,,,0.0132,
2026-10-09T00:00:00Z,tabtouch,2026-10-08T09:13:24Z,Chicago White Sox,Cleveland Guardians,batter_home_runs,Tommy Pham,0.5,1050,,8.7,,,,0.09,0.5,10.62,94.72,10.05,89.95,,8.7,Over,0.11,-0.39,15.17,No,1.35,1.35,Non-Standard,https://www.freeiconspng.com/img/1934,,No,1.4,7.5,,,,,,,1049,1049,,0.1005,
2026-10-09T00:00:00Z,tabtouch,2026-10-08T09:13:24Z,Chicago White Sox,Cleveland Guardians,batter_home_runs,Travis Bazzana,1.5,22500,,0.44,,,,0.1,,,,,,,0.44,Over,0.1,-1.4,7.76,No,,,Non-Standard,https://www.freeiconspng.com/img/1934,2026-10-09T00:00:00Z,No,1.4,7.5,Guardians @ Orioles,2026-09-08T22:35:00Z,Tue 06:35pm,Oriole Park at Camden Yards,outdoor,,22627,,9/8/2026,0.0132,
2026-10-09T00:00:00Z,unibet,2026-10-08T09:12:59Z,Chicago White Sox,Cleveland Guardians,batter_hits,Miguel Vargas,0.5,-200,145,66.67,40.82,62.03,37.97,0.97,0.5,63.75,42.78,59.83,40.17,-6.84,59.83,Over,0.91,0.41,58.58,Yes,-2.20,-2.2,Standard,https://www.freeiconspng.com/img/1934,2026-10-09T00:00:00Z,No,1.4,7.5,Pirates @ White Sox,2026-09-08T23:40:00Z,Tue 07:40pm,Rate Field,outdoor,,-149,-149,9/8/2026,0.5983,https://upload.wikimedia.org/wikipedia/commons/2/24/Unibet-Logo-white.jpg
2026-10-09T00:00:00Z,unibet,2026-10-08T09:12:59Z,Chicago White Sox,Cleveland Guardians,batter_hits,Chase Meidroth,0.5,-205,145,67.21,40.82,62.22,37.78,0.97,0.5,66.43,40.49,62.15,37.85,-5.06,62.15,Over,0.97,0.47,60.64,Yes,-0.07,-0.07,Standard,https://www.freeiconspng.com/img/1934,2026-10-09T00:00:00Z,No,1.4,7.5,Pirates @ White Sox,2026-09-08T23:40:00Z,Tue 07:40pm,Rate Field,outdoor,,-164,-164,9/8/2026,0.6215,https://upload.wikimedia.org/wikipedia/commons/2/24/Unibet-Logo-white.jpg
2026-10-09T00:00:00Z,unibet,2026-10-08T09:12:59Z,Chicago White Sox,Cleveland Guardians,batter_hits,Travis Bazzana,0.5,-148,106,59.68,48.54,55.14,44.86,0.8,0.5,58.5,48.54,54.67,45.33,-5.01,54.67,Over,0.79,0.29,54.06,Yes,-0.47,-0.47,Standard,https://www.freeiconspng.com/img/1934,2026-10-09T00:00:00Z,No,1.4,7.5,Guardians @ Orioles,2026-09-08T22:35:00Z,Tue 06:35pm,Oriole Park at Camden Yards,outdoor,,-121,-121,9/8/2026,0.5467,https://upload.wikimedia.org/wikipedia/commons/2/24/Unibet-Logo-white.jpg
2026-10-09T00:00:00Z,unibet,2026-10-08T09:12:59Z,Chicago White Sox,Cleveland Guardians,batter_hits,Angel Martinez,0.5,-159,115,61.39,46.51,56.89,43.11,0.84,0.5,61.01,45.81,57.15,42.85,-4.24,57.15,Over,0.85,0.35,56.39,Yes,0.26,0.26,Standard,https://www.freeiconspng.com/img/1934,2026-10-09T00:00:00Z,No,1.4,7.5,,,,,,,-133,-133,,0.5715,https://upload.wikimedia.org/wikipedia/commons/2/24/Unibet-Logo-white.jpg
2026-10-09T00:00:00Z,unibet,2026-10-08T09:12:59Z,Chicago White Sox,Cleveland Guardians,batter_hits,Brenton Doyle,0.5,105,-141,48.78,58.51,45.47,54.53,0.61,0.5,51.77,55.96,48.02,51.98,-6.53,51.98,Under,0.65,0.15,51.94,No,-2.55,-2.55,Standard,https://www.freeiconspng.com/img/1934,2026-10-09T00:00:00Z,No,1.4,7.5,,,,,,,-108,-108,,0.4802,https://upload.wikimedia.org/wikipedia/commons/2/24/Unibet-Logo-white.jpg
2026-10-09T00:00:00Z,unibet,2026-10-08T09:12:59Z,Chicago White Sox,Cleveland Guardians,batter_hits,Jo Adell,0.5,-200,143,66.67,41.15,61.83,38.17,0.96,0.5,64.55,42.21,60.45,39.55,-6.22,60.45,Over,0.93,0.43,59.28,Yes,-1.38,-1.38,Standard,https://www.freeiconspng.com/img/1934,2026-10-09T00:00:00Z,No,1.4,7.5,Guardians @ Orioles,2026-09-08T22:35:00Z,Tue 06:35pm,Oriole Park at Camden Yards,outdoor,,-153,-153,9/8/2026,0.6045,https://upload.wikimedia.org/wikipedia/commons/2/24/Unibet-Logo-white.jpg
2026-10-09T00:00:00Z,unibet,2026-10-08T09:12:59Z,Chicago White Sox,Cleveland Guardians,batter_hits,Nathaniel Lowe,0.5,-165,120,62.26,45.45,57.8,42.2,0.86,0.5,61.05,45.68,57.2,42.8,-5.06,57.2,Over,0.85,0.35,56.39,Yes,-0.60,-0.6,Standard,https://www.freeiconspng.com/img/1934,2026-10-09T00:00:00Z,No,1.4,7.5,Guardians @ Orioles,2026-09-08T22:35:00Z,Tue 06:35pm,Oriole Park at Camden Yards,outdoor,,-134,-134,9/8/2026,0.572,https://upload.wikimedia.org/wikipedia/commons/2/24/Unibet-Logo-white.jpg
2026-10-09T00:00:00Z,unibet,2026-10-08T09:12:59Z,Chicago White Sox,Cleveland Guardians,batter_hits,Randal Grichuk,0.5,-137,100,57.81,50,53.62,46.38,0.77,0.5,59.7,46.63,56.15,43.85,-1.66,56.15,Over,0.82,0.32,55.24,Yes,2.53,2.53,Standard,https://www.freeiconspng.com/img/1934,2026-10-09T00:00:00Z,No,1.4,7.5,,,,,,,-128,-128,,0.5615,https://upload.wikimedia.org/wikipedia/commons/2/24/Unibet-Logo-white.jpg
2026-10-09T00:00:00Z,unibet,2026-10-08T09:12:59Z,Chicago White Sox,Cleveland Guardians,batter_hits,Steven Kwan,0.5,-235,165,70.15,37.74,65.02,34.98,1.05,0.5,69.88,36.8,65.52,34.48,-4.63,65.52,Over,1.06,0.56,63.51,Yes,0.50,0.5,Standard,https://www.freeiconspng.com/img/1934,2026-10-09T00:00:00Z,No,1.4,7.5,Guardians @ Orioles,2026-09-08T22:35:00Z,Tue 06:35pm,Oriole Park at Camden Yards,outdoor,,-190,-190,9/8/2026,0.6552,https://upload.wikimedia.org/wikipedia/commons/2/24/Unibet-Logo-white.jpg
2026-10-09T00:00:00Z,unibet,2026-10-08T09:12:59Z,Chicago White Sox,Cleveland Guardians,batter_hits,Patrick Bailey,0.5,-134,-103,57.26,50.74,53.02,46.98,0.76,0.5,56.59,50.14,53.02,46.98,-4.24,53.02,Over,0.76,0.26,52.85,Yes,0.00,0,Standard,https://www.freeiconspng.com/img/1934,2026-10-09T00:00:00Z,No,1.4,7.5,Guardians @ Orioles,2026-09-08T22:35:00Z,Tue 06:35pm,Oriole Park at Camden Yards,outdoor,,-113,-113,9/8/2026,0.5302,https://upload.wikimedia.org/wikipedia/commons/2/24/Unibet-Logo-white.jpg
2026-10-09T00:00:00Z,unibet,2026-10-08T09:12:59Z,Chicago White Sox,Cleveland Guardians,batter_hits,Kyle Teel,0.5,-132,-104,56.9,50.98,52.74,47.26,0.75,0.5,54.77,53.78,50.45,49.55,-6.45,50.45,Over,0.7,0.2,50.3,Yes,-2.29,-2.29,Standard,https://www.freeiconspng.com/img/1934,2026-10-09T00:00:00Z,No,1.4,7.5,Pirates @ White Sox,2026-09-08T23:40:00Z,Tue 07:40pm,Rate Field,outdoor,,-102,-102,9/8/2026,0.5045,https://upload.wikimedia.org/wikipedia/commons/2/24/Unibet-Logo-white.jpg
2026-10-09T00:00:00Z,unibet,2026-10-08T09:12:59Z,Chicago White Sox,Cleveland Guardians,batter_hits,Braden Montgomery,0.5,-139,102,58.16,49.5,54.02,45.98,0.78,0.5,57.45,49.3,53.82,46.18,-4.34,53.82,Over,0.77,0.27,53.25,Yes,-0.20,-0.2,Standard,https://www.freeiconspng.com/img/1934,2026-10-09T00:00:00Z,No,1.4,7.5,Pirates @ White Sox,2026-09-08T23:40:00Z,Tue 07:40pm,Rate Field,outdoor,,-117,-117,9/8/2026,0.5382,https://upload.wikimedia.org/wikipedia/commons/2/24/Unibet-Logo-white.jpg
2026-10-09T00:00:00Z,unibet,2026-10-08T09:12:59Z,Chicago White Sox,Cleveland Guardians,batter_hits,Jose Ramirez,0.5,-245,175,71.01,36.36,66.13,33.87,1.08,0.5,69.01,37.25,64.96,35.04,-6.05,64.96,Over,1.05,0.55,63.21,Yes,-1.17,-1.17,Standard,https://www.freeiconspng.com/img/1934,2026-10-09T00:00:00Z,No,1.4,7.5,,,,,,,-185,-185,,0.6496,https://upload.wikimedia.org/wikipedia/commons/2/24/Unibet-Logo-white.jpg
2026-10-09T00:00:00Z,unibet,2026-10-08T09:12:59Z,Chicago White Sox,Cleveland Guardians,batter_hits,Tommy Pham,0.5,-106,-129,51.46,56.33,47.74,52.26,0.65,0.5,50.25,56.47,47.12,52.88,-3.45,52.88,Under,0.64,0.14,52.4,No,0.62,0.62,Standard,https://www.freeiconspng.com/img/1934,,No,1.4,7.5,,,,,,,-112,-112,,0.4712,https://upload.wikimedia.org/wikipedia/commons/2/24/Unibet-Logo-white.jpg
2026-10-09T00:00:00Z,unibet,2026-10-08T09:12:59Z,Chicago White Sox,Cleveland Guardians,batter_hits,Chase DeLauter,0.5,-245,175,71.01,36.36,66.13,33.87,1.08,0.5,68.53,38.03,64.33,35.67,-6.68,64.33,Over,1.03,0.53,62.58,Yes,-1.80,-1.8,Standard,https://www.freeiconspng.com/img/1934,2026-10-09T00:00:00Z,No,1.4,7.5,,,,,,,-180,-180,,0.6433,https://upload.wikimedia.org/wikipedia/commons/2/24/Unibet-Logo-white.jpg
2026-10-09T00:00:00Z,unibet,2026-10-08T09:12:59Z,Chicago White Sox,Cleveland Guardians,batter_hits,Brayan Rocchio,0.5,-159,117,61.39,46.08,57.12,42.88,0.85,0.5,59.63,46.98,55.94,44.06,-5.45,55.94,Over,0.82,0.32,55.24,Yes,-1.18,-1.18,Standard,https://www.freeiconspng.com/img/1934,2026-10-09T00:00:00Z,No,1.4,7.5,Guardians @ Orioles,2026-09-08T22:35:00Z,Tue 06:35pm,Oriole Park at Camden Yards,outdoor,,-127,-127,9/8/2026,0.5594,https://upload.wikimedia.org/wikipedia/commons/2/24/Unibet-Logo-white.jpg
2026-10-09T00:00:00Z,unibet,2026-10-08T09:12:59Z,Chicago White Sox,Cleveland Guardians,batter_hits,Munetaka Murakami,0.5,-148,108,59.68,48.08,55.38,44.62,0.81,0.5,56.45,49.64,53.19,46.81,-6.49,53.19,Over,0.76,0.26,52.85,Yes,-2.19,-2.19,Standard,https://www.freeiconspng.com/img/1934,2026-10-09T00:00:00Z,No,1.4,7.5,Pirates @ White Sox,2026-09-08T23:40:00Z,Tue 07:40pm,Rate Field,outdoor,,-114,-114,9/8/2026,0.5319,https://upload.wikimedia.org/wikipedia/commons/2/24/Unibet-Logo-white.jpg
2026-10-09T00:00:00Z,unibet,2026-10-08T09:12:59Z,Chicago White Sox,Cleveland Guardians,batter_home_runs,Randal Grichuk,0.5,650,-1667,13.33,94.34,12.38,87.62,0.13,0.5,15.15,90.51,14.32,85.68,-8.66,85.68,Under,0.15,-0.35,81.74,Yes,-1.94,-1.94,Standard,https://www.freeiconspng.com/img/1934,2026-10-09T00:00:00Z,No,1.4,7.5,,,,,,,-598,-598,,0.1432,https://upload.wikimedia.org/wikipedia/commons/2/24/Unibet-Logo-white.jpg
2026-10-09T00:00:00Z,unibet,2026-10-08T09:12:59Z,Chicago White Sox,Cleveland Guardians,batter_home_runs,Angel Martinez,0.5,800,-2500,11.11,96.15,10.36,89.64,0.11,0.5,11.28,94.27,10.66,89.34,-6.81,89.34,Under,0.11,-0.39,84.83,Yes,-0.30,-0.3,Standard,https://www.freeiconspng.com/img/1934,2026-10-09T00:00:00Z,No,1.4,7.5,,,,,,,-838,-838,,0.1066,https://upload.wikimedia.org/wikipedia/commons/2/24/Unibet-Logo-white.jpg
2026-10-09T00:00:00Z,unibet,2026-10-08T09:12:59Z,Chicago White Sox,Cleveland Guardians,batter_home_runs,Kyle Teel,0.5,850,-2500,10.53,96.15,9.87,90.13,0.1,0.5,10.85,94.65,10.25,89.75,-6.4,89.75,Under,0.11,-0.39,84.83,Yes,-0.38,-0.38,Standard,https://www.freeiconspng.com/img/1934,2026-10-09T00:00:00Z,No,1.4,7.5,Pirates @ White Sox,2026-09-08T23:40:00Z,Tue 07:40pm,Rate Field,outdoor,,-876,-876,9/8/2026,0.1025,https://upload.wikimedia.org/wikipedia/commons/2/24/Unibet-Logo-white.jpg
2026-10-09T00:00:00Z,unibet,2026-10-08T09:12:59Z,Chicago White Sox,Cleveland Guardians,batter_home_runs,Munetaka Murakami,1.5,4000,,2.44,,,,0.24,,,,,,,2.44,Over,0.24,-1.26,8.16,No,,,Non-Standard,https://www.freeiconspng.com/img/1934,2026-10-09T00:00:00Z,No,1.4,7.5,Pirates @ White Sox,2026-09-08T23:40:00Z,Tue 07:40pm,Rate Field,outdoor,,3998,,9/8/2026,0.0732,https://upload.wikimedia.org/wikipedia/commons/2/24/Unibet-Logo-white.jpg
2026-10-09T00:00:00Z,unibet,2026-10-08T09:12:59Z,Chicago White Sox,Cleveland Guardians,batter_home_runs,Brayan Rocchio,1.5,18000,,0.55,,,,0.11,,,,,,,0.55,Over,0.11,-1.39,7.76,No,,,Non-Standard,https://www.freeiconspng.com/img/1934,2026-10-09T00:00:00Z,No,1.4,7.5,Guardians @ Orioles,2026-09-08T22:35:00Z,Tue 06:35pm,Oriole Park at Camden Yards,outdoor,,18082,,9/8/2026,0.0165,https://upload.wikimedia.org/wikipedia/commons/2/24/Unibet-Logo-white.jpg
2026-10-09T00:00:00Z,unibet,2026-10-08T09:12:59Z,Chicago White Sox,Cleveland Guardians,batter_home_runs,Nathaniel Lowe,1.5,12000,,0.83,,,,0.13,,,,,,,0.83,Over,0.13,-1.37,7.76,No,,,Non-Standard,https://www.freeiconspng.com/img/1934,2026-10-09T00:00:00Z,No,1.4,7.5,Guardians @ Orioles,2026-09-08T22:35:00Z,Tue 06:35pm,Oriole Park at Camden Yards,outdoor,,11948,,9/8/2026,0.0249,https://upload.wikimedia.org/wikipedia/commons/2/24/Unibet-Logo-white.jpg
2026-10-09T00:00:00Z,unibet,2026-10-08T09:12:59Z,Chicago White Sox,Cleveland Guardians,batter_home_runs,Patrick Bailey,1.5,13000,,0.76,,,,0.13,,,,,,,0.76,Over,0.13,-1.37,7.76,No,,,Non-Standard,https://www.freeiconspng.com/img/1934,2026-10-09T00:00:00Z,No,1.4,7.5,Guardians @ Orioles,2026-09-08T22:35:00Z,Tue 06:35pm,Oriole Park at Camden Yards,outdoor,,13058,,9/8/2026,0.0228,https://upload.wikimedia.org/wikipedia/commons/2/24/Unibet-Logo-white.jpg
2026-10-09T00:00:00Z,unibet,2026-10-08T09:12:59Z,Chicago White Sox,Cleveland Guardians,batter_home_runs,Travis Bazzana,0.5,900,-2500,10,96.15,9.42,90.58,0.1,0.5,10.35,95.25,9.78,90.22,-5.93,90.22,Under,0.1,-0.4,85.63,Yes,-0.36,-0.36,Standard,https://www.freeiconspng.com/img/1934,2026-10-09T00:00:00Z,No,1.4,7.5,Guardians @ Orioles,2026-09-08T22:35:00Z,Tue 06:35pm,Oriole Park at Camden Yards,outdoor,,-922,-922,9/8/2026,0.0978,https://upload.wikimedia.org/wikipedia/commons/2/24/Unibet-Logo-white.jpg
2026-10-09T00:00:00Z,unibet,2026-10-08T09:12:59Z,Chicago White Sox,Cleveland Guardians,batter_home_runs,Munetaka Murakami,0.5,450,-835,18.18,89.3,16.92,83.08,0.19,0.5,19.91,85.95,18.81,81.19,-8.11,81.19,Under,0.21,-0.29,77.33,Yes,-1.89,-1.89,Standard,https://www.freeiconspng.com/img/1934,2026-10-09T00:00:00Z,No,1.4,7.5,Pirates @ White Sox,2026-09-08T23:40:00Z,Tue 07:40pm,Rate Field,outdoor,,-432,-432,9/8/2026,0.1881,https://upload.wikimedia.org/wikipedia/commons/2/24/Unibet-Logo-white.jpg
2026-10-09T00:00:00Z,unibet,2026-10-08T09:12:59Z,Chicago White Sox,Cleveland Guardians,batter_home_runs,Jo Adell,1.5,7000,,1.41,,,,0.18,,,,,,,1.41,Over,0.18,-1.32,7.76,No,,,Non-Standard,https://www.freeiconspng.com/img/1934,2026-10-09T00:00:00Z,No,1.4,7.5,Guardians @ Orioles,2026-09-08T22:35:00Z,Tue 06:35pm,Oriole Park at Camden Yards,outdoor,,6992,,9/8/2026,0.0423,https://upload.wikimedia.org/wikipedia/commons/2/24/Unibet-Logo-white.jpg
2026-10-09T00:00:00Z,unibet,2026-10-08T09:12:59Z,Chicago White Sox,Cleveland Guardians,batter_home_runs,Brenton Doyle,0.5,850,-2500,10.53,96.15,9.87,90.13,0.1,0.5,12.23,94,11.46,88.54,-7.61,88.54,Under,0.12,-0.38,84.05,Yes,-1.59,-1.59,Standard,https://www.freeiconspng.com/img/1934,2026-10-09T00:00:00Z,No,1.4,7.5,,,,,,,-773,-773,,0.1146,https://upload.wikimedia.org/wikipedia/commons/2/24/Unibet-Logo-white.jpg
2026-10-09T00:00:00Z,unibet,2026-10-08T09:12:59Z,Chicago White Sox,Cleveland Guardians,batter_home_runs,Brayan Rocchio,0.5,900,-2500,10,96.15,9.42,90.58,0.1,0.5,9.39,96.37,8.84,91.16,-4.99,91.16,Under,0.09,-0.41,86.43,Yes,0.58,0.58,Standard,https://www.freeiconspng.com/img/1934,2026-10-09T00:00:00Z,No,1.4,7.5,Guardians @ Orioles,2026-09-08T22:35:00Z,Tue 06:35pm,Oriole Park at Camden Yards,outdoor,,-1031,-1031,9/8/2026,0.0884,https://upload.wikimedia.org/wikipedia/commons/2/24/Unibet-Logo-white.jpg
2026-10-09T00:00:00Z,unibet,2026-10-08T09:12:59Z,Chicago White Sox,Cleveland Guardians,batter_home_runs,Chase DeLauter,1.5,9000,,1.1,,,,0.16,,,,,,,1.1,Over,0.16,-1.34,7.76,No,,,Non-Standard,https://www.freeiconspng.com/img/1934,2026-10-09T00:00:00Z,No,1.4,7.5,,,,,,,8991,,,0.033,https://upload.wikimedia.org/wikipedia/commons/2/24/Unibet-Logo-white.jpg
2026-10-09T00:00:00Z,unibet,2026-10-08T09:12:59Z,Chicago White Sox,Cleveland Guardians,batter_home_runs,Chase DeLauter,0.5,650,-1667,13.33,94.34,12.38,87.62,0.13,0.5,13.36,93.16,12.53,87.47,-6.87,87.47,Under,0.13,-0.37,83.27,Yes,-0.15,-0.15,Standard,https://www.freeiconspng.com/img/1934,2026-10-09T00:00:00Z,No,1.4,7.5,,,,,,,-698,-698,,0.1253,https://upload.wikimedia.org/wikipedia/commons/2/24/Unibet-Logo-white.jpg
2026-10-09T00:00:00Z,unibet,2026-10-08T09:12:59Z,Chicago White Sox,Cleveland Guardians,batter_home_runs,Steven Kwan,0.5,1900,,5,,,,0.05,0.5,6.41,96.97,6.17,93.83,,5,Over,0.06,-0.44,11.12,No,1.17,1.17,Non-Standard,https://www.freeiconspng.com/img/1934,2026-10-09T00:00:00Z,No,1.4,7.5,Guardians @ Orioles,2026-09-08T22:35:00Z,Tue 06:35pm,Oriole Park at Camden Yards,outdoor,,1900,1900,9/8/2026,0.0617,https://upload.wikimedia.org/wikipedia/commons/2/24/Unibet-Logo-white.jpg
2026-10-09T00:00:00Z,unibet,2026-10-08T09:12:59Z,Chicago White Sox,Cleveland Guardians,batter_home_runs,Braden Montgomery,0.5,1400,,6.67,,,,0.07,0.5,9.3,95.4,8.85,91.15,,6.67,Over,0.09,-0.41,13.57,No,2.18,2.18,Non-Standard,https://www.freeiconspng.com/img/1934,2026-10-09T00:00:00Z,No,1.4,7.5,Pirates @ White Sox,2026-09-08T23:40:00Z,Tue 07:40pm,Rate Field,outdoor,,1399,1399,9/8/2026,0.0885,https://upload.wikimedia.org/wikipedia/commons/2/24/Unibet-Logo-white.jpg
2026-10-09T00:00:00Z,unibet,2026-10-08T09:12:59Z,Chicago White Sox,Cleveland Guardians,batter_home_runs,Braden Montgomery,1.5,40000,,0.25,,,,0.07,,,,,,,0.25,Over,0.07,-1.43,7.76,No,,,Non-Standard,https://www.freeiconspng.com/img/1934,2026-10-09T00:00:00Z,No,1.4,7.5,Pirates @ White Sox,2026-09-08T23:40:00Z,Tue 07:40pm,Rate Field,outdoor,,39900,,9/8/2026,0.0075,https://upload.wikimedia.org/wikipedia/commons/2/24/Unibet-Logo-white.jpg
2026-10-09T00:00:00Z,unibet,2026-10-08T09:12:59Z,Chicago White Sox,Cleveland Guardians,batter_home_runs,Jose Ramirez,1.5,7000,,1.41,,,,0.18,,,,,,,1.41,Over,0.18,-1.32,7.76,No,,,Non-Standard,https://www.freeiconspng.com/img/1934,2026-10-09T00:00:00Z,No,1.4,7.5,,,,,,,6992,,,0.0423,https://upload.wikimedia.org/wikipedia/commons/2/24/Unibet-Logo-white.jpg
2026-10-09T00:00:00Z,unibet,2026-10-08T09:12:59Z,Chicago White Sox,Cleveland Guardians,batter_home_runs,Miguel Vargas,1.5,5500,,1.79,,,,0.2,,,,,,,1.79,Over,0.2,-1.3,7.76,No,,,Non-Standard,https://www.freeiconspng.com/img/1934,2026-10-09T00:00:00Z,No,1.4,7.5,Pirates @ White Sox,2026-09-08T23:40:00Z,Tue 07:40pm,Rate Field,outdoor,,5487,,9/8/2026,0.0537,https://upload.wikimedia.org/wikipedia/commons/2/24/Unibet-Logo-white.jpg
2026-10-09T00:00:00Z,unibet,2026-10-08T09:12:59Z,Chicago White Sox,Cleveland Guardians,batter_home_runs,Patrick Bailey,0.5,750,-2000,11.76,95.24,10.99,89.01,0.12,0.5,11.88,93.88,11.2,88.8,-6.44,88.8,Under,0.12,-0.38,84.05,Yes,-0.21,-0.21,Standard,https://www.freeiconspng.com/img/1934,2026-10-09T00:00:00Z,No,1.4,7.5,Guardians @ Orioles,2026-09-08T22:35:00Z,Tue 06:35pm,Oriole Park at Camden Yards,outdoor,,-793,-793,9/8/2026,0.112,https://upload.wikimedia.org/wikipedia/commons/2/24/Unibet-Logo-white.jpg
2026-10-09T00:00:00Z,unibet,2026-10-08T09:12:59Z,Chicago White Sox,Cleveland Guardians,batter_home_runs,Randal Grichuk,1.5,10000,,0.99,,,,0.15,,,,,,,0.99,Over,0.15,-1.35,7.76,No,,,Non-Standard,https://www.freeiconspng.com/img/1934,2026-10-09T00:00:00Z,No,1.4,7.5,,,,,,,10001,,,0.0297,https://upload.wikimedia.org/wikipedia/commons/2/24/Unibet-Logo-white.jpg
2026-10-09T00:00:00Z,unibet,2026-10-08T09:12:59Z,Chicago White Sox,Cleveland Guardians,batter_home_runs,Kyle Teel,1.5,22500,,0.44,,,,0.1,,,,,,,0.44,Over,0.1,-1.4,7.76,No,,,Non-Standard,https://www.freeiconspng.com/img/1934,2026-10-09T00:00:00Z,No,1.4,7.5,Pirates @ White Sox,2026-09-08T23:40:00Z,Tue 07:40pm,Rate Field,outdoor,,22627,,9/8/2026,0.0132,https://upload.wikimedia.org/wikipedia/commons/2/24/Unibet-Logo-white.jpg
2026-10-09T00:00:00Z,unibet,2026-10-08T09:12:59Z,Chicago White Sox,Cleveland Guardians,batter_home_runs,Angel Martinez,1.5,16000,,0.62,,,,0.12,,,,,,,0.62,Over,0.12,-1.38,7.76,No,,,Non-Standard,https://www.freeiconspng.com/img/1934,2026-10-09T00:00:00Z,No,1.4,7.5,,,,,,,16029,,,0.0186,https://upload.wikimedia.org/wikipedia/commons/2/24/Unibet-Logo-white.jpg
2026-10-09T00:00:00Z,unibet,2026-10-08T09:12:59Z,Chicago White Sox,Cleveland Guardians,batter_home_runs,Chase Meidroth,1.5,40000,,0.25,,,,0.07,,,,,,,0.25,Over,0.07,-1.43,7.76,No,,,Non-Standard,https://www.freeiconspng.com/img/1934,2026-10-09T00:00:00Z,No,1.4,7.5,Pirates @ White Sox,2026-09-08T23:40:00Z,Tue 07:40pm,Rate Field,outdoor,,39900,,9/8/2026,0.0075,https://upload.wikimedia.org/wikipedia/commons/2/24/Unibet-Logo-white.jpg
2026-10-09T00:00:00Z,unibet,2026-10-08T09:12:59Z,Chicago White Sox,Cleveland Guardians,batter_home_runs,Chase Meidroth,0.5,1200,-5000,7.69,98.04,7.28,92.72,0.08,0.5,8.59,96.63,8.14,91.86,-6.18,91.86,Under,0.08,-0.42,87.23,Yes,-0.86,-0.86,Standard,https://www.freeiconspng.com/img/1934,2026-10-09T00:00:00Z,No,1.4,7.5,Pirates @ White Sox,2026-09-08T23:40:00Z,Tue 07:40pm,Rate Field,outdoor,,-1129,-1129,9/8/2026,0.0814,https://upload.wikimedia.org/wikipedia/commons/2/24/Unibet-Logo-white.jpg
2026-10-09T00:00:00Z,unibet,2026-10-08T09:12:59Z,Chicago White Sox,Cleveland Guardians,batter_home_runs,Jo Adell,0.5,525,-1115,16,91.77,14.85,85.15,0.16,0.5,16.61,89.09,15.68,84.32,-7.45,84.32,Under,0.17,-0.33,80.24,Yes,-0.83,-0.83,Standard,https://www.freeiconspng.com/img/1934,2026-10-09T00:00:00Z,No,1.4,7.5,Guardians @ Orioles,2026-09-08T22:35:00Z,Tue 06:35pm,Oriole Park at Camden Yards,outdoor,,-538,-538,9/8/2026,0.1568,https://upload.wikimedia.org/wikipedia/commons/2/24/Unibet-Logo-white.jpg
2026-10-09T00:00:00Z,unibet,2026-10-08T09:12:59Z,Chicago White Sox,Cleveland Guardians,batter_home_runs,Brenton Doyle,1.5,20000,,0.5,,,,0.1,,,,,,,0.5,Over,0.1,-1.4,7.76,No,,,Non-Standard,https://www.freeiconspng.com/img/1934,2026-10-09T00:00:00Z,No,1.4,7.5,,,,,,,19900,,,0.015,https://upload.wikimedia.org/wikipedia/commons/2/24/Unibet-Logo-white.jpg
2026-10-09T00:00:00Z,unibet,2026-10-08T09:12:59Z,Chicago White Sox,Cleveland Guardians,batter_home_runs,Steven Kwan,1.5,75000,,0.13,,,,0.05,,,,,,,0.13,Over,0.05,-1.45,7.76,No,,,Non-Standard,https://www.freeiconspng.com/img/1934,2026-10-09T00:00:00Z,No,1.4,7.5,Guardians @ Orioles,2026-09-08T22:35:00Z,Tue 06:35pm,Oriole Park at Camden Yards,outdoor,,76823,,9/8/2026,0.0039,https://upload.wikimedia.org/wikipedia/commons/2/24/Unibet-Logo-white.jpg
2026-10-09T00:00:00Z,unibet,2026-10-08T09:12:59Z,Chicago White Sox,Cleveland Guardians,batter_home_runs,Nathaniel Lowe,0.5,700,-1667,12.5,94.34,11.7,88.3,0.12,0.5,12.53,93.79,11.75,88.25,-6.09,88.25,Under,0.13,-0.37,83.27,Yes,-0.05,-0.05,Standard,https://www.freeiconspng.com/img/1934,2026-10-09T00:00:00Z,No,1.4,7.5,Guardians @ Orioles,2026-09-08T22:35:00Z,Tue 06:35pm,Oriole Park at Camden Yards,outdoor,,-751,-751,9/8/2026,0.1175,https://upload.wikimedia.org/wikipedia/commons/2/24/Unibet-Logo-white.jpg
2026-10-09T00:00:00Z,unibet,2026-10-08T09:12:59Z,Chicago White Sox,Cleveland Guardians,batter_home_runs,Jose Ramirez,0.5,575,-1250,14.81,92.59,13.79,86.21,0.15,0.5,15.39,90.29,14.53,85.47,-7.12,85.47,Under,0.16,-0.34,80.99,Yes,-0.74,-0.74,Standard,https://www.freeiconspng.com/img/1934,2026-10-09T00:00:00Z,No,1.4,7.5,,,,,,,-588,-588,,0.1453,https://upload.wikimedia.org/wikipedia/commons/2/24/Unibet-Logo-white.jpg
2026-10-09T00:00:00Z,unibet,2026-10-08T09:12:59Z,Chicago White Sox,Cleveland Guardians,batter_home_runs,Miguel Vargas,0.5,475,-910,17.39,90.1,16.18,83.82,0.18,0.5,17.38,88.64,16.35,83.65,-6.45,83.65,Under,0.18,-0.32,79.5,Yes,-0.17,-0.17,Standard,https://www.freeiconspng.com/img/1934,2026-10-09T00:00:00Z,No,1.4,7.5,Pirates @ White Sox,2026-09-08T23:40:00Z,Tue 07:40pm,Rate Field,outdoor,,-512,-512,9/8/2026,0.1635,https://upload.wikimedia.org/wikipedia/commons/2/24/Unibet-Logo-white.jpg
2026-10-09T00:00:00Z,unibet,2026-10-08T09:12:59Z,Chicago White Sox,Cleveland Guardians,batter_home_runs,Tommy Pham,1.5,22500,,0.44,,,,0.1,,,,,,,0.44,Over,0.1,-1.4,7.76,No,,,Non-Standard,https://www.freeiconspng.com/img/1934,,No,1.4,7.5,,,,,,,22627,,,0.0132,https://upload.wikimedia.org/wikipedia/commons/2/24/Unibet-Logo-white.jpg
2026-10-09T00:00:00Z,unibet,2026-10-08T09:12:59Z,Chicago White Sox,Cleveland Guardians,batter_home_runs,Tommy Pham,0.5,1050,-3335,8.7,97.09,8.22,91.78,0.09,0.5,10.62,94.72,10.05,89.95,-7.14,89.95,Under,0.11,-0.39,84.83,Yes,-1.83,-1.83,Standard,https://www.freeiconspng.com/img/1934,,No,1.4,7.5,,,,,,,-895,-895,,0.1005,https://upload.wikimedia.org/wikipedia/commons/2/24/Unibet-Logo-white.jpg
2026-10-09T00:00:00Z,unibet,2026-10-08T09:12:59Z,Chicago White Sox,Cleveland Guardians,batter_home_runs,Travis Bazzana,1.5,22500,,0.44,,,,0.1,,,,,,,0.44,Over,0.1,-1.4,7.76,No,,,Non-Standard,https://www.freeiconspng.com/img/1934,2026-10-09T00:00:00Z,No,1.4,7.5,Guardians @ Orioles,2026-09-08T22:35:00Z,Tue 06:35pm,Oriole Park at Camden Yards,outdoor,,22627,,9/8/2026,0.0132,https://upload.wikimedia.org/wikipedia/commons/2/24/Unibet-Logo-white.jpg
2026-10-09T00:00:00Z,unibet,2026-10-08T09:12:59Z,Chicago White Sox,Cleveland Guardians,batter_rbis,Jose Ramirez,0.5,170,-245,37.04,71.01,34.28,65.72,0.42,0.5,34.73,71.67,32.62,67.38,-3.63,67.38,Under,0.39,-0.11,65.58,Yes,1.66,1.66,Standard,https://www.freeiconspng.com/img/1934,2026-10-09T00:00:00Z,No,1.4,7.5,,,,,,,-207,-207,,0.3262,https://upload.wikimedia.org/wikipedia/commons/2/24/Unibet-Logo-white.jpg
2026-10-09T00:00:00Z,unibet,2026-10-08T09:12:59Z,Chicago White Sox,Cleveland Guardians,batter_rbis,Nathaniel Lowe,0.5,165,-235,37.74,70.15,34.98,65.02,0.43,0.5,33.26,74.35,30.89,69.11,-1.04,69.11,Under,0.37,-0.13,66.78,Yes,4.09,4.09,Standard,https://www.freeiconspng.com/img/1934,2026-10-09T00:00:00Z,No,1.4,7.5,Guardians @ Orioles,2026-09-08T22:35:00Z,Tue 06:35pm,Oriole Park at Camden Yards,outdoor,,-224,-224,9/8/2026,0.3089,https://upload.wikimedia.org/wikipedia/commons/2/24/Unibet-Logo-white.jpg
2026-10-09T00:00:00Z,unibet,2026-10-08T09:12:59Z,Chicago White Sox,Cleveland Guardians,batter_rbis,Angel Martinez,0.5,200,-295,33.33,74.68,30.86,69.14,0.37,0.5,29.86,77.28,27.86,72.14,-2.54,72.14,Under,0.33,-0.17,69.27,Yes,3.00,3,Standard,https://www.freeiconspng.com/img/1934,2026-10-09T00:00:00Z,No,1.4,7.5,,,,,,,-259,-259,,0.2786,https://upload.wikimedia.org/wikipedia/commons/2/24/Unibet-Logo-white.jpg
2026-10-09T00:00:00Z,unibet,2026-10-08T09:12:59Z,Chicago White Sox,Cleveland Guardians,batter_rbis,Steven Kwan,0.5,270,-420,27.03,80.77,25.07,74.93,0.29,0.5,25.35,81.82,23.65,76.35,-4.42,76.35,Under,0.27,-0.23,73.18,Yes,1.42,1.42,Standard,https://www.freeiconspng.com/img/1934,2026-10-09T00:00:00Z,No,1.4,7.5,Guardians @ Orioles,2026-09-08T22:35:00Z,Tue 06:35pm,Oriole Park at Camden Yards,outdoor,,-323,-323,9/8/2026,0.2365,https://upload.wikimedia.org/wikipedia/commons/2/24/Unibet-Logo-white.jpg
2026-10-09T00:00:00Z,unibet,2026-10-08T09:12:59Z,Chicago White Sox,Cleveland Guardians,batter_rbis,Randal Grichuk,0.5,205,-305,32.79,75.31,30.33,69.67,0.36,0.5,27.73,79.47,25.83,74.17,-1.14,74.17,Under,0.3,-0.2,71.19,Yes,4.50,4.5,Standard,https://www.freeiconspng.com/img/1934,2026-10-09T00:00:00Z,No,1.4,7.5,,,,,,,-287,-287,,0.2583,https://upload.wikimedia.org/wikipedia/commons/2/24/Unibet-Logo-white.jpg
2026-10-09T00:00:00Z,unibet,2026-10-08T09:12:59Z,Chicago White Sox,Cleveland Guardians,batter_rbis,Chase Meidroth,0.5,200,-286,33.33,74.09,31.03,68.97,0.37,0.5,25.02,81.83,23.39,76.61,2.52,76.61,Under,0.27,-0.23,73.18,Yes,7.64,7.64,Standard,https://www.freeiconspng.com/img/1934,2026-10-09T00:00:00Z,No,1.4,7.5,Pirates @ White Sox,2026-09-08T23:40:00Z,Tue 07:40pm,Rate Field,outdoor,,-328,-328,9/8/2026,0.2339,https://upload.wikimedia.org/wikipedia/commons/2/24/Unibet-Logo-white.jpg
2026-10-09T00:00:00Z,unibet,2026-10-08T09:12:59Z,Chicago White Sox,Cleveland Guardians,batter_rbis,Jo Adell,0.5,123,-167,44.84,62.55,41.76,58.24,0.54,0.5,38.88,68.28,36.27,63.73,1.18,63.73,Under,0.45,-0.05,62.11,Yes,5.49,5.49,Standard,https://www.freeiconspng.com/img/1934,2026-10-09T00:00:00Z,No,1.4,7.5,Guardians @ Orioles,2026-09-08T22:35:00Z,Tue 06:35pm,Oriole Park at Camden Yards,outdoor,,-176,-176,9/8/2026,0.3627,https://upload.wikimedia.org/wikipedia/commons/2/24/Unibet-Logo-white.jpg
2026-10-09T00:00:00Z,unibet,2026-10-08T09:12:59Z,Chicago White Sox,Cleveland Guardians,batter_rbis,Kyle Teel,0.5,210,-315,32.26,75.9,29.82,70.18,0.35,0.5,25.68,81.49,23.93,76.07,0.17,76.07,Under,0.27,-0.23,73.18,Yes,5.89,5.89,Standard,https://www.freeiconspng.com/img/1934,2026-10-09T00:00:00Z,No,1.4,7.5,Pirates @ White Sox,2026-09-08T23:40:00Z,Tue 07:40pm,Rate Field,outdoor,,-318,-318,9/8/2026,0.2393,https://upload.wikimedia.org/wikipedia/commons/2/24/Unibet-Logo-white.jpg
2026-10-09T00:00:00Z,unibet,2026-10-08T09:12:59Z,Chicago White Sox,Cleveland Guardians,batter_rbis,Chase DeLauter,0.5,138,-190,42.02,65.52,39.07,60.93,0.5,0.5,37,69.74,34.66,65.34,-0.18,65.34,Under,0.43,-0.07,63.24,Yes,4.41,4.41,Standard,https://www.freeiconspng.com/img/1934,2026-10-09T00:00:00Z,No,1.4,7.5,,,,,,,-189,-189,,0.3466,https://upload.wikimedia.org/wikipedia/commons/2/24/Unibet-Logo-white.jpg
2026-10-09T00:00:00Z,unibet,2026-10-08T09:12:59Z,Chicago White Sox,Cleveland Guardians,batter_rbis,Munetaka Murakami,0.5,165,-235,37.74,70.15,34.98,65.02,0.43,0.5,34.72,71.89,32.55,67.45,-2.7,67.45,Under,0.39,-0.11,65.58,Yes,2.43,2.43,Standard,https://www.freeiconspng.com/img/1934,2026-10-09T00:00:00Z,No,1.4,7.5,Pirates @ White Sox,2026-09-08T23:40:00Z,Tue 07:40pm,Rate Field,outdoor,,-207,-207,9/8/2026,0.3255,https://upload.wikimedia.org/wikipedia/commons/2/24/Unibet-Logo-white.jpg
2026-10-09T00:00:00Z,unibet,2026-10-08T09:12:59Z,Chicago White Sox,Cleveland Guardians,batter_rbis,Braden Montgomery,0.5,225,-335,30.77,77.01,28.55,71.45,0.34,0.5,25.92,80.62,24.3,75.7,-1.31,75.7,Under,0.28,-0.22,72.51,Yes,4.25,4.25,Standard,https://www.freeiconspng.com/img/1934,2026-10-09T00:00:00Z,No,1.4,7.5,Pirates @ White Sox,2026-09-08T23:40:00Z,Tue 07:40pm,Rate Field,outdoor,,-312,-312,9/8/2026,0.243,https://upload.wikimedia.org/wikipedia/commons/2/24/Unibet-Logo-white.jpg
2026-10-09T00:00:00Z,unibet,2026-10-08T09:12:59Z,Chicago White Sox,Cleveland Guardians,batter_rbis,Tommy Pham,0.5,255,-385,28.17,79.38,26.19,73.81,0.3,0.5,25.29,81.7,23.61,76.39,-2.99,76.39,Under,0.27,-0.23,73.18,Yes,2.58,2.58,Standard,https://www.freeiconspng.com/img/1934,,No,1.4,7.5,,,,,,,-324,-324,,0.2361,https://upload.wikimedia.org/wikipedia/commons/2/24/Unibet-Logo-white.jpg
2026-10-09T00:00:00Z,unibet,2026-10-08T09:12:59Z,Chicago White Sox,Cleveland Guardians,batter_rbis,Patrick Bailey,0.5,230,-345,30.3,77.53,28.1,71.9,0.33,0.5,28.21,78.88,26.32,73.68,-3.85,73.68,Under,0.31,-0.19,70.54,Yes,1.78,1.78,Standard,https://www.freeiconspng.com/img/1934,2026-10-09T00:00:00Z,No,1.4,7.5,Guardians @ Orioles,2026-09-08T22:35:00Z,Tue 06:35pm,Oriole Park at Camden Yards,outdoor,,-280,-280,9/8/2026,0.2632,https://upload.wikimedia.org/wikipedia/commons/2/24/Unibet-Logo-white.jpg
2026-10-09T00:00:00Z,unibet,2026-10-08T09:12:59Z,Chicago White Sox,Cleveland Guardians,batter_rbis,Brenton Doyle,0.5,235,-360,29.85,78.26,27.61,72.39,0.32,0.5,25.42,81.69,23.68,76.32,-1.94,76.32,Under,0.27,-0.23,73.18,Yes,3.93,3.93,Standard,https://www.freeiconspng.com/img/1934,2026-10-09T00:00:00Z,No,1.4,7.5,,,,,,,-322,-322,,0.2368,https://upload.wikimedia.org/wikipedia/commons/2/24/Unibet-Logo-white.jpg
2026-10-09T00:00:00Z,unibet,2026-10-08T09:12:59Z,Chicago White Sox,Cleveland Guardians,batter_rbis,Travis Bazzana,0.5,230,-345,30.3,77.53,28.1,71.9,0.33,0.5,27.8,79.41,25.93,74.07,-3.46,74.07,Under,0.3,-0.2,71.19,Yes,2.17,2.17,Standard,https://www.freeiconspng.com/img/1934,2026-10-09T00:00:00Z,No,1.4,7.5,Guardians @ Orioles,2026-09-08T22:35:00Z,Tue 06:35pm,Oriole Park at Camden Yards,outdoor,,-286,-286,9/8/2026,0.2593,https://upload.wikimedia.org/wikipedia/commons/2/24/Unibet-Logo-white.jpg
2026-10-09T00:00:00Z,unibet,2026-10-08T09:12:59Z,Chicago White Sox,Cleveland Guardians,batter_rbis,Miguel Vargas,0.5,165,-235,37.74,70.15,34.98,65.02,0.43,0.5,34.06,72.93,31.79,68.21,-1.94,68.21,Under,0.38,-0.12,66.18,Yes,3.19,3.19,Standard,https://www.freeiconspng.com/img/1934,2026-10-09T00:00:00Z,No,1.4,7.5,Pirates @ White Sox,2026-09-08T23:40:00Z,Tue 07:40pm,Rate Field,outdoor,,-215,-215,9/8/2026,0.3179,https://upload.wikimedia.org/wikipedia/commons/2/24/Unibet-Logo-white.jpg
2026-10-09T00:00:00Z,unibet,2026-10-08T09:12:59Z,Chicago White Sox,Cleveland Guardians,batter_rbis,Brayan Rocchio,0.5,230,-345,30.3,77.53,28.1,71.9,0.33,0.5,27.49,78.68,25.88,74.12,-3.41,74.12,Under,0.3,-0.2,71.19,Yes,2.22,2.22,Standard,https://www.freeiconspng.com/img/1934,2026-10-09T00:00:00Z,No,1.4,7.5,Guardians @ Orioles,2026-09-08T22:35:00Z,Tue 06:35pm,Oriole Park at Camden Yards,outdoor,,-286,-286,9/8/2026,0.2588,https://upload.wikimedia.org/wikipedia/commons/2/24/Unibet-Logo-white.jpg
2026-10-09T00:00:00Z,unibet,2026-10-08T09:12:59Z,Chicago White Sox,Cleveland Guardians,batter_stolen_bases,Brenton Doyle,0.5,700,-2000,12.5,95.24,11.6,88.4,0.12,0.5,11.41,94.42,10.73,89.27,-5.97,89.27,Under,0.11,-0.39,84.83,Yes,0.87,0.87,Standard,https://www.freeiconspng.com/img/1934,2026-10-09T00:00:00Z,No,1.4,7.5,,,,,,,-832,-832,,0.1073,https://upload.wikimedia.org/wikipedia/commons/2/24/Unibet-Logo-white.jpg
2026-10-09T00:00:00Z,unibet,2026-10-08T09:12:59Z,Chicago White Sox,Cleveland Guardians,batter_stolen_bases,Angel Martinez,0.5,950,-3335,9.52,97.09,8.93,91.07,0.09,0.5,9.79,95.42,9.28,90.72,-6.37,90.72,Under,0.1,-0.4,85.63,Yes,-0.35,-0.35,Standard,https://www.freeiconspng.com/img/1934,2026-10-09T00:00:00Z,No,1.4,7.5,,,,,,,-978,-978,,0.0928,https://upload.wikimedia.org/wikipedia/commons/2/24/Unibet-Logo-white.jpg
2026-10-09T00:00:00Z,unibet,2026-10-08T09:12:59Z,Chicago White Sox,Cleveland Guardians,batter_stolen_bases,Jo Adell,0.5,1050,-10000,8.7,99.01,8.07,91.93,0.08,0.5,9.52,97.67,8.88,91.12,-7.89,91.12,Under,0.09,-0.41,86.43,Yes,-0.81,-0.81,Standard,https://www.freeiconspng.com/img/1934,2026-10-09T00:00:00Z,No,1.4,7.5,Guardians @ Orioles,2026-09-08T22:35:00Z,Tue 06:35pm,Oriole Park at Camden Yards,outdoor,,-1026,-1026,9/8/2026,0.0888,https://upload.wikimedia.org/wikipedia/commons/2/24/Unibet-Logo-white.jpg
2026-10-09T00:00:00Z,unibet,2026-10-08T09:12:59Z,Chicago White Sox,Cleveland Guardians,batter_stolen_bases,Chase Meidroth,0.5,1900,,5,,,,0.05,,,,,,,5,Over,0.05,-0.45,10.29,No,,,Non-Standard,https://www.freeiconspng.com/img/1934,2026-10-09T00:00:00Z,No,1.4,7.5,Pirates @ White Sox,2026-09-08T23:40:00Z,Tue 07:40pm,Rate Field,outdoor,,1900,,9/8/2026,0.05,https://upload.wikimedia.org/wikipedia/commons/2/24/Unibet-Logo-white.jpg
2026-10-09T00:00:00Z,unibet,2026-10-08T09:12:59Z,Chicago White Sox,Cleveland Guardians,batter_stolen_bases,Brayan Rocchio,0.5,800,-2500,11.11,96.15,10.36,89.64,0.11,0.5,11.24,94.32,10.63,89.37,-6.78,89.37,Under,0.11,-0.39,84.83,Yes,-0.27,-0.27,Standard,https://www.freeiconspng.com/img/1934,2026-10-09T00:00:00Z,No,1.4,7.5,Guardians @ Orioles,2026-09-08T22:35:00Z,Tue 06:35pm,Oriole Park at Camden Yards,outdoor,,-841,-841,9/8/2026,0.1063,https://upload.wikimedia.org/wikipedia/commons/2/24/Unibet-Logo-white.jpg
2026-10-09T00:00:00Z,unibet,2026-10-08T09:12:59Z,Chicago White Sox,Cleveland Guardians,batter_stolen_bases,Jose Ramirez,0.5,340,-625,22.73,86.21,20.86,79.14,0.23,0.5,23.26,83.65,21.77,78.23,-7.98,78.23,Under,0.25,-0.25,74.53,Yes,-0.91,-0.91,Standard,https://www.freeiconspng.com/img/1934,2026-10-09T00:00:00Z,No,1.4,7.5,,,,,,,-359,-359,,0.2177,https://upload.wikimedia.org/wikipedia/commons/2/24/Unibet-Logo-white.jpg
2026-10-09T00:00:00Z,unibet,2026-10-08T09:12:59Z,Chicago White Sox,Cleveland Guardians,batter_stolen_bases,Miguel Vargas,0.5,800,-2500,11.11,96.15,10.36,89.64,0.11,0.5,10.17,95.31,9.61,90.39,-5.76,90.39,Under,0.1,-0.4,85.63,Yes,0.75,0.75,Standard,https://www.freeiconspng.com/img/1934,2026-10-09T00:00:00Z,No,1.4,7.5,Pirates @ White Sox,2026-09-08T23:40:00Z,Tue 07:40pm,Rate Field,outdoor,,-941,-941,9/8/2026,0.0961,https://upload.wikimedia.org/wikipedia/commons/2/24/Unibet-Logo-white.jpg
2026-10-09T00:00:00Z,unibet,2026-10-08T09:12:59Z,Chicago White Sox,Cleveland Guardians,batter_stolen_bases,Nathaniel Lowe,0.5,2000,,4.76,,,,0.05,,,,,,,4.76,Over,0.05,-0.45,10.29,No,,,Non-Standard,https://www.freeiconspng.com/img/1934,2026-10-09T00:00:00Z,No,1.4,7.5,Guardians @ Orioles,2026-09-08T22:35:00Z,Tue 06:35pm,Oriole Park at Camden Yards,outdoor,,2001,,9/8/2026,0.0476,https://upload.wikimedia.org/wikipedia/commons/2/24/Unibet-Logo-white.jpg
2026-10-09T00:00:00Z,unibet,2026-10-08T09:12:59Z,Chicago White Sox,Cleveland Guardians,batter_stolen_bases,Steven Kwan,0.5,750,-2000,11.76,95.24,10.99,89.01,0.12,0.5,11.77,93.82,11.07,88.93,-6.31,88.93,Under,0.12,-0.38,84.05,Yes,-0.08,-0.08,Standard,https://www.freeiconspng.com/img/1934,2026-10-09T00:00:00Z,No,1.4,7.5,Guardians @ Orioles,2026-09-08T22:35:00Z,Tue 06:35pm,Oriole Park at Camden Yards,outdoor,,-803,-803,9/8/2026,0.1107,https://upload.wikimedia.org/wikipedia/commons/2/24/Unibet-Logo-white.jpg
2026-10-09T00:00:00Z,unibet,2026-10-08T09:12:59Z,Chicago White Sox,Cleveland Guardians,batter_stolen_bases,Chase DeLauter,0.5,900,-2500,10,96.15,9.42,90.58,0.1,0.5,9.43,95.58,8.94,91.06,-5.09,91.06,Under,0.09,-0.41,86.43,Yes,0.48,0.48,Standard,https://www.freeiconspng.com/img/1934,2026-10-09T00:00:00Z,No,1.4,7.5,,,,,,,-1019,-1019,,0.0894,https://upload.wikimedia.org/wikipedia/commons/2/24/Unibet-Logo-white.jpg
2026-10-09T00:00:00Z,unibet,2026-10-08T09:12:59Z,Chicago White Sox,Cleveland Guardians,pitcher_outs,Parker Messick,15.5,106,-152,48.54,60.32,44.59,55.41,15.11,15.5,47.18,61.42,43.44,56.56,-3.76,56.56,Under,15.02,-0.48,55.78,Yes,1.15,1.15,Standard,https://www.freeiconspng.com/img/1934,2026-10-09T00:00:00Z,No,1.4,7.5,,,,,,,-130,-130,,13.4664,https://upload.wikimedia.org/wikipedia/commons/2/24/Unibet-Logo-white.jpg
2026-10-09T00:00:00Z,betrivers,2026-10-08T09:12:51Z,Chicago White Sox,Cleveland Guardians,batter_hits,Miguel Vargas,0.5,-200,,66.67,,,,1.1,0.5,63.75,42.78,59.83,40.17,,66.67,Over,0.91,0.41,58.58,Yes,-6.84,-6.84,Non-Standard,https://www.freeiconspng.com/img/1934,2026-10-09T00:00:00Z,No,1.4,7.5,Pirates @ White Sox,2026-09-08T23:40:00Z,Tue 07:40pm,Rate Field,outdoor,,-200,-200,9/8/2026,0.5983,"https://images.prismic.io/schenectady-rushstreetgaming/ZxZo8YF3NbkBXxlI__BetRivers_Logo_Horizontal_BlueDrop_RGB.png?auto=format,compress"
2026-10-09T00:00:00Z,betrivers,2026-10-08T09:12:51Z,Chicago White Sox,Cleveland Guardians,batter_hits,Chase Meidroth,0.5,-205,,67.21,,,,1.12,0.5,66.43,40.49,62.15,37.85,,67.21,Over,0.97,0.47,60.64,Yes,-5.06,-5.06,Non-Standard,https://www.freeiconspng.com/img/1934,2026-10-09T00:00:00Z,No,1.4,7.5,Pirates @ White Sox,2026-09-08T23:40:00Z,Tue 07:40pm,Rate Field,outdoor,,-205,-205,9/8/2026,0.6215,"https://images.prismic.io/schenectady-rushstreetgaming/ZxZo8YF3NbkBXxlI__BetRivers_Logo_Horizontal_BlueDrop_RGB.png?auto=format,compress"
2026-10-09T00:00:00Z,betrivers,2026-10-08T09:12:51Z,Chicago White Sox,Cleveland Guardians,batter_hits,Travis Bazzana,0.5,-148,,59.68,,,,0.91,0.5,58.5,48.54,54.67,45.33,,59.68,Over,0.79,0.29,54.06,Yes,-5.01,-5.01,Non-Standard,https://www.freeiconspng.com/img/1934,2026-10-09T00:00:00Z,No,1.4,7.5,Guardians @ Orioles,2026-09-08T22:35:00Z,Tue 06:35pm,Oriole Park at Camden Yards,outdoor,,-148,-148,9/8/2026,0.5467,"https://images.prismic.io/schenectady-rushstreetgaming/ZxZo8YF3NbkBXxlI__BetRivers_Logo_Horizontal_BlueDrop_RGB.png?auto=format,compress"
2026-10-09T00:00:00Z,betrivers,2026-10-08T09:12:51Z,Chicago White Sox,Cleveland Guardians,batter_hits,Angel Martinez,0.5,-159,,61.39,,,,0.95,0.5,61.01,45.81,57.15,42.85,,61.39,Over,0.85,0.35,56.39,Yes,-4.24,-4.24,Non-Standard,https://www.freeiconspng.com/img/1934,2026-10-09T00:00:00Z,No,1.4,7.5,,,,,,,-159,-159,,0.5715,"https://images.prismic.io/schenectady-rushstreetgaming/ZxZo8YF3NbkBXxlI__BetRivers_Logo_Horizontal_BlueDrop_RGB.png?auto=format,compress"
2026-10-09T00:00:00Z,betrivers,2026-10-08T09:12:51Z,Chicago White Sox,Cleveland Guardians,batter_hits,Brenton Doyle,0.5,105,,48.78,,,,0.67,0.5,51.77,55.96,48.02,51.98,,48.78,Over,0.65,0.15,48.06,Yes,-0.76,-0.76,Non-Standard,https://www.freeiconspng.com/img/1934,2026-10-09T00:00:00Z,No,1.4,7.5,,,,,,,105,105,,0.4802,"https://images.prismic.io/schenectady-rushstreetgaming/ZxZo8YF3NbkBXxlI__BetRivers_Logo_Horizontal_BlueDrop_RGB.png?auto=format,compress"
2026-10-09T00:00:00Z,betrivers,2026-10-08T09:12:51Z,Chicago White Sox,Cleveland Guardians,batter_hits,Jo Adell,0.5,-200,,66.67,,,,1.1,0.5,64.55,42.21,60.45,39.55,,66.67,Over,0.93,0.43,59.28,Yes,-6.22,-6.22,Non-Standard,https://www.freeiconspng.com/img/1934,2026-10-09T00:00:00Z,No,1.4,7.5,Guardians @ Orioles,2026-09-08T22:35:00Z,Tue 06:35pm,Oriole Park at Camden Yards,outdoor,,-200,-200,9/8/2026,0.6045,"https://images.prismic.io/schenectady-rushstreetgaming/ZxZo8YF3NbkBXxlI__BetRivers_Logo_Horizontal_BlueDrop_RGB.png?auto=format,compress"
2026-10-09T00:00:00Z,betrivers,2026-10-08T09:12:51Z,Chicago White Sox,Cleveland Guardians,batter_hits,Nathaniel Lowe,0.5,-165,,62.26,,,,0.97,0.5,61.05,45.68,57.2,42.8,,62.26,Over,0.85,0.35,56.39,Yes,-5.06,-5.06,Non-Standard,https://www.freeiconspng.com/img/1934,2026-10-09T00:00:00Z,No,1.4,7.5,Guardians @ Orioles,2026-09-08T22:35:00Z,Tue 06:35pm,Oriole Park at Camden Yards,outdoor,,-165,-165,9/8/2026,0.572,"https://images.prismic.io/schenectady-rushstreetgaming/ZxZo8YF3NbkBXxlI__BetRivers_Logo_Horizontal_BlueDrop_RGB.png?auto=format,compress"
2026-10-09T00:00:00Z,betrivers,2026-10-08T09:12:51Z,Chicago White Sox,Cleveland Guardians,batter_hits,Randal Grichuk,0.5,-137,,57.81,,,,0.86,0.5,59.7,46.63,56.15,43.85,,57.81,Over,0.82,0.32,55.24,Yes,-1.66,-1.66,Non-Standard,https://www.freeiconspng.com/img/1934,2026-10-09T00:00:00Z,No,1.4,7.5,,,,,,,-137,-137,,0.5615,"https://images.prismic.io/schenectady-rushstreetgaming/ZxZo8YF3NbkBXxlI__BetRivers_Logo_Horizontal_BlueDrop_RGB.png?auto=format,compress"
2026-10-09T00:00:00Z,betrivers,2026-10-08T09:12:51Z,Chicago White Sox,Cleveland Guardians,batter_hits,Steven Kwan,0.5,-235,,70.15,,,,1.21,0.5,69.88,36.8,65.52,34.48,,70.15,Over,1.06,0.56,63.51,Yes,-4.63,-4.63,Non-Standard,https://www.freeiconspng.com/img/1934,2026-10-09T00:00:00Z,No,1.4,7.5,Guardians @ Orioles,2026-09-08T22:35:00Z,Tue 06:35pm,Oriole Park at Camden Yards,outdoor,,-235,-235,9/8/2026,0.6552,"https://images.prismic.io/schenectady-rushstreetgaming/ZxZo8YF3NbkBXxlI__BetRivers_Logo_Horizontal_BlueDrop_RGB.png?auto=format,compress"
2026-10-09T00:00:00Z,betrivers,2026-10-08T09:12:51Z,Chicago White Sox,Cleveland Guardians,batter_hits,Kyle Teel,0.5,-132,,56.9,,,,0.84,0.5,54.77,53.78,50.45,49.55,,56.9,Over,0.7,0.2,50.3,Yes,-6.45,-6.45,Non-Standard,https://www.freeiconspng.com/img/1934,2026-10-09T00:00:00Z,No,1.4,7.5,Pirates @ White Sox,2026-09-08T23:40:00Z,Tue 07:40pm,Rate Field,outdoor,,-132,-132,9/8/2026,0.5045,"https://images.prismic.io/schenectady-rushstreetgaming/ZxZo8YF3NbkBXxlI__BetRivers_Logo_Horizontal_BlueDrop_RGB.png?auto=format,compress"
2026-10-09T00:00:00Z,betrivers,2026-10-08T09:12:51Z,Chicago White Sox,Cleveland Guardians,batter_hits,Patrick Bailey,0.5,-134,,57.26,,,,0.85,0.5,56.59,50.14,53.02,46.98,,57.26,Over,0.76,0.26,52.85,Yes,-4.24,-4.24,Non-Standard,https://www.freeiconspng.com/img/1934,2026-10-09T00:00:00Z,No,1.4,7.5,Guardians @ Orioles,2026-09-08T22:35:00Z,Tue 06:35pm,Oriole Park at Camden Yards,outdoor,,-134,-134,9/8/2026,0.5302,"https://images.prismic.io/schenectady-rushstreetgaming/ZxZo8YF3NbkBXxlI__BetRivers_Logo_Horizontal_BlueDrop_RGB.png?auto=format,compress"
2026-10-09T00:00:00Z,betrivers,2026-10-08T09:12:51Z,Chicago White Sox,Cleveland Guardians,batter_hits,Braden Montgomery,0.5,-139,,58.16,,,,0.87,0.5,57.45,49.3,53.82,46.18,,58.16,Over,0.77,0.27,53.25,Yes,-4.34,-4.34,Non-Standard,https://www.freeiconspng.com/img/1934,2026-10-09T00:00:00Z,No,1.4,7.5,Pirates @ White Sox,2026-09-08T23:40:00Z,Tue 07:40pm,Rate Field,outdoor,,-139,-139,9/8/2026,0.5382,"https://images.prismic.io/schenectady-rushstreetgaming/ZxZo8YF3NbkBXxlI__BetRivers_Logo_Horizontal_BlueDrop_RGB.png?auto=format,compress"
2026-10-09T00:00:00Z,betrivers,2026-10-08T09:12:51Z,Chicago White Sox,Cleveland Guardians,batter_hits,Jose Ramirez,0.5,-245,,71.01,,,,1.24,0.5,69.01,37.25,64.96,35.04,,71.01,Over,1.05,0.55,63.21,Yes,-6.05,-6.05,Non-Standard,https://www.freeiconspng.com/img/1934,2026-10-09T00:00:00Z,No,1.4,7.5,,,,,,,-245,-245,,0.6496,"https://images.prismic.io/schenectady-rushstreetgaming/ZxZo8YF3NbkBXxlI__BetRivers_Logo_Horizontal_BlueDrop_RGB.png?auto=format,compress"
2026-10-09T00:00:00Z,betrivers,2026-10-08T09:12:51Z,Chicago White Sox,Cleveland Guardians,batter_hits,Tommy Pham,0.5,-106,,51.46,,,,0.72,0.5,50.25,56.47,47.12,52.88,,51.46,Over,0.64,0.14,47.6,Yes,-4.34,-4.34,Non-Standard,https://www.freeiconspng.com/img/1934,,No,1.4,7.5,,,,,,,-106,-106,,0.4712,"https://images.prismic.io/schenectady-rushstreetgaming/ZxZo8YF3NbkBXxlI__BetRivers_Logo_Horizontal_BlueDrop_RGB.png?auto=format,compress"
2026-10-09T00:00:00Z,betrivers,2026-10-08T09:12:51Z,Chicago White Sox,Cleveland Guardians,batter_hits,Chase DeLauter,0.5,-245,,71.01,,,,1.24,0.5,68.53,38.03,64.33,35.67,,71.01,Over,1.03,0.53,62.58,Yes,-6.68,-6.68,Non-Standard,https://www.freeiconspng.com/img/1934,2026-10-09T00:00:00Z,No,1.4,7.5,,,,,,,-245,-245,,0.6433,"https://images.prismic.io/schenectady-rushstreetgaming/ZxZo8YF3NbkBXxlI__BetRivers_Logo_Horizontal_BlueDrop_RGB.png?auto=format,compress"
2026-10-09T00:00:00Z,betrivers,2026-10-08T09:12:51Z,Chicago White Sox,Cleveland Guardians,batter_hits,Brayan Rocchio,0.5,-159,,61.39,,,,0.95,0.5,59.63,46.98,55.94,44.06,,61.39,Over,0.82,0.32,55.24,Yes,-5.45,-5.45,Non-Standard,https://www.freeiconspng.com/img/1934,2026-10-09T00:00:00Z,No,1.4,7.5,Guardians @ Orioles,2026-09-08T22:35:00Z,Tue 06:35pm,Oriole Park at Camden Yards,outdoor,,-159,-159,9/8/2026,0.5594,"https://images.prismic.io/schenectady-rushstreetgaming/ZxZo8YF3NbkBXxlI__BetRivers_Logo_Horizontal_BlueDrop_RGB.png?auto=format,compress"
2026-10-09T00:00:00Z,betrivers,2026-10-08T09:12:51Z,Chicago White Sox,Cleveland Guardians,batter_hits,Munetaka Murakami,0.5,-148,,59.68,,,,0.91,0.5,56.45,49.64,53.19,46.81,,59.68,Over,0.76,0.26,52.85,Yes,-6.49,-6.49,Non-Standard,https://www.freeiconspng.com/img/1934,2026-10-09T00:00:00Z,No,1.4,7.5,Pirates @ White Sox,2026-09-08T23:40:00Z,Tue 07:40pm,Rate Field,outdoor,,-148,-148,9/8/2026,0.5319,"https://images.prismic.io/schenectady-rushstreetgaming/ZxZo8YF3NbkBXxlI__BetRivers_Logo_Horizontal_BlueDrop_RGB.png?auto=format,compress"
2026-10-09T00:00:00Z,betrivers,2026-10-08T09:12:51Z,Chicago White Sox,Cleveland Guardians,batter_home_runs,Munetaka Murakami,1.5,4000,,2.44,,,,0.24,,,,,,,2.44,Over,0.24,-1.26,8.16,No,,,Non-Standard,https://www.freeiconspng.com/img/1934,2026-10-09T00:00:00Z,No,1.4,7.5,Pirates @ White Sox,2026-09-08T23:40:00Z,Tue 07:40pm,Rate Field,outdoor,,3998,,9/8/2026,0.0732,"https://images.prismic.io/schenectady-rushstreetgaming/ZxZo8YF3NbkBXxlI__BetRivers_Logo_Horizontal_BlueDrop_RGB.png?auto=format,compress"
2026-10-09T00:00:00Z,betrivers,2026-10-08T09:12:51Z,Chicago White Sox,Cleveland Guardians,batter_home_runs,Brayan Rocchio,1.5,18000,,0.55,,,,0.11,,,,,,,0.55,Over,0.11,-1.39,7.76,No,,,Non-Standard,https://www.freeiconspng.com/img/1934,2026-10-09T00:00:00Z,No,1.4,7.5,Guardians @ Orioles,2026-09-08T22:35:00Z,Tue 06:35pm,Oriole Park at Camden Yards,outdoor,,18082,,9/8/2026,0.0165,"https://images.prismic.io/schenectady-rushstreetgaming/ZxZo8YF3NbkBXxlI__BetRivers_Logo_Horizontal_BlueDrop_RGB.png?auto=format,compress"
2026-10-09T00:00:00Z,betrivers,2026-10-08T09:12:51Z,Chicago White Sox,Cleveland Guardians,batter_home_runs,Nathaniel Lowe,1.5,12000,,0.83,,,,0.13,,,,,,,0.83,Over,0.13,-1.37,7.76,No,,,Non-Standard,https://www.freeiconspng.com/img/1934,2026-10-09T00:00:00Z,No,1.4,7.5,Guardians @ Orioles,2026-09-08T22:35:00Z,Tue 06:35pm,Oriole Park at Camden Yards,outdoor,,11948,,9/8/2026,0.0249,"https://images.prismic.io/schenectady-rushstreetgaming/ZxZo8YF3NbkBXxlI__BetRivers_Logo_Horizontal_BlueDrop_RGB.png?auto=format,compress"
2026-10-09T00:00:00Z,betrivers,2026-10-08T09:12:51Z,Chicago White Sox,Cleveland Guardians,batter_home_runs,Patrick Bailey,1.5,13000,,0.76,,,,0.13,,,,,,,0.76,Over,0.13,-1.37,7.76,No,,,Non-Standard,https://www.freeiconspng.com/img/1934,2026-10-09T00:00:00Z,No,1.4,7.5,Guardians @ Orioles,2026-09-08T22:35:00Z,Tue 06:35pm,Oriole Park at Camden Yards,outdoor,,13058,,9/8/2026,0.0228,"https://images.prismic.io/schenectady-rushstreetgaming/ZxZo8YF3NbkBXxlI__BetRivers_Logo_Horizontal_BlueDrop_RGB.png?auto=format,compress"
2026-10-09T00:00:00Z,betrivers,2026-10-08T09:12:51Z,Chicago White Sox,Cleveland Guardians,batter_home_runs,Jo Adell,1.5,7000,,1.41,,,,0.18,,,,,,,1.41,Over,0.18,-1.32,7.76,No,,,Non-Standard,https://www.freeiconspng.com/img/1934,2026-10-09T00:00:00Z,No,1.4,7.5,Guardians @ Orioles,2026-09-08T22:35:00Z,Tue 06:35pm,Oriole Park at Camden Yards,outdoor,,6992,,9/8/2026,0.0423,"https://images.prismic.io/schenectady-rushstreetgaming/ZxZo8YF3NbkBXxlI__BetRivers_Logo_Horizontal_BlueDrop_RGB.png?auto=format,compress"
2026-10-09T00:00:00Z,betrivers,2026-10-08T09:12:51Z,Chicago White Sox,Cleveland Guardians,batter_home_runs,Chase DeLauter,1.5,9000,,1.1,,,,0.16,,,,,,,1.1,Over,0.16,-1.34,7.76,No,,,Non-Standard,https://www.freeiconspng.com/img/1934,2026-10-09T00:00:00Z,No,1.4,7.5,,,,,,,8991,,,0.033,"https://images.prismic.io/schenectady-rushstreetgaming/ZxZo8YF3NbkBXxlI__BetRivers_Logo_Horizontal_BlueDrop_RGB.png?auto=format,compress"
2026-10-09T00:00:00Z,betrivers,2026-10-08T09:12:51Z,Chicago White Sox,Cleveland Guardians,batter_home_runs,Braden Montgomery,1.5,40000,,0.25,,,,0.07,,,,,,,0.25,Over,0.07,-1.43,7.76,No,,,Non-Standard,https://www.freeiconspng.com/img/1934,2026-10-09T00:00:00Z,No,1.4,7.5,Pirates @ White Sox,2026-09-08T23:40:00Z,Tue 07:40pm,Rate Field,outdoor,,39900,,9/8/2026,0.0075,"https://images.prismic.io/schenectady-rushstreetgaming/ZxZo8YF3NbkBXxlI__BetRivers_Logo_Horizontal_BlueDrop_RGB.png?auto=format,compress"
2026-10-09T00:00:00Z,betrivers,2026-10-08T09:12:51Z,Chicago White Sox,Cleveland Guardians,batter_home_runs,Miguel Vargas,1.5,5500,,1.79,,,,0.2,,,,,,,1.79,Over,0.2,-1.3,7.76,No,,,Non-Standard,https://www.freeiconspng.com/img/1934,2026-10-09T00:00:00Z,No,1.4,7.5,Pirates @ White Sox,2026-09-08T23:40:00Z,Tue 07:40pm,Rate Field,outdoor,,5487,,9/8/2026,0.0537,"https://images.prismic.io/schenectady-rushstreetgaming/ZxZo8YF3NbkBXxlI__BetRivers_Logo_Horizontal_BlueDrop_RGB.png?auto=format,compress"
2026-10-09T00:00:00Z,betrivers,2026-10-08T09:12:51Z,Chicago White Sox,Cleveland Guardians,batter_home_runs,Jose Ramirez,1.5,7000,,1.41,,,,0.18,,,,,,,1.41,Over,0.18,-1.32,7.76,No,,,Non-Standard,https://www.freeiconspng.com/img/1934,2026-10-09T00:00:00Z,No,1.4,7.5,,,,,,,6992,,,0.0423,"https://images.prismic.io/schenectady-rushstreetgaming/ZxZo8YF3NbkBXxlI__BetRivers_Logo_Horizontal_BlueDrop_RGB.png?auto=format,compress"
2026-10-09T00:00:00Z,betrivers,2026-10-08T09:12:51Z,Chicago White Sox,Cleveland Guardians,batter_home_runs,Randal Grichuk,1.5,10000,,0.99,,,,0.15,,,,,,,0.99,Over,0.15,-1.35,7.76,No,,,Non-Standard,https://www.freeiconspng.com/img/1934,2026-10-09T00:00:00Z,No,1.4,7.5,,,,,,,10001,,,0.0297,"https://images.prismic.io/schenectady-rushstreetgaming/ZxZo8YF3NbkBXxlI__BetRivers_Logo_Horizontal_BlueDrop_RGB.png?auto=format,compress"
2026-10-09T00:00:00Z,betrivers,2026-10-08T09:12:51Z,Chicago White Sox,Cleveland Guardians,batter_home_runs,Kyle Teel,1.5,22500,,0.44,,,,0.1,,,,,,,0.44,Over,0.1,-1.4,7.76,No,,,Non-Standard,https://www.freeiconspng.com/img/1934,2026-10-09T00:00:00Z,No,1.4,7.5,Pirates @ White Sox,2026-09-08T23:40:00Z,Tue 07:40pm,Rate Field,outdoor,,22627,,9/8/2026,0.0132,"https://images.prismic.io/schenectady-rushstreetgaming/ZxZo8YF3NbkBXxlI__BetRivers_Logo_Horizontal_BlueDrop_RGB.png?auto=format,compress"
2026-10-09T00:00:00Z,betrivers,2026-10-08T09:12:51Z,Chicago White Sox,Cleveland Guardians,batter_home_runs,Chase Meidroth,1.5,40000,,0.25,,,,0.07,,,,,,,0.25,Over,0.07,-1.43,7.76,No,,,Non-Standard,https://www.freeiconspng.com/img/1934,2026-10-09T00:00:00Z,No,1.4,7.5,Pirates @ White Sox,2026-09-08T23:40:00Z,Tue 07:40pm,Rate Field,outdoor,,39900,,9/8/2026,0.0075,"https://images.prismic.io/schenectady-rushstreetgaming/ZxZo8YF3NbkBXxlI__BetRivers_Logo_Horizontal_BlueDrop_RGB.png?auto=format,compress"
2026-10-09T00:00:00Z,betrivers,2026-10-08T09:12:51Z,Chicago White Sox,Cleveland Guardians,batter_home_runs,Angel Martinez,1.5,16000,,0.62,,,,0.12,,,,,,,0.62,Over,0.12,-1.38,7.76,No,,,Non-Standard,https://www.freeiconspng.com/img/1934,2026-10-09T00:00:00Z,No,1.4,7.5,,,,,,,16029,,,0.0186,"https://images.prismic.io/schenectady-rushstreetgaming/ZxZo8YF3NbkBXxlI__BetRivers_Logo_Horizontal_BlueDrop_RGB.png?auto=format,compress"
2026-10-09T00:00:00Z,betrivers,2026-10-08T09:12:51Z,Chicago White Sox,Cleveland Guardians,batter_home_runs,Steven Kwan,1.5,75000,,0.13,,,,0.05,,,,,,,0.13,Over,0.05,-1.45,7.76,No,,,Non-Standard,https://www.freeiconspng.com/img/1934,2026-10-09T00:00:00Z,No,1.4,7.5,Guardians @ Orioles,2026-09-08T22:35:00Z,Tue 06:35pm,Oriole Park at Camden Yards,outdoor,,76823,,9/8/2026,0.0039,"https://images.prismic.io/schenectady-rushstreetgaming/ZxZo8YF3NbkBXxlI__BetRivers_Logo_Horizontal_BlueDrop_RGB.png?auto=format,compress"
2026-10-09T00:00:00Z,betrivers,2026-10-08T09:12:51Z,Chicago White Sox,Cleveland Guardians,batter_home_runs,Brenton Doyle,1.5,20000,,0.5,,,,0.1,,,,,,,0.5,Over,0.1,-1.4,7.76,No,,,Non-Standard,https://www.freeiconspng.com/img/1934,2026-10-09T00:00:00Z,No,1.4,7.5,,,,,,,19900,,,0.015,"https://images.prismic.io/schenectady-rushstreetgaming/ZxZo8YF3NbkBXxlI__BetRivers_Logo_Horizontal_BlueDrop_RGB.png?auto=format,compress"
2026-10-09T00:00:00Z,betrivers,2026-10-08T09:12:51Z,Chicago White Sox,Cleveland Guardians,batter_home_runs,Tommy Pham,1.5,22500,,0.44,,,,0.1,,,,,,,0.44,Over,0.1,-1.4,7.76,No,,,Non-Standard,https://www.freeiconspng.com/img/1934,,No,1.4,7.5,,,,,,,22627,,,0.0132,"https://images.prismic.io/schenectady-rushstreetgaming/ZxZo8YF3NbkBXxlI__BetRivers_Logo_Horizontal_BlueDrop_RGB.png?auto=format,compress"
2026-10-09T00:00:00Z,betrivers,2026-10-08T09:12:51Z,Chicago White Sox,Cleveland Guardians,batter_home_runs,Travis Bazzana,1.5,22500,,0.44,,,,0.1,,,,,,,0.44,Over,0.1,-1.4,7.76,No,,,Non-Standard,https://www.freeiconspng.com/img/1934,2026-10-09T00:00:00Z,No,1.4,7.5,Guardians @ Orioles,2026-09-08T22:35:00Z,Tue 06:35pm,Oriole Park at Camden Yards,outdoor,,22627,,9/8/2026,0.0132,"https://images.prismic.io/schenectady-rushstreetgaming/ZxZo8YF3NbkBXxlI__BetRivers_Logo_Horizontal_BlueDrop_RGB.png?auto=format,compress"
2026-10-09T00:00:00Z,betrivers,2026-10-08T09:12:51Z,Chicago White Sox,Cleveland Guardians,batter_home_runs,Randal Grichuk,0.5,650,,13.33,,,,0.14,0.5,15.15,90.51,14.32,85.68,,13.33,Over,0.15,-0.35,18.26,No,0.99,0.99,Non-Standard,https://www.freeiconspng.com/img/1934,2026-10-09T00:00:00Z,No,1.4,7.5,,,,,,,650,650,,0.1432,"https://images.prismic.io/schenectady-rushstreetgaming/ZxZo8YF3NbkBXxlI__BetRivers_Logo_Horizontal_BlueDrop_RGB.png?auto=format,compress"
2026-10-09T00:00:00Z,betrivers,2026-10-08T09:12:51Z,Chicago White Sox,Cleveland Guardians,batter_home_runs,Angel Martinez,0.5,800,,11.11,,,,0.12,0.5,11.28,94.27,10.66,89.34,,11.11,Over,0.11,-0.39,15.17,No,-0.45,-0.45,Non-Standard,https://www.freeiconspng.com/img/1934,2026-10-09T00:00:00Z,No,1.4,7.5,,,,,,,800,800,,0.1066,"https://images.prismic.io/schenectady-rushstreetgaming/ZxZo8YF3NbkBXxlI__BetRivers_Logo_Horizontal_BlueDrop_RGB.png?auto=format,compress"
2026-10-09T00:00:00Z,betrivers,2026-10-08T09:12:51Z,Chicago White Sox,Cleveland Guardians,batter_home_runs,Kyle Teel,0.5,850,,10.53,,,,0.11,0.5,10.85,94.65,10.25,89.75,,10.53,Over,0.11,-0.39,15.17,No,-0.28,-0.28,Non-Standard,https://www.freeiconspng.com/img/1934,2026-10-09T00:00:00Z,No,1.4,7.5,Pirates @ White Sox,2026-09-08T23:40:00Z,Tue 07:40pm,Rate Field,outdoor,,850,850,9/8/2026,0.1025,"https://images.prismic.io/schenectady-rushstreetgaming/ZxZo8YF3NbkBXxlI__BetRivers_Logo_Horizontal_BlueDrop_RGB.png?auto=format,compress"
2026-10-09T00:00:00Z,betrivers,2026-10-08T09:12:51Z,Chicago White Sox,Cleveland Guardians,batter_home_runs,Travis Bazzana,0.5,900,,10,,,,0.11,0.5,10.35,95.25,9.78,90.22,,10,Over,0.1,-0.4,14.37,No,-0.22,-0.22,Non-Standard,https://www.freeiconspng.com/img/1934,2026-10-09T00:00:00Z,No,1.4,7.5,Guardians @ Orioles,2026-09-08T22:35:00Z,Tue 06:35pm,Oriole Park at Camden Yards,outdoor,,900,900,9/8/2026,0.0978,"https://images.prismic.io/schenectady-rushstreetgaming/ZxZo8YF3NbkBXxlI__BetRivers_Logo_Horizontal_BlueDrop_RGB.png?auto=format,compress"
2026-10-09T00:00:00Z,betrivers,2026-10-08T09:12:51Z,Chicago White Sox,Cleveland Guardians,batter_home_runs,Munetaka Murakami,0.5,450,,18.18,,,,0.2,0.5,19.91,85.95,18.81,81.19,,18.18,Over,0.21,-0.29,22.67,No,0.63,0.63,Non-Standard,https://www.freeiconspng.com/img/1934,2026-10-09T00:00:00Z,No,1.4,7.5,Pirates @ White Sox,2026-09-08T23:40:00Z,Tue 07:40pm,Rate Field,outdoor,,450,450,9/8/2026,0.1881,"https://images.prismic.io/schenectady-rushstreetgaming/ZxZo8YF3NbkBXxlI__BetRivers_Logo_Horizontal_BlueDrop_RGB.png?auto=format,compress"
2026-10-09T00:00:00Z,betrivers,2026-10-08T09:12:51Z,Chicago White Sox,Cleveland Guardians,batter_home_runs,Brayan Rocchio,0.5,900,,10,,,,0.11,0.5,9.39,96.37,8.84,91.16,,10,Over,0.09,-0.41,13.57,No,-1.16,-1.16,Non-Standard,https://www.freeiconspng.com/img/1934,2026-10-09T00:00:00Z,No,1.4,7.5,Guardians @ Orioles,2026-09-08T22:35:00Z,Tue 06:35pm,Oriole Park at Camden Yards,outdoor,,900,900,9/8/2026,0.0884,"https://images.prismic.io/schenectady-rushstreetgaming/ZxZo8YF3NbkBXxlI__BetRivers_Logo_Horizontal_BlueDrop_RGB.png?auto=format,compress"
2026-10-09T00:00:00Z,betrivers,2026-10-08T09:12:51Z,Chicago White Sox,Cleveland Guardians,batter_home_runs,Brenton Doyle,0.5,850,,10.53,,,,0.11,0.5,12.23,94,11.46,88.54,,10.53,Over,0.12,-0.38,15.95,No,0.93,0.93,Non-Standard,https://www.freeiconspng.com/img/1934,2026-10-09T00:00:00Z,No,1.4,7.5,,,,,,,850,850,,0.1146,"https://images.prismic.io/schenectady-rushstreetgaming/ZxZo8YF3NbkBXxlI__BetRivers_Logo_Horizontal_BlueDrop_RGB.png?auto=format,compress"
2026-10-09T00:00:00Z,betrivers,2026-10-08T09:12:51Z,Chicago White Sox,Cleveland Guardians,batter_home_runs,Chase DeLauter,0.5,650,,13.33,,,,0.14,0.5,13.36,93.16,12.53,87.47,,13.33,Over,0.13,-0.37,16.73,No,-0.80,-0.8,Non-Standard,https://www.freeiconspng.com/img/1934,2026-10-09T00:00:00Z,No,1.4,7.5,,,,,,,650,650,,0.1253,"https://images.prismic.io/schenectady-rushstreetgaming/ZxZo8YF3NbkBXxlI__BetRivers_Logo_Horizontal_BlueDrop_RGB.png?auto=format,compress"
2026-10-09T00:00:00Z,betrivers,2026-10-08T09:12:51Z,Chicago White Sox,Cleveland Guardians,batter_home_runs,Braden Montgomery,0.5,1400,,6.67,,,,0.07,0.5,9.3,95.4,8.85,91.15,,6.67,Over,0.09,-0.41,13.57,No,2.18,2.18,Non-Standard,https://www.freeiconspng.com/img/1934,2026-10-09T00:00:00Z,No,1.4,7.5,Pirates @ White Sox,2026-09-08T23:40:00Z,Tue 07:40pm,Rate Field,outdoor,,1399,1399,9/8/2026,0.0885,"https://images.prismic.io/schenectady-rushstreetgaming/ZxZo8YF3NbkBXxlI__BetRivers_Logo_Horizontal_BlueDrop_RGB.png?auto=format,compress"
2026-10-09T00:00:00Z,betrivers,2026-10-08T09:12:51Z,Chicago White Sox,Cleveland Guardians,batter_home_runs,Steven Kwan,0.5,1900,,5,,,,0.05,0.5,6.41,96.97,6.17,93.83,,5,Over,0.06,-0.44,11.12,No,1.17,1.17,Non-Standard,https://www.freeiconspng.com/img/1934,2026-10-09T00:00:00Z,No,1.4,7.5,Guardians @ Orioles,2026-09-08T22:35:00Z,Tue 06:35pm,Oriole Park at Camden Yards,outdoor,,1900,1900,9/8/2026,0.0617,"https://images.prismic.io/schenectady-rushstreetgaming/ZxZo8YF3NbkBXxlI__BetRivers_Logo_Horizontal_BlueDrop_RGB.png?auto=format,compress"
2026-10-09T00:00:00Z,betrivers,2026-10-08T09:12:51Z,Chicago White Sox,Cleveland Guardians,batter_home_runs,Patrick Bailey,0.5,750,,11.76,,,,0.13,0.5,11.88,93.88,11.2,88.8,,11.76,Over,0.12,-0.38,15.95,No,-0.56,-0.56,Non-Standard,https://www.freeiconspng.com/img/1934,2026-10-09T00:00:00Z,No,1.4,7.5,Guardians @ Orioles,2026-09-08T22:35:00Z,Tue 06:35pm,Oriole Park at Camden Yards,outdoor,,750,750,9/8/2026,0.112,"https://images.prismic.io/schenectady-rushstreetgaming/ZxZo8YF3NbkBXxlI__BetRivers_Logo_Horizontal_BlueDrop_RGB.png?auto=format,compress"
2026-10-09T00:00:00Z,betrivers,2026-10-08T09:12:51Z,Chicago White Sox,Cleveland Guardians,batter_home_runs,Jo Adell,0.5,525,,16,,,,0.17,0.5,16.61,89.09,15.68,84.32,,16,Over,0.17,-0.33,19.76,No,-0.32,-0.32,Non-Standard,https://www.freeiconspng.com/img/1934,2026-10-09T00:00:00Z,No,1.4,7.5,Guardians @ Orioles,2026-09-08T22:35:00Z,Tue 06:35pm,Oriole Park at Camden Yards,outdoor,,525,525,9/8/2026,0.1568,"https://images.prismic.io/schenectady-rushstreetgaming/ZxZo8YF3NbkBXxlI__BetRivers_Logo_Horizontal_BlueDrop_RGB.png?auto=format,compress"
2026-10-09T00:00:00Z,betrivers,2026-10-08T09:12:51Z,Chicago White Sox,Cleveland Guardians,batter_home_runs,Chase Meidroth,0.5,1200,,7.69,,,,0.08,0.5,8.59,96.63,8.14,91.86,,7.69,Over,0.08,-0.42,12.77,No,0.45,0.45,Non-Standard,https://www.freeiconspng.com/img/1934,2026-10-09T00:00:00Z,No,1.4,7.5,Pirates @ White Sox,2026-09-08T23:40:00Z,Tue 07:40pm,Rate Field,outdoor,,1200,1200,9/8/2026,0.0814,"https://images.prismic.io/schenectady-rushstreetgaming/ZxZo8YF3NbkBXxlI__BetRivers_Logo_Horizontal_BlueDrop_RGB.png?auto=format,compress"
2026-10-09T00:00:00Z,betrivers,2026-10-08T09:12:51Z,Chicago White Sox,Cleveland Guardians,batter_home_runs,Jose Ramirez,0.5,575,,14.81,,,,0.16,0.5,15.39,90.29,14.53,85.47,,14.81,Over,0.16,-0.34,19.01,No,-0.28,-0.28,Non-Standard,https://www.freeiconspng.com/img/1934,2026-10-09T00:00:00Z,No,1.4,7.5,,,,,,,575,575,,0.1453,"https://images.prismic.io/schenectady-rushstreetgaming/ZxZo8YF3NbkBXxlI__BetRivers_Logo_Horizontal_BlueDrop_RGB.png?auto=format,compress"
2026-10-09T00:00:00Z,betrivers,2026-10-08T09:12:51Z,Chicago White Sox,Cleveland Guardians,batter_home_runs,Nathaniel Lowe,0.5,700,,12.5,,,,0.13,0.5,12.53,93.79,11.75,88.25,,12.5,Over,0.13,-0.37,16.73,No,-0.75,-0.75,Non-Standard,https://www.freeiconspng.com/img/1934,2026-10-09T00:00:00Z,No,1.4,7.5,Guardians @ Orioles,2026-09-08T22:35:00Z,Tue 06:35pm,Oriole Park at Camden Yards,outdoor,,700,700,9/8/2026,0.1175,"https://images.prismic.io/schenectady-rushstreetgaming/ZxZo8YF3NbkBXxlI__BetRivers_Logo_Horizontal_BlueDrop_RGB.png?auto=format,compress"
2026-10-09T00:00:00Z,betrivers,2026-10-08T09:12:51Z,Chicago White Sox,Cleveland Guardians,batter_home_runs,Miguel Vargas,0.5,475,,17.39,,,,0.19,0.5,17.38,88.64,16.35,83.65,,17.39,Over,0.18,-0.32,20.5,No,-1.04,-1.04,Non-Standard,https://www.freeiconspng.com/img/1934,2026-10-09T00:00:00Z,No,1.4,7.5,Pirates @ White Sox,2026-09-08T23:40:00Z,Tue 07:40pm,Rate Field,outdoor,,475,475,9/8/2026,0.1635,"https://images.prismic.io/schenectady-rushstreetgaming/ZxZo8YF3NbkBXxlI__BetRivers_Logo_Horizontal_BlueDrop_RGB.png?auto=format,compress"
2026-10-09T00:00:00Z,betrivers,2026-10-08T09:12:51Z,Chicago White Sox,Cleveland Guardians,batter_home_runs,Tommy Pham,0.5,1050,,8.7,,,,0.09,0.5,10.62,94.72,10.05,89.95,,8.7,Over,0.11,-0.39,15.17,No,1.35,1.35,Non-Standard,https://www.freeiconspng.com/img/1934,,No,1.4,7.5,,,,,,,1049,1049,,0.1005,"https://images.prismic.io/schenectady-rushstreetgaming/ZxZo8YF3NbkBXxlI__BetRivers_Logo_Horizontal_BlueDrop_RGB.png?auto=format,compress"
2026-10-09T00:00:00Z,betrivers,2026-10-08T09:12:51Z,Chicago White Sox,Cleveland Guardians,batter_rbis,Randal Grichuk,0.5,205,,32.79,,,,0.4,0.5,27.73,79.47,25.83,74.17,,32.79,Over,0.3,-0.2,28.81,No,-6.96,-6.96,Non-Standard,https://www.freeiconspng.com/img/1934,2026-10-09T00:00:00Z,No,1.4,7.5,,,,,,,205,205,,0.2583,"https://images.prismic.io/schenectady-rushstreetgaming/ZxZo8YF3NbkBXxlI__BetRivers_Logo_Horizontal_BlueDrop_RGB.png?auto=format,compress"
2026-10-09T00:00:00Z,betrivers,2026-10-08T09:12:51Z,Chicago White Sox,Cleveland Guardians,batter_rbis,Chase Meidroth,0.5,200,,33.33,,,,0.41,0.5,25.02,81.83,23.39,76.61,,33.33,Over,0.27,-0.23,26.82,No,-9.94,-9.94,Non-Standard,https://www.freeiconspng.com/img/1934,2026-10-09T00:00:00Z,No,1.4,7.5,Pirates @ White Sox,2026-09-08T23:40:00Z,Tue 07:40pm,Rate Field,outdoor,,200,200,9/8/2026,0.2339,"https://images.prismic.io/schenectady-rushstreetgaming/ZxZo8YF3NbkBXxlI__BetRivers_Logo_Horizontal_BlueDrop_RGB.png?auto=format,compress"
2026-10-09T00:00:00Z,betrivers,2026-10-08T09:12:51Z,Chicago White Sox,Cleveland Guardians,batter_rbis,Jo Adell,0.5,123,,44.84,,,,0.59,0.5,38.88,68.28,36.27,63.73,,44.84,Over,0.45,-0.05,37.89,No,-8.57,-8.57,Non-Standard,https://www.freeiconspng.com/img/1934,2026-10-09T00:00:00Z,No,1.4,7.5,Guardians @ Orioles,2026-09-08T22:35:00Z,Tue 06:35pm,Oriole Park at Camden Yards,outdoor,,123,123,9/8/2026,0.3627,"https://images.prismic.io/schenectady-rushstreetgaming/ZxZo8YF3NbkBXxlI__BetRivers_Logo_Horizontal_BlueDrop_RGB.png?auto=format,compress"
2026-10-09T00:00:00Z,betrivers,2026-10-08T09:12:51Z,Chicago White Sox,Cleveland Guardians,batter_rbis,Kyle Teel,0.5,210,,32.26,,,,0.39,0.5,25.68,81.49,23.93,76.07,,32.26,Over,0.27,-0.23,26.82,No,-8.33,-8.33,Non-Standard,https://www.freeiconspng.com/img/1934,2026-10-09T00:00:00Z,No,1.4,7.5,Pirates @ White Sox,2026-09-08T23:40:00Z,Tue 07:40pm,Rate Field,outdoor,,210,210,9/8/2026,0.2393,"https://images.prismic.io/schenectady-rushstreetgaming/ZxZo8YF3NbkBXxlI__BetRivers_Logo_Horizontal_BlueDrop_RGB.png?auto=format,compress"
2026-10-09T00:00:00Z,betrivers,2026-10-08T09:12:51Z,Chicago White Sox,Cleveland Guardians,batter_rbis,Chase DeLauter,0.5,138,,42.02,,,,0.54,0.5,37,69.74,34.66,65.34,,42.02,Over,0.43,-0.07,36.76,No,-7.36,-7.36,Non-Standard,https://www.freeiconspng.com/img/1934,2026-10-09T00:00:00Z,No,1.4,7.5,,,,,,,138,138,,0.3466,"https://images.prismic.io/schenectady-rushstreetgaming/ZxZo8YF3NbkBXxlI__BetRivers_Logo_Horizontal_BlueDrop_RGB.png?auto=format,compress"
2026-10-09T00:00:00Z,betrivers,2026-10-08T09:12:51Z,Chicago White Sox,Cleveland Guardians,batter_rbis,Munetaka Murakami,0.5,165,,37.74,,,,0.47,0.5,34.72,71.89,32.55,67.45,,37.74,Over,0.39,-0.11,34.42,No,-5.19,-5.19,Non-Standard,https://www.freeiconspng.com/img/1934,2026-10-09T00:00:00Z,No,1.4,7.5,Pirates @ White Sox,2026-09-08T23:40:00Z,Tue 07:40pm,Rate Field,outdoor,,165,165,9/8/2026,0.3255,"https://images.prismic.io/schenectady-rushstreetgaming/ZxZo8YF3NbkBXxlI__BetRivers_Logo_Horizontal_BlueDrop_RGB.png?auto=format,compress"
2026-10-09T00:00:00Z,betrivers,2026-10-08T09:12:51Z,Chicago White Sox,Cleveland Guardians,batter_rbis,Tommy Pham,0.5,255,,28.17,,,,0.33,0.5,25.29,81.7,23.61,76.39,,28.17,Over,0.27,-0.23,26.82,No,-4.56,-4.56,Non-Standard,https://www.freeiconspng.com/img/1934,,No,1.4,7.5,,,,,,,255,255,,0.2361,"https://images.prismic.io/schenectady-rushstreetgaming/ZxZo8YF3NbkBXxlI__BetRivers_Logo_Horizontal_BlueDrop_RGB.png?auto=format,compress"
2026-10-09T00:00:00Z,betrivers,2026-10-08T09:12:51Z,Chicago White Sox,Cleveland Guardians,batter_rbis,Braden Montgomery,0.5,225,,30.77,,,,0.37,0.5,25.92,80.62,24.3,75.7,,30.77,Over,0.28,-0.22,27.49,No,-6.47,-6.47,Non-Standard,https://www.freeiconspng.com/img/1934,2026-10-09T00:00:00Z,No,1.4,7.5,Pirates @ White Sox,2026-09-08T23:40:00Z,Tue 07:40pm,Rate Field,outdoor,,225,225,9/8/2026,0.243,"https://images.prismic.io/schenectady-rushstreetgaming/ZxZo8YF3NbkBXxlI__BetRivers_Logo_Horizontal_BlueDrop_RGB.png?auto=format,compress"
2026-10-09T00:00:00Z,betrivers,2026-10-08T09:12:51Z,Chicago White Sox,Cleveland Guardians,batter_rbis,Patrick Bailey,0.5,230,,30.3,,,,0.36,0.5,28.21,78.88,26.32,73.68,,30.3,Over,0.31,-0.19,29.46,No,-3.98,-3.98,Non-Standard,https://www.freeiconspng.com/img/1934,2026-10-09T00:00:00Z,No,1.4,7.5,Guardians @ Orioles,2026-09-08T22:35:00Z,Tue 06:35pm,Oriole Park at Camden Yards,outdoor,,230,230,9/8/2026,0.2632,"https://images.prismic.io/schenectady-rushstreetgaming/ZxZo8YF3NbkBXxlI__BetRivers_Logo_Horizontal_BlueDrop_RGB.png?auto=format,compress"
2026-10-09T00:00:00Z,betrivers,2026-10-08T09:12:51Z,Chicago White Sox,Cleveland Guardians,batter_rbis,Brenton Doyle,0.5,235,,29.85,,,,0.35,0.5,25.42,81.69,23.68,76.32,,29.85,Over,0.27,-0.23,26.82,No,-6.17,-6.17,Non-Standard,https://www.freeiconspng.com/img/1934,2026-10-09T00:00:00Z,No,1.4,7.5,,,,,,,235,235,,0.2368,"https://images.prismic.io/schenectady-rushstreetgaming/ZxZo8YF3NbkBXxlI__BetRivers_Logo_Horizontal_BlueDrop_RGB.png?auto=format,compress"
2026-10-09T00:00:00Z,betrivers,2026-10-08T09:12:51Z,Chicago White Sox,Cleveland Guardians,batter_rbis,Travis Bazzana,0.5,230,,30.3,,,,0.36,0.5,27.8,79.41,25.93,74.07,,30.3,Over,0.3,-0.2,28.81,No,-4.37,-4.37,Non-Standard,https://www.freeiconspng.com/img/1934,2026-10-09T00:00:00Z,No,1.4,7.5,Guardians @ Orioles,2026-09-08T22:35:00Z,Tue 06:35pm,Oriole Park at Camden Yards,outdoor,,230,230,9/8/2026,0.2593,"https://images.prismic.io/schenectady-rushstreetgaming/ZxZo8YF3NbkBXxlI__BetRivers_Logo_Horizontal_BlueDrop_RGB.png?auto=format,compress"
2026-10-09T00:00:00Z,betrivers,2026-10-08T09:12:51Z,Chicago White Sox,Cleveland Guardians,batter_rbis,Miguel Vargas,0.5,165,,37.74,,,,0.47,0.5,34.06,72.93,31.79,68.21,,37.74,Over,0.38,-0.12,33.82,No,-5.95,-5.95,Non-Standard,https://www.freeiconspng.com/img/1934,2026-10-09T00:00:00Z,No,1.4,7.5,Pirates @ White Sox,2026-09-08T23:40:00Z,Tue 07:40pm,Rate Field,outdoor,,165,165,9/8/2026,0.3179,"https://images.prismic.io/schenectady-rushstreetgaming/ZxZo8YF3NbkBXxlI__BetRivers_Logo_Horizontal_BlueDrop_RGB.png?auto=format,compress"
2026-10-09T00:00:00Z,betrivers,2026-10-08T09:12:51Z,Chicago White Sox,Cleveland Guardians,batter_rbis,Jose Ramirez,0.5,170,,37.04,,,,0.46,0.5,34.73,71.67,32.62,67.38,,37.04,Over,0.39,-0.11,34.42,No,-4.42,-4.42,Non-Standard,https://www.freeiconspng.com/img/1934,2026-10-09T00:00:00Z,No,1.4,7.5,,,,,,,170,170,,0.3262,"https://images.prismic.io/schenectady-rushstreetgaming/ZxZo8YF3NbkBXxlI__BetRivers_Logo_Horizontal_BlueDrop_RGB.png?auto=format,compress"
2026-10-09T00:00:00Z,betrivers,2026-10-08T09:12:51Z,Chicago White Sox,Cleveland Guardians,batter_rbis,Nathaniel Lowe,0.5,165,,37.74,,,,0.47,0.5,33.26,74.35,30.89,69.11,,37.74,Over,0.37,-0.13,33.22,No,-6.85,-6.85,Non-Standard,https://www.freeiconspng.com/img/1934,2026-10-09T00:00:00Z,No,1.4,7.5,Guardians @ Orioles,2026-09-08T22:35:00Z,Tue 06:35pm,Oriole Park at Camden Yards,outdoor,,165,165,9/8/2026,0.3089,"https://images.prismic.io/schenectady-rushstreetgaming/ZxZo8YF3NbkBXxlI__BetRivers_Logo_Horizontal_BlueDrop_RGB.png?auto=format,compress"
2026-10-09T00:00:00Z,betrivers,2026-10-08T09:12:51Z,Chicago White Sox,Cleveland Guardians,batter_rbis,Angel Martinez,0.5,200,,33.33,,,,0.41,0.5,29.86,77.28,27.86,72.14,,33.33,Over,0.33,-0.17,30.73,No,-5.47,-5.47,Non-Standard,https://www.freeiconspng.com/img/1934,2026-10-09T00:00:00Z,No,1.4,7.5,,,,,,,200,200,,0.2786,"https://images.prismic.io/schenectady-rushstreetgaming/ZxZo8YF3NbkBXxlI__BetRivers_Logo_Horizontal_BlueDrop_RGB.png?auto=format,compress"
2026-10-09T00:00:00Z,betrivers,2026-10-08T09:12:51Z,Chicago White Sox,Cleveland Guardians,batter_rbis,Steven Kwan,0.5,270,,27.03,,,,0.32,0.5,25.35,81.82,23.65,76.35,,27.03,Over,0.27,-0.23,26.82,No,-3.38,-3.38,Non-Standard,https://www.freeiconspng.com/img/1934,2026-10-09T00:00:00Z,No,1.4,7.5,Guardians @ Orioles,2026-09-08T22:35:00Z,Tue 06:35pm,Oriole Park at Camden Yards,outdoor,,270,270,9/8/2026,0.2365,"https://images.prismic.io/schenectady-rushstreetgaming/ZxZo8YF3NbkBXxlI__BetRivers_Logo_Horizontal_BlueDrop_RGB.png?auto=format,compress"
2026-10-09T00:00:00Z,betrivers,2026-10-08T09:12:51Z,Chicago White Sox,Cleveland Guardians,batter_rbis,Brayan Rocchio,0.5,230,,30.3,,,,0.36,0.5,27.49,78.68,25.88,74.12,,30.3,Over,0.3,-0.2,28.81,No,-4.42,-4.42,Non-Standard,https://www.freeiconspng.com/img/1934,2026-10-09T00:00:00Z,No,1.4,7.5,Guardians @ Orioles,2026-09-08T22:35:00Z,Tue 06:35pm,Oriole Park at Camden Yards,outdoor,,230,230,9/8/2026,0.2588,"https://images.prismic.io/schenectady-rushstreetgaming/ZxZo8YF3NbkBXxlI__BetRivers_Logo_Horizontal_BlueDrop_RGB.png?auto=format,compress"
2026-10-09T00:00:00Z,betrivers,2026-10-08T09:12:51Z,Chicago White Sox,Cleveland Guardians,pitcher_outs,Parker Messick,15.5,106,,48.54,,,,15.39,15.5,47.18,61.42,43.44,56.56,,48.54,Over,15.02,-0.48,44.22,No,-5.10,-5.1,Non-Standard,https://www.freeiconspng.com/img/1934,2026-10-09T00:00:00Z,No,1.4,7.5,,,,,,,106,106,,13.4664,"https://images.prismic.io/schenectady-rushstreetgaming/ZxZo8YF3NbkBXxlI__BetRivers_Logo_Horizontal_BlueDrop_RGB.png?auto=format,compress"
2026-10-09T00:00:00Z,betonlineag,2026-10-08T09:13:29Z,Chicago White Sox,Cleveland Guardians,batter_hits,Steven Kwan,0.5,-238,178,70.41,35.97,66.19,33.81,1.08,0.5,69.88,36.8,65.52,34.48,-4.89,65.52,Over,1.06,0.56,63.51,Yes,-0.67,-0.67,Standard,https://www.freeiconspng.com/img/1934,2026-10-09T00:00:00Z,No,1.4,7.5,Guardians @ Orioles,2026-09-08T22:35:00Z,Tue 06:35pm,Oriole Park at Camden Yards,outdoor,,-190,-190,9/8/2026,0.6552,
2026-10-09T00:00:00Z,betonlineag,2026-10-08T09:13:29Z,Chicago White Sox,Cleveland Guardians,batter_hits,Brayan Rocchio,0.5,-145,112,59.18,47.17,55.65,44.35,0.81,0.5,59.63,46.98,55.94,44.06,-3.24,55.94,Over,0.82,0.32,55.24,Yes,0.29,0.29,Standard,https://www.freeiconspng.com/img/1934,2026-10-09T00:00:00Z,No,1.4,7.5,Guardians @ Orioles,2026-09-08T22:35:00Z,Tue 06:35pm,Oriole Park at Camden Yards,outdoor,,-127,-127,9/8/2026,0.5594,
2026-10-09T00:00:00Z,betonlineag,2026-10-08T09:13:29Z,Chicago White Sox,Cleveland Guardians,batter_hits,Jose Ramirez,0.5,-222,166,68.94,37.59,64.71,35.29,1.04,0.5,69.01,37.25,64.96,35.04,-3.98,64.96,Over,1.05,0.55,63.21,Yes,0.25,0.25,Standard,https://www.freeiconspng.com/img/1934,2026-10-09T00:00:00Z,No,1.4,7.5,,,,,,,-185,-185,,0.6496,
2026-10-09T00:00:00Z,betonlineag,2026-10-08T09:13:29Z,Chicago White Sox,Cleveland Guardians,batter_hits,Colson Montgomery,0.5,-108,-120,51.92,54.55,48.77,51.23,0.67,0.5,52.66,55.13,48.81,51.19,-3.36,51.19,Under,0.67,0.17,51.03,No,-0.04,-0.04,Standard,https://www.freeiconspng.com/img/1934,,No,1.4,7.5,Pirates @ White Sox,2026-09-08T23:40:00Z,Tue 07:40pm,Rate Field,outdoor,,-105,-105,9/8/2026,0.4881,
2026-10-09T00:00:00Z,betonlineag,2026-10-08T09:13:29Z,Chicago White Sox,Cleveland Guardians,batter_hits,Chase Meidroth,0.5,-189,144,65.4,40.98,61.47,38.53,0.95,0.5,66.43,40.49,62.15,37.85,-3.25,62.15,Over,0.97,0.47,60.64,Yes,0.68,0.68,Standard,https://www.freeiconspng.com/img/1934,2026-10-09T00:00:00Z,No,1.4,7.5,Pirates @ White Sox,2026-09-08T23:40:00Z,Tue 07:40pm,Rate Field,outdoor,,-164,-164,9/8/2026,0.6215,
2026-10-09T00:00:00Z,betonlineag,2026-10-08T09:13:29Z,Chicago White Sox,Cleveland Guardians,batter_hits,Angel Martinez,0.5,-159,122,61.39,45.05,57.68,42.32,0.86,0.5,61.01,45.81,57.15,42.85,-4.24,57.15,Over,0.85,0.35,56.39,Yes,-0.53,-0.53,Standard,https://www.freeiconspng.com/img/1934,2026-10-09T00:00:00Z,No,1.4,7.5,,,,,,,-133,-133,,0.5715,
2026-10-09T00:00:00Z,betonlineag,2026-10-08T09:13:29Z,Chicago White Sox,Cleveland Guardians,batter_hits,Tommy Pham,0.5,100,-130,50,56.52,46.94,53.06,0.63,0.5,50.25,56.47,47.12,52.88,-3.64,52.88,Under,0.64,0.14,52.4,No,-0.18,-0.18,Standard,https://www.freeiconspng.com/img/1934,,No,1.4,7.5,,,,,,,-112,-112,,0.4712,
2026-10-09T00:00:00Z,betonlineag,2026-10-08T09:13:29Z,Chicago White Sox,Cleveland Guardians,batter_hits,Miguel Vargas,0.5,-175,134,63.64,42.74,59.82,40.18,0.91,0.5,63.75,42.78,59.83,40.17,-3.81,59.83,Over,0.91,0.41,58.58,Yes,0.01,0.01,Standard,https://www.freeiconspng.com/img/1934,2026-10-09T00:00:00Z,No,1.4,7.5,Pirates @ White Sox,2026-09-08T23:40:00Z,Tue 07:40pm,Rate Field,outdoor,,-149,-149,9/8/2026,0.5983,
2026-10-09T00:00:00Z,betonlineag,2026-10-08T09:13:29Z,Chicago White Sox,Cleveland Guardians,batter_hits,Kyle Teel,0.5,-112,-115,52.83,53.49,49.69,50.31,0.69,0.5,54.77,53.78,50.45,49.55,-3.94,50.45,Over,0.7,0.2,50.3,Yes,0.76,0.76,Standard,https://www.freeiconspng.com/img/1934,2026-10-09T00:00:00Z,No,1.4,7.5,Pirates @ White Sox,2026-09-08T23:40:00Z,Tue 07:40pm,Rate Field,outdoor,,-102,-102,9/8/2026,0.5045,
2026-10-09T00:00:00Z,betonlineag,2026-10-08T09:13:29Z,Chicago White Sox,Cleveland Guardians,batter_hits,Travis Bazzana,0.5,-135,104,57.45,49.02,53.96,46.04,0.78,0.5,58.5,48.54,54.67,45.33,-2.78,54.67,Over,0.79,0.29,54.06,Yes,0.71,0.71,Standard,https://www.freeiconspng.com/img/1934,2026-10-09T00:00:00Z,No,1.4,7.5,Guardians @ Orioles,2026-09-08T22:35:00Z,Tue 06:35pm,Oriole Park at Camden Yards,outdoor,,-121,-121,9/8/2026,0.5467,
2026-10-09T00:00:00Z,betonlineag,2026-10-08T09:13:29Z,Chicago White Sox,Cleveland Guardians,batter_hits,Munetaka Murakami,0.5,-128,-101,56.14,50.25,52.77,47.23,0.75,0.5,56.45,49.64,53.19,46.81,-2.95,53.19,Over,0.76,0.26,52.85,Yes,0.42,0.42,Standard,https://www.freeiconspng.com/img/1934,2026-10-09T00:00:00Z,No,1.4,7.5,Pirates @ White Sox,2026-09-08T23:40:00Z,Tue 07:40pm,Rate Field,outdoor,,-114,-114,9/8/2026,0.5319,
2026-10-09T00:00:00Z,betonlineag,2026-10-08T09:13:29Z,Chicago White Sox,Cleveland Guardians,batter_hits,Randal Grichuk,0.5,-159,122,61.39,45.05,57.68,42.32,0.86,0.5,59.7,46.63,56.15,43.85,-5.24,56.15,Over,0.82,0.32,55.24,Yes,-1.53,-1.53,Standard,https://www.freeiconspng.com/img/1934,2026-10-09T00:00:00Z,No,1.4,7.5,,,,,,,-128,-128,,0.5615,
2026-10-09T00:00:00Z,betonlineag,2026-10-08T09:13:29Z,Chicago White Sox,Cleveland Guardians,batter_hits,Braden Montgomery,0.5,-135,105,57.45,48.78,54.08,45.92,0.78,0.5,57.45,49.3,53.82,46.18,-3.63,53.82,Over,0.77,0.27,53.25,Yes,-0.26,-0.26,Standard,https://www.freeiconspng.com/img/1934,2026-10-09T00:00:00Z,No,1.4,7.5,Pirates @ White Sox,2026-09-08T23:40:00Z,Tue 07:40pm,Rate Field,outdoor,,-117,-117,9/8/2026,0.5382,
2026-10-09T00:00:00Z,betonlineag,2026-10-08T09:13:29Z,Chicago White Sox,Cleveland Guardians,batter_hits,Chase DeLauter,0.5,-208,158,67.53,38.76,63.53,36.47,1.01,0.5,68.53,38.03,64.33,35.67,-3.2,64.33,Over,1.03,0.53,62.58,Yes,0.80,0.8,Standard,https://www.freeiconspng.com/img/1934,2026-10-09T00:00:00Z,No,1.4,7.5,,,,,,,-180,-180,,0.6433,
2026-10-09T00:00:00Z,betonlineag,2026-10-08T09:13:29Z,Chicago White Sox,Cleveland Guardians,batter_hits,Patrick Bailey,0.5,-127,-102,55.95,50.5,52.56,47.44,0.75,0.5,56.59,50.14,53.02,46.98,-2.93,53.02,Over,0.76,0.26,52.85,Yes,0.46,0.46,Standard,https://www.freeiconspng.com/img/1934,2026-10-09T00:00:00Z,No,1.4,7.5,Guardians @ Orioles,2026-09-08T22:35:00Z,Tue 06:35pm,Oriole Park at Camden Yards,outdoor,,-113,-113,9/8/2026,0.5302,
2026-10-09T00:00:00Z,betonlineag,2026-10-08T09:13:29Z,Chicago White Sox,Cleveland Guardians,batter_hits,Jo Adell,0.5,-185,140,64.91,41.67,60.91,39.09,0.94,0.5,64.55,42.21,60.45,39.55,-4.46,60.45,Over,0.93,0.43,59.28,Yes,-0.46,-0.46,Standard,https://www.freeiconspng.com/img/1934,2026-10-09T00:00:00Z,No,1.4,7.5,Guardians @ Orioles,2026-09-08T22:35:00Z,Tue 06:35pm,Oriole Park at Camden Yards,outdoor,,-153,-153,9/8/2026,0.6045,
2026-10-09T00:00:00Z,betonlineag,2026-10-08T09:13:29Z,Chicago White Sox,Cleveland Guardians,batter_hits,Brenton Doyle,0.5,-108,-120,51.92,54.55,48.77,51.23,0.67,0.5,51.77,55.96,48.02,51.98,-2.57,51.98,Under,0.65,0.15,51.94,No,0.75,0.75,Standard,https://www.freeiconspng.com/img/1934,2026-10-09T00:00:00Z,No,1.4,7.5,,,,,,,-108,-108,,0.4802,
2026-10-09T00:00:00Z,betonlineag,2026-10-08T09:13:29Z,Chicago White Sox,Cleveland Guardians,batter_hits,Nathaniel Lowe,0.5,-161,123,61.69,44.84,57.91,42.09,0.87,0.5,61.05,45.68,57.2,42.8,-4.49,57.2,Over,0.85,0.35,56.39,Yes,-0.71,-0.71,Standard,https://www.freeiconspng.com/img/1934,2026-10-09T00:00:00Z,No,1.4,7.5,Guardians @ Orioles,2026-09-08T22:35:00Z,Tue 06:35pm,Oriole Park at Camden Yards,outdoor,,-134,-134,9/8/2026,0.572,
2026-10-09T00:00:00Z,betonlineag,2026-10-08T09:13:29Z,Chicago White Sox,Cleveland Guardians,batter_total_bases,Jose Ramirez,1.5,130,-169,43.48,62.83,40.9,59.1,1.4,1.5,44.07,62.74,41.25,58.75,-4.08,58.75,Under,1.41,-0.09,57.78,Yes,-0.35,-0.35,Standard,https://www.freeiconspng.com/img/1934,2026-10-09T00:00:00Z,No,1.4,7.5,,,,,,,-142,-142,,1.2375,
2026-10-09T00:00:00Z,betonlineag,2026-10-08T09:13:29Z,Chicago White Sox,Cleveland Guardians,batter_total_bases,Brayan Rocchio,0.5,-149,115,59.84,46.51,56.27,43.73,0.83,0.5,60.2,47.95,55.67,44.33,-4.17,55.67,Over,0.81,0.31,54.85,Yes,-0.60,-0.6,Standard,https://www.freeiconspng.com/img/1934,2026-10-09T00:00:00Z,No,1.4,7.5,Guardians @ Orioles,2026-09-08T22:35:00Z,Tue 06:35pm,Oriole Park at Camden Yards,outdoor,,-126,-126,9/8/2026,0.5567,
2026-10-09T00:00:00Z,betonlineag,2026-10-08T09:13:29Z,Chicago White Sox,Cleveland Guardians,batter_total_bases,Steven Kwan,1.5,155,-204,39.22,67.11,36.88,63.12,1.29,1.5,40.32,67.47,37.41,62.59,-4.52,62.59,Under,1.3,-0.2,61.16,Yes,-0.53,-0.53,Standard,https://www.freeiconspng.com/img/1934,2026-10-09T00:00:00Z,No,1.4,7.5,Guardians @ Orioles,2026-09-08T22:35:00Z,Tue 06:35pm,Oriole Park at Camden Yards,outdoor,,-167,-167,9/8/2026,1.1223,
2026-10-09T00:00:00Z,betonlineag,2026-10-08T09:13:29Z,Chicago White Sox,Cleveland Guardians,batter_total_bases,Miguel Vargas,1.5,144,-189,40.98,65.4,38.53,61.47,1.33,1.5,42.17,65.22,39.27,60.73,-4.67,60.73,Under,1.36,-0.14,59.3,Yes,-0.74,-0.74,Standard,https://www.freeiconspng.com/img/1934,2026-10-09T00:00:00Z,No,1.4,7.5,Pirates @ White Sox,2026-09-08T23:40:00Z,Tue 07:40pm,Rate Field,outdoor,,-155,-155,9/8/2026,1.1781,
2026-10-09T00:00:00Z,betonlineag,2026-10-08T09:13:29Z,Chicago White Sox,Cleveland Guardians,batter_total_bases,Colson Montgomery,0.5,-101,-128,50.25,56.14,47.23,52.77,0.64,0.5,51.33,56.99,47.38,52.62,-3.52,52.62,Under,0.64,0.14,52.4,No,-0.15,-0.15,Standard,https://www.freeiconspng.com/img/1934,,No,1.4,7.5,Pirates @ White Sox,2026-09-08T23:40:00Z,Tue 07:40pm,Rate Field,outdoor,,-111,-111,9/8/2026,0.4738,
2026-10-09T00:00:00Z,betonlineag,2026-10-08T09:13:29Z,Chicago White Sox,Cleveland Guardians,batter_total_bases,Tommy Pham,0.5,-105,-123,51.22,55.16,48.15,51.85,0.66,0.5,52.38,55.72,48.46,51.54,-3.62,51.54,Under,0.66,0.16,51.48,No,-0.31,-0.31,Standard,https://www.freeiconspng.com/img/1934,,No,1.4,7.5,,,,,,,-106,-106,,0.4846,
2026-10-09T00:00:00Z,betonlineag,2026-10-08T09:13:29Z,Chicago White Sox,Cleveland Guardians,batter_total_bases,Patrick Bailey,0.5,-122,-106,54.95,51.46,51.64,48.36,0.73,0.5,56.24,51.94,51.99,48.01,-2.96,51.99,Over,0.73,0.23,51.59,Yes,0.35,0.35,Standard,https://www.freeiconspng.com/img/1934,2026-10-09T00:00:00Z,No,1.4,7.5,Guardians @ Orioles,2026-09-08T22:35:00Z,Tue 06:35pm,Oriole Park at Camden Yards,outdoor,,-108,-108,9/8/2026,0.5199,
2026-10-09T00:00:00Z,betonlineag,2026-10-08T09:13:29Z,Chicago White Sox,Cleveland Guardians,batter_total_bases,Munetaka Murakami,1.5,178,-238,35.97,70.41,33.81,66.19,1.2,1.5,36.7,71.1,34.04,65.96,-4.45,65.96,Under,1.21,-0.29,63.99,Yes,-0.23,-0.23,Standard,https://www.freeiconspng.com/img/1934,2026-10-09T00:00:00Z,No,1.4,7.5,Pirates @ White Sox,2026-09-08T23:40:00Z,Tue 07:40pm,Rate Field,outdoor,,-194,-194,9/8/2026,1.0212,
2026-10-09T00:00:00Z,betonlineag,2026-10-08T09:13:29Z,Chicago White Sox,Cleveland Guardians,batter_total_bases,Kyle Teel,0.5,-110,-118,52.38,54.13,49.18,50.82,0.68,0.5,53.63,54.39,49.64,50.36,-3.77,50.36,Under,0.69,0.19,50.14,No,-0.46,-0.46,Standard,https://www.freeiconspng.com/img/1934,2026-10-09T00:00:00Z,No,1.4,7.5,Pirates @ White Sox,2026-09-08T23:40:00Z,Tue 07:40pm,Rate Field,outdoor,,-101,-101,9/8/2026,0.4964,
2026-10-09T00:00:00Z,betonlineag,2026-10-08T09:13:29Z,Chicago White Sox,Cleveland Guardians,batter_total_bases,Chase DeLauter,1.5,152,-200,39.68,66.67,37.31,62.69,1.3,1.5,41,65.27,38.58,61.42,-5.25,61.42,Under,1.34,-0.16,59.92,Yes,-1.27,-1.27,Standard,https://www.freeiconspng.com/img/1934,2026-10-09T00:00:00Z,No,1.4,7.5,,,,,,,-159,-159,,1.1574,
2026-10-09T00:00:00Z,betonlineag,2026-10-08T09:13:29Z,Chicago White Sox,Cleveland Guardians,batter_total_bases,Travis Bazzana,0.5,-152,117,60.32,46.08,56.69,43.31,0.84,0.5,60.02,48.26,55.43,44.57,-4.89,55.43,Over,0.81,0.31,54.85,Yes,-1.26,-1.26,Standard,https://www.freeiconspng.com/img/1934,2026-10-09T00:00:00Z,No,1.4,7.5,Guardians @ Orioles,2026-09-08T22:35:00Z,Tue 06:35pm,Oriole Park at Camden Yards,outdoor,,-124,-124,9/8/2026,0.5543,
2026-10-09T00:00:00Z,betonlineag,2026-10-08T09:13:29Z,Chicago White Sox,Cleveland Guardians,batter_total_bases,Braden Montgomery,0.5,-132,102,56.9,49.5,53.47,46.53,0.77,0.5,57.75,50.28,53.45,46.55,-3.45,53.45,Over,0.76,0.26,52.85,Yes,-0.02,-0.02,Standard,https://www.freeiconspng.com/img/1934,2026-10-09T00:00:00Z,No,1.4,7.5,Pirates @ White Sox,2026-09-08T23:40:00Z,Tue 07:40pm,Rate Field,outdoor,,-115,-115,9/8/2026,0.5345,
2026-10-09T00:00:00Z,betonlineag,2026-10-08T09:13:29Z,Chicago White Sox,Cleveland Guardians,batter_total_bases,Randal Grichuk,1.5,178,-238,35.97,70.41,33.81,66.19,1.2,1.5,37.17,70.62,34.48,65.52,-4.89,65.52,Under,1.22,-0.28,63.68,Yes,-0.67,-0.67,Standard,https://www.freeiconspng.com/img/1934,2026-10-09T00:00:00Z,No,1.4,7.5,,,,,,,-190,-190,,1.0344,
2026-10-09T00:00:00Z,betonlineag,2026-10-08T09:13:29Z,Chicago White Sox,Cleveland Guardians,batter_total_bases,Brenton Doyle,0.5,-111,-116,52.61,53.7,49.48,50.52,0.68,0.5,53.88,54.21,49.84,50.16,-3.54,50.16,Under,0.69,0.19,50.14,No,-0.36,-0.36,Standard,https://www.freeiconspng.com/img/1934,2026-10-09T00:00:00Z,No,1.4,7.5,,,,,,,-101,-101,,0.4984,
2026-10-09T00:00:00Z,betonlineag,2026-10-08T09:13:29Z,Chicago White Sox,Cleveland Guardians,batter_total_bases,Jo Adell,1.5,144,-189,40.98,65.4,38.53,61.47,1.33,1.5,41.8,65.76,38.86,61.14,-4.26,61.14,Under,1.34,-0.16,59.92,Yes,-0.33,-0.33,Standard,https://www.freeiconspng.com/img/1934,2026-10-09T00:00:00Z,No,1.4,7.5,Guardians @ Orioles,2026-09-08T22:35:00Z,Tue 06:35pm,Oriole Park at Camden Yards,outdoor,,-157,-157,9/8/2026,1.1658,
2026-10-09T00:00:00Z,betonlineag,2026-10-08T09:13:29Z,Chicago White Sox,Cleveland Guardians,batter_total_bases,Angel Martinez,0.5,-164,125,62.12,44.44,58.29,41.71,0.87,0.5,62.12,46.01,57.44,42.56,-4.68,57.44,Over,0.85,0.35,56.39,Yes,-0.85,-0.85,Standard,https://www.freeiconspng.com/img/1934,2026-10-09T00:00:00Z,No,1.4,7.5,,,,,,,-135,-135,,0.5744,
2026-10-09T00:00:00Z,betonlineag,2026-10-08T09:13:29Z,Chicago White Sox,Cleveland Guardians,batter_total_bases,Chase Meidroth,0.5,-169,130,62.83,43.48,59.1,40.9,0.89,0.5,64.68,43.42,59.82,40.18,-3.01,59.82,Over,0.91,0.41,58.58,Yes,0.72,0.72,Standard,https://www.freeiconspng.com/img/1934,2026-10-09T00:00:00Z,No,1.4,7.5,Pirates @ White Sox,2026-09-08T23:40:00Z,Tue 07:40pm,Rate Field,outdoor,,-149,-149,9/8/2026,0.5982,
2026-10-09T00:00:00Z,betonlineag,2026-10-08T09:13:29Z,Chicago White Sox,Cleveland Guardians,batter_total_bases,Nathaniel Lowe,0.5,-164,125,62.12,44.44,58.29,41.71,0.87,0.5,62.72,45.5,57.97,42.03,-4.15,57.97,Over,0.87,0.37,57.13,Yes,-0.32,-0.32,Standard,https://www.freeiconspng.com/img/1934,2026-10-09T00:00:00Z,No,1.4,7.5,Guardians @ Orioles,2026-09-08T22:35:00Z,Tue 06:35pm,Oriole Park at Camden Yards,outdoor,,-138,-138,9/8/2026,0.5797,
2026-10-09T00:00:00Z,betonlineag,2026-10-08T09:13:29Z,Chicago White Sox,Cleveland Guardians,pitcher_strikeouts,Parker Messick,6.5,126,-164,44.25,62.12,41.6,58.4,6.14,6.5,45.11,61.47,42.31,57.69,-4.43,57.69,Under,6.18,-0.32,56.81,Yes,-0.71,-0.71,Standard,https://www.freeiconspng.com/img/1934,2026-10-09T00:00:00Z,No,1.4,7.5,,,,,,,-136,-136,,5.5003,
2026-10-09T00:00:00Z,betonlineag,2026-10-08T09:13:29Z,Chicago White Sox,Cleveland Guardians,pitcher_strikeouts,Hagen Smith,2.5,136,-179,42.37,64.16,39.78,60.22,2.28,2.5,42.52,65.74,39.3,60.7,-3.46,60.7,Under,2.26,-0.24,59.39,Yes,0.48,0.48,Standard,https://www.freeiconspng.com/img/1934,2026-10-09T00:00:00Z,No,1.4,7.5,,,,,,,-154,-154,,1.965,
2026-10-09T00:00:00Z,pinnacle,2026-10-08T09:13:03Z,Chicago White Sox,Cleveland Guardians,batter_home_runs,Angel Martinez,0.5,850,-2717,10.53,96.45,9.84,90.16,0.1,0.5,11.28,94.27,10.66,89.34,-7.11,89.34,Under,0.11,-0.39,84.83,Yes,-0.82,-0.82,Standard,https://www.freeiconspng.com/img/1934,2026-10-09T00:00:00Z,No,1.4,7.5,,,,,,,-838,-838,,0.1066,
2026-10-09T00:00:00Z,pinnacle,2026-10-08T09:13:03Z,Chicago White Sox,Cleveland Guardians,batter_home_runs,Brayan Rocchio,0.5,950,-3826,9.52,97.45,8.9,91.1,0.09,0.5,9.39,96.37,8.84,91.16,-6.29,91.16,Under,0.09,-0.41,86.43,Yes,0.06,0.06,Standard,https://www.freeiconspng.com/img/1934,2026-10-09T00:00:00Z,No,1.4,7.5,Guardians @ Orioles,2026-09-08T22:35:00Z,Tue 06:35pm,Oriole Park at Camden Yards,outdoor,,-1031,-1031,9/8/2026,0.0884,
2026-10-09T00:00:00Z,pinnacle,2026-10-08T09:13:03Z,Chicago White Sox,Cleveland Guardians,batter_home_runs,Brenton Doyle,0.5,650,-1473,13.33,93.64,12.46,87.54,0.13,0.5,12.23,94,11.46,88.54,-5.1,88.54,Under,0.12,-0.38,84.05,Yes,1.00,1,Standard,https://www.freeiconspng.com/img/1934,2026-10-09T00:00:00Z,No,1.4,7.5,,,,,,,-773,-773,,0.1146,
2026-10-09T00:00:00Z,pinnacle,2026-10-08T09:13:03Z,Chicago White Sox,Cleveland Guardians,batter_home_runs,Chase DeLauter,0.5,650,-1473,13.33,93.64,12.46,87.54,0.13,0.5,13.36,93.16,12.53,87.47,-6.17,87.47,Under,0.13,-0.37,83.27,Yes,-0.07,-0.07,Standard,https://www.freeiconspng.com/img/1934,2026-10-09T00:00:00Z,No,1.4,7.5,,,,,,,-698,-698,,0.1253,
2026-10-09T00:00:00Z,pinnacle,2026-10-08T09:13:03Z,Chicago White Sox,Cleveland Guardians,batter_home_runs,Colson Montgomery,0.5,470,-846,17.54,89.43,16.4,83.6,0.18,0.5,16.45,88.61,15.6,84.4,-5.03,84.4,Under,0.17,-0.33,80.24,Yes,0.80,0.8,Standard,https://www.freeiconspng.com/img/1934,,No,1.4,7.5,Pirates @ White Sox,2026-09-08T23:40:00Z,Tue 07:40pm,Rate Field,outdoor,,-541,-541,9/8/2026,0.156,
2026-10-09T00:00:00Z,pinnacle,2026-10-08T09:13:03Z,Chicago White Sox,Cleveland Guardians,batter_home_runs,Jo Adell,0.5,490,-903,16.95,90.03,15.84,84.16,0.17,0.5,16.61,89.09,15.68,84.32,-5.71,84.32,Under,0.17,-0.33,80.24,Yes,0.16,0.16,Standard,https://www.freeiconspng.com/img/1934,2026-10-09T00:00:00Z,No,1.4,7.5,Guardians @ Orioles,2026-09-08T22:35:00Z,Tue 06:35pm,Oriole Park at Camden Yards,outdoor,,-538,-538,9/8/2026,0.1568,
2026-10-09T00:00:00Z,pinnacle,2026-10-08T09:13:03Z,Chicago White Sox,Cleveland Guardians,batter_home_runs,Jose Ramirez,0.5,540,-1056,15.63,91.35,14.61,85.39,0.16,0.5,15.39,90.29,14.53,85.47,-5.88,85.47,Under,0.16,-0.34,80.99,Yes,0.08,0.08,Standard,https://www.freeiconspng.com/img/1934,2026-10-09T00:00:00Z,No,1.4,7.5,,,,,,,-588,-588,,0.1453,
2026-10-09T00:00:00Z,pinnacle,2026-10-08T09:13:03Z,Chicago White Sox,Cleveland Guardians,batter_home_runs,Kyle Teel,0.5,800,-2319,11.11,95.87,10.39,89.61,0.11,0.5,10.85,94.65,10.25,89.75,-6.12,89.75,Under,0.11,-0.39,84.83,Yes,0.14,0.14,Standard,https://www.freeiconspng.com/img/1934,2026-10-09T00:00:00Z,No,1.4,7.5,Pirates @ White Sox,2026-09-08T23:40:00Z,Tue 07:40pm,Rate Field,outdoor,,-876,-876,9/8/2026,0.1025,
2026-10-09T00:00:00Z,pinnacle,2026-10-08T09:13:03Z,Chicago White Sox,Cleveland Guardians,batter_home_runs,Miguel Vargas,0.5,440,-766,18.52,88.45,17.31,82.69,0.19,0.5,17.38,88.64,16.35,83.65,-4.8,83.65,Under,0.18,-0.32,79.5,Yes,0.96,0.96,Standard,https://www.freeiconspng.com/img/1934,2026-10-09T00:00:00Z,No,1.4,7.5,Pirates @ White Sox,2026-09-08T23:40:00Z,Tue 07:40pm,Rate Field,outdoor,,-512,-512,9/8/2026,0.1635,
2026-10-09T00:00:00Z,pinnacle,2026-10-08T09:13:03Z,Chicago White Sox,Cleveland Guardians,batter_home_runs,Munetaka Murakami,0.5,394,-653,20.24,86.72,18.93,81.07,0.21,0.5,19.91,85.95,18.81,81.19,-5.53,81.19,Under,0.21,-0.29,77.33,Yes,0.12,0.12,Standard,https://www.freeiconspng.com/img/1934,2026-10-09T00:00:00Z,No,1.4,7.5,Pirates @ White Sox,2026-09-08T23:40:00Z,Tue 07:40pm,Rate Field,outdoor,,-432,-432,9/8/2026,0.1881,
2026-10-09T00:00:00Z,pinnacle,2026-10-08T09:13:03Z,Chicago White Sox,Cleveland Guardians,batter_home_runs,Nathaniel Lowe,0.5,710,-1763,12.35,94.63,11.54,88.46,0.12,0.5,12.53,93.79,11.75,88.25,-6.38,88.25,Under,0.13,-0.37,83.27,Yes,-0.21,-0.21,Standard,https://www.freeiconspng.com/img/1934,2026-10-09T00:00:00Z,No,1.4,7.5,Guardians @ Orioles,2026-09-08T22:35:00Z,Tue 06:35pm,Oriole Park at Camden Yards,outdoor,,-751,-751,9/8/2026,0.1175,
2026-10-09T00:00:00Z,pinnacle,2026-10-08T09:13:03Z,Chicago White Sox,Cleveland Guardians,batter_home_runs,Patrick Bailey,0.5,700,-1711,12.5,94.48,11.68,88.32,0.12,0.5,11.88,93.88,11.2,88.8,-5.68,88.8,Under,0.12,-0.38,84.05,Yes,0.48,0.48,Standard,https://www.freeiconspng.com/img/1934,2026-10-09T00:00:00Z,No,1.4,7.5,Guardians @ Orioles,2026-09-08T22:35:00Z,Tue 06:35pm,Oriole Park at Camden Yards,outdoor,,-793,-793,9/8/2026,0.112,
2026-10-09T00:00:00Z,pinnacle,2026-10-08T09:13:03Z,Chicago White Sox,Cleveland Guardians,batter_home_runs,Randal Grichuk,0.5,490,-903,16.95,90.03,15.84,84.16,0.17,0.5,15.15,90.51,14.32,85.68,-4.35,85.68,Under,0.15,-0.35,81.74,Yes,1.52,1.52,Standard,https://www.freeiconspng.com/img/1934,2026-10-09T00:00:00Z,No,1.4,7.5,,,,,,,-598,-598,,0.1432,
2026-10-09T00:00:00Z,pinnacle,2026-10-08T09:13:03Z,Chicago White Sox,Cleveland Guardians,batter_home_runs,Tommy Pham,0.5,800,-2319,11.11,95.87,10.39,89.61,0.11,0.5,10.62,94.72,10.05,89.95,-5.92,89.95,Under,0.11,-0.39,84.83,Yes,0.34,0.34,Standard,https://www.freeiconspng.com/img/1934,,No,1.4,7.5,,,,,,,-895,-895,,0.1005,
2026-10-09T00:00:00Z,pinnacle,2026-10-08T09:13:03Z,Chicago White Sox,Cleveland Guardians,batter_home_runs,Travis Bazzana,0.5,950,-3826,9.52,97.45,8.9,91.1,0.09,0.5,10.35,95.25,9.78,90.22,-7.23,90.22,Under,0.1,-0.4,85.63,Yes,-0.88,-0.88,Standard,https://www.freeiconspng.com/img/1934,2026-10-09T00:00:00Z,No,1.4,7.5,Guardians @ Orioles,2026-09-08T22:35:00Z,Tue 06:35pm,Oriole Park at Camden Yards,outdoor,,-922,-922,9/8/2026,0.0978,
2026-10-09T00:00:00Z,pinnacle,2026-10-08T09:13:03Z,Chicago White Sox,Cleveland Guardians,batter_total_bases,Chase DeLauter,1.5,138,-190,42.02,65.52,39.07,60.93,1.35,1.5,41,65.27,38.58,61.42,-4.1,61.42,Under,1.34,-0.16,59.92,Yes,0.49,0.49,Standard,https://www.freeiconspng.com/img/1934,2026-10-09T00:00:00Z,No,1.4,7.5,,,,,,,-159,-159,,1.1574,
2026-10-09T00:00:00Z,pinnacle,2026-10-08T09:13:03Z,Chicago White Sox,Cleveland Guardians,batter_total_bases,Jo Adell,1.5,139,-190,41.84,65.52,38.97,61.03,1.35,1.5,41.8,65.76,38.86,61.14,-4.38,61.14,Under,1.34,-0.16,59.92,Yes,0.11,0.11,Standard,https://www.freeiconspng.com/img/1934,2026-10-09T00:00:00Z,No,1.4,7.5,Guardians @ Orioles,2026-09-08T22:35:00Z,Tue 06:35pm,Oriole Park at Camden Yards,outdoor,,-157,-157,9/8/2026,1.1658,
2026-10-09T00:00:00Z,pinnacle,2026-10-08T09:13:03Z,Chicago White Sox,Cleveland Guardians,batter_total_bases,Jose Ramirez,1.5,123,-164,44.84,62.12,41.92,58.08,1.43,1.5,44.07,62.74,41.25,58.75,-3.37,58.75,Under,1.41,-0.09,57.78,Yes,0.67,0.67,Standard,https://www.freeiconspng.com/img/1934,2026-10-09T00:00:00Z,No,1.4,7.5,,,,,,,-142,-142,,1.2375,
2026-10-09T00:00:00Z,pinnacle,2026-10-08T09:13:03Z,Chicago White Sox,Cleveland Guardians,batter_total_bases,Miguel Vargas,1.5,135,-182,42.55,64.54,39.74,60.26,1.37,1.5,42.17,65.22,39.27,60.73,-3.81,60.73,Under,1.36,-0.14,59.3,Yes,0.47,0.47,Standard,https://www.freeiconspng.com/img/1934,2026-10-09T00:00:00Z,No,1.4,7.5,Pirates @ White Sox,2026-09-08T23:40:00Z,Tue 07:40pm,Rate Field,outdoor,,-155,-155,9/8/2026,1.1781,
2026-10-09T00:00:00Z,pinnacle,2026-10-08T09:13:03Z,Chicago White Sox,Cleveland Guardians,batter_total_bases,Steven Kwan,1.5,143,-193,41.15,65.87,38.45,61.55,1.33,1.5,40.32,67.47,37.41,62.59,-3.28,62.59,Under,1.3,-0.2,61.16,Yes,1.04,1.04,Standard,https://www.freeiconspng.com/img/1934,2026-10-09T00:00:00Z,No,1.4,7.5,Guardians @ Orioles,2026-09-08T22:35:00Z,Tue 06:35pm,Oriole Park at Camden Yards,outdoor,,-167,-167,9/8/2026,1.1223,
2026-10-09T00:00:00Z,pinnacle,2026-10-08T09:13:03Z,Chicago White Sox,Cleveland Guardians,pitcher_strikeouts,Parker Messick,6.5,122,-163,45.05,61.98,42.09,57.91,6.17,6.5,45.11,61.47,42.31,57.69,-4.29,57.69,Under,6.18,-0.32,56.81,Yes,-0.22,-0.22,Standard,https://www.freeiconspng.com/img/1934,2026-10-09T00:00:00Z,No,1.4,7.5,,,,,,,-136,-136,,5.5003,
2026-10-09T00:00:00Z,pick6,2026-10-08T09:13:11Z,Chicago White Sox,Cleveland Guardians,batter_hits,Munetaka Murakami,0.5,,-137,,57.81,,,0.5,0.5,56.45,49.64,53.19,46.81,,57.81,Under,0.76,0.26,47.15,No,-11.00,-11,Non-Standard,https://www.freeiconspng.com/img/1934,2026-10-09T00:00:00Z,No,1.4,7.5,Pirates @ White Sox,2026-09-08T23:40:00Z,Tue 07:40pm,Rate Field,outdoor,,-137,-137,9/8/2026,0.5319,
2026-10-09T00:00:00Z,pick6,2026-10-08T09:13:11Z,Chicago White Sox,Cleveland Guardians,batter_hits,Braden Montgomery,0.5,,-137,,57.81,,,0.5,0.5,57.45,49.3,53.82,46.18,,57.81,Under,0.77,0.27,46.75,No,-11.63,-11.63,Non-Standard,https://www.freeiconspng.com/img/1934,2026-10-09T00:00:00Z,No,1.4,7.5,Pirates @ White Sox,2026-09-08T23:40:00Z,Tue 07:40pm,Rate Field,outdoor,,-137,-137,9/8/2026,0.5382,
2026-10-09T00:00:00Z,pick6,2026-10-08T09:13:11Z,Chicago White Sox,Cleveland Guardians,batter_hits,Patrick Bailey,0.5,,-137,,57.81,,,0.5,0.5,56.59,50.14,53.02,46.98,,57.81,Under,0.76,0.26,47.15,No,-10.83,-10.83,Non-Standard,https://www.freeiconspng.com/img/1934,2026-10-09T00:00:00Z,No,1.4,7.5,Guardians @ Orioles,2026-09-08T22:35:00Z,Tue 06:35pm,Oriole Park at Camden Yards,outdoor,,-137,-137,9/8/2026,0.5302,
2026-10-09T00:00:00Z,pick6,2026-10-08T09:13:11Z,Chicago White Sox,Cleveland Guardians,batter_hits,Brenton Doyle,0.5,-137,,57.81,,,,0.86,0.5,51.77,55.96,48.02,51.98,,57.81,Over,0.65,0.15,48.06,Yes,-9.79,-9.79,Non-Standard,https://www.freeiconspng.com/img/1934,2026-10-09T00:00:00Z,No,1.4,7.5,,,,,,,-137,-137,,0.4802,
2026-10-09T00:00:00Z,pick6,2026-10-08T09:13:11Z,Chicago White Sox,Cleveland Guardians,batter_hits,Travis Bazzana,0.5,,-137,,57.81,,,0.5,0.5,58.5,48.54,54.67,45.33,,57.81,Under,0.79,0.29,45.94,No,-12.48,-12.48,Non-Standard,https://www.freeiconspng.com/img/1934,2026-10-09T00:00:00Z,No,1.4,7.5,Guardians @ Orioles,2026-09-08T22:35:00Z,Tue 06:35pm,Oriole Park at Camden Yards,outdoor,,-137,-137,9/8/2026,0.5467,
2026-10-09T00:00:00Z,pick6,2026-10-08T09:13:11Z,Chicago White Sox,Cleveland Guardians,batter_hits,Colson Montgomery,0.5,-137,-137,57.81,57.81,50,50,0.69,0.5,52.66,55.13,48.81,51.19,-6.62,51.19,Under,0.67,0.17,51.03,No,1.19,1.19,Standard,https://www.freeiconspng.com/img/1934,,No,1.4,7.5,Pirates @ White Sox,2026-09-08T23:40:00Z,Tue 07:40pm,Rate Field,outdoor,,-105,-105,9/8/2026,0.4881,
2026-10-09T00:00:00Z,pick6,2026-10-08T09:13:11Z,Chicago White Sox,Cleveland Guardians,batter_hits,Tommy Pham,0.5,-137,,57.81,,,,0.86,0.5,50.25,56.47,47.12,52.88,,57.81,Over,0.64,0.14,47.6,Yes,-10.69,-10.69,Non-Standard,https://www.freeiconspng.com/img/1934,,No,1.4,7.5,,,,,,,-137,-137,,0.4712,
2026-10-09T00:00:00Z,pick6,2026-10-08T09:13:11Z,Chicago White Sox,Cleveland Guardians,batter_hits,Kyle Teel,0.5,-137,-137,57.81,57.81,50,50,0.69,0.5,54.77,53.78,50.45,49.55,-8.26,50.45,Over,0.7,0.2,50.3,Yes,0.45,0.45,Standard,https://www.freeiconspng.com/img/1934,2026-10-09T00:00:00Z,No,1.4,7.5,Pirates @ White Sox,2026-09-08T23:40:00Z,Tue 07:40pm,Rate Field,outdoor,,-102,-102,9/8/2026,0.5045,
2026-10-09T00:00:00Z,pick6,2026-10-08T09:13:11Z,Chicago White Sox,Cleveland Guardians,batter_hits_runs_rbis,Chase DeLauter,1.5,-137,-137,57.81,57.81,50,50,1.68,1.5,54.15,54.72,49.75,50.25,-7.56,50.25,Under,1.67,0.17,50.23,No,0.25,0.25,Standard,https://www.freeiconspng.com/img/1934,2026-10-09T00:00:00Z,No,1.4,7.5,,,,,,,-101,-101,,1.4925,
2026-10-09T00:00:00Z,pick6,2026-10-08T09:13:11Z,Chicago White Sox,Cleveland Guardians,batter_hits_runs_rbis,Steven Kwan,1.5,-137,-137,57.81,57.81,50,50,1.68,1.5,54.34,54.54,49.9,50.1,-7.71,50.1,Under,1.68,0.18,49.95,No,0.10,0.1,Standard,https://www.freeiconspng.com/img/1934,2026-10-09T00:00:00Z,No,1.4,7.5,Guardians @ Orioles,2026-09-08T22:35:00Z,Tue 06:35pm,Oriole Park at Camden Yards,outdoor,,-100,-100,9/8/2026,1.497,
2026-10-09T00:00:00Z,pick6,2026-10-08T09:13:11Z,Chicago White Sox,Cleveland Guardians,batter_hits_runs_rbis,Jose Ramirez,1.5,-137,-137,57.81,57.81,50,50,1.68,1.5,55.1,53.79,50.63,49.37,-8.44,50.63,Over,1.7,0.2,50.59,Yes,0.63,0.63,Standard,https://www.freeiconspng.com/img/1934,2026-10-09T00:00:00Z,No,1.4,7.5,,,,,,,-103,-103,,1.5189,
2026-10-09T00:00:00Z,pick6,2026-10-08T09:13:11Z,Chicago White Sox,Cleveland Guardians,batter_hits_runs_rbis,Chase Meidroth,1.5,-137,,57.81,,,,1.94,1.5,47.41,59.2,44.47,55.53,,57.81,Over,1.51,0.01,45.21,Yes,-13.34,-13.34,Non-Standard,https://www.freeiconspng.com/img/1934,2026-10-09T00:00:00Z,No,1.4,7.5,Pirates @ White Sox,2026-09-08T23:40:00Z,Tue 07:40pm,Rate Field,outdoor,,-137,-137,9/8/2026,1.3341,
2026-10-09T00:00:00Z,pick6,2026-10-08T09:13:11Z,Chicago White Sox,Cleveland Guardians,batter_hits_runs_rbis,Miguel Vargas,1.5,-137,,57.81,,,,1.94,1.5,48.4,57.95,45.49,54.51,,57.81,Over,1.54,0.04,46.08,Yes,-12.32,-12.32,Non-Standard,https://www.freeiconspng.com/img/1934,2026-10-09T00:00:00Z,No,1.4,7.5,Pirates @ White Sox,2026-09-08T23:40:00Z,Tue 07:40pm,Rate Field,outdoor,,-137,-137,9/8/2026,1.3647,
2026-10-09T00:00:00Z,pick6,2026-10-08T09:13:11Z,Chicago White Sox,Cleveland Guardians,batter_hits_runs_rbis,Jo Adell,1.5,-137,-137,57.81,57.81,50,50,1.68,1.5,52.26,55.84,48.31,51.69,-6.12,51.69,Under,1.63,0.13,51.35,No,1.69,1.69,Standard,https://www.freeiconspng.com/img/1934,2026-10-09T00:00:00Z,No,1.4,7.5,Guardians @ Orioles,2026-09-08T22:35:00Z,Tue 06:35pm,Oriole Park at Camden Yards,outdoor,,-107,-107,9/8/2026,1.4493,
2026-10-09T00:00:00Z,pick6,2026-10-08T09:13:11Z,Chicago White Sox,Cleveland Guardians,batter_hits_runs_rbis,Tommy Pham,0.5,-137,-137,57.81,57.81,50,50,0.69,0.5,56.62,52.25,52.1,47.9,-9.91,52.1,Over,0.74,0.24,52.01,Yes,2.10,2.1,Standard,https://www.freeiconspng.com/img/1934,,No,1.4,7.5,,,,,,,-109,-109,,0.521,
2026-10-09T00:00:00Z,pick6,2026-10-08T09:13:11Z,Chicago White Sox,Cleveland Guardians,batter_hits_runs_rbis,Brenton Doyle,0.5,-137,-137,57.81,57.81,50,50,0.69,0.5,55.8,53.11,51.28,48.72,-9.09,51.28,Over,0.72,0.22,51.17,Yes,1.28,1.28,Standard,https://www.freeiconspng.com/img/1934,2026-10-09T00:00:00Z,No,1.4,7.5,,,,,,,-105,-105,,0.5128,
2026-10-09T00:00:00Z,pick6,2026-10-08T09:13:11Z,Chicago White Sox,Cleveland Guardians,batter_singles,Chase Meidroth,0.5,,-137,,57.81,,,0.5,0.5,55.34,53.66,50.77,49.23,,57.81,Under,0.5,0,50,No,-8.58,-8.58,Non-Standard,https://www.freeiconspng.com/img/1934,2026-10-09T00:00:00Z,No,1.4,7.5,Pirates @ White Sox,2026-09-08T23:40:00Z,Tue 07:40pm,Rate Field,outdoor,,-137,-137,9/8/2026,0.5077,
2026-10-09T00:00:00Z,pick6,2026-10-08T09:13:11Z,Chicago White Sox,Cleveland Guardians,batter_singles,Chase DeLauter,0.5,-137,-137,57.81,57.81,50,50,0.5,0.5,54.86,53.67,50.58,49.42,-8.39,50.58,Over,0.5,0,50,No,0.58,0.58,Standard,https://www.freeiconspng.com/img/1934,2026-10-09T00:00:00Z,No,1.4,7.5,,,,,,,-102,-102,,0.5058,
2026-10-09T00:00:00Z,pick6,2026-10-08T09:13:11Z,Chicago White Sox,Cleveland Guardians,batter_singles,Jose Ramirez,0.5,-137,-137,57.81,57.81,50,50,0.5,0.5,55,54.52,50.23,49.77,-8.04,50.23,Over,0.5,0,50,No,0.23,0.23,Standard,https://www.freeiconspng.com/img/1934,2026-10-09T00:00:00Z,No,1.4,7.5,,,,,,,-101,-101,,0.5023,
2026-10-09T00:00:00Z,pick6,2026-10-08T09:13:11Z,Chicago White Sox,Cleveland Guardians,batter_strikeouts,Munetaka Murakami,1.5,-137,,57.81,,,,1.94,,,,,,,57.81,Over,1.94,0.44,56.82,Yes,,,Non-Standard,https://www.freeiconspng.com/img/1934,2026-10-09T00:00:00Z,No,1.4,7.5,Pirates @ White Sox,2026-09-08T23:40:00Z,Tue 07:40pm,Rate Field,outdoor,,-137,,9/8/2026,1.7343,
2026-10-09T00:00:00Z,pick6,2026-10-08T09:13:11Z,Chicago White Sox,Cleveland Guardians,batter_walks,Steven Kwan,0.5,-137,,57.81,,,,0.86,0.5,48.5,60.35,44.56,55.44,,57.81,Over,0.59,0.09,45.22,Yes,-13.25,-13.25,Non-Standard,https://www.freeiconspng.com/img/1934,2026-10-09T00:00:00Z,No,1.4,7.5,Guardians @ Orioles,2026-09-08T22:35:00Z,Tue 06:35pm,Oriole Park at Camden Yards,outdoor,,-137,-137,9/8/2026,0.4456,
2026-10-09T00:00:00Z,pick6,2026-10-08T09:13:11Z,Chicago White Sox,Cleveland Guardians,batter_walks,Chase DeLauter,0.5,-137,,57.81,,,,0.86,0.5,49.23,59.76,45.16,54.84,,57.81,Over,0.6,0.1,45.7,Yes,-12.65,-12.65,Non-Standard,https://www.freeiconspng.com/img/1934,2026-10-09T00:00:00Z,No,1.4,7.5,,,,,,,-137,-137,,0.4516,
2026-10-09T00:00:00Z,pick6,2026-10-08T09:13:11Z,Chicago White Sox,Cleveland Guardians,batter_walks,Munetaka Murakami,0.5,-137,-137,57.81,57.81,50,50,0.69,0.5,52.26,58.96,46.92,53.08,-4.73,53.08,Under,0.63,0.13,52.87,No,3.08,3.08,Standard,https://www.freeiconspng.com/img/1934,2026-10-09T00:00:00Z,No,1.4,7.5,Pirates @ White Sox,2026-09-08T23:40:00Z,Tue 07:40pm,Rate Field,outdoor,,-113,-113,9/8/2026,0.4692,
2026-10-09T00:00:00Z,fliff,2026-10-08T09:12:36Z,Chicago White Sox,Cleveland Guardians,batter_doubles,Miguel Vargas,0.5,325,-660,23.53,86.84,21.32,78.68,0.5,0.5,21.81,85.8,20.25,79.75,-7.09,79.75,Under,0.5,0,50,No,1.07,1.07,Standard,https://www.freeiconspng.com/img/1934,2026-10-09T00:00:00Z,No,1.4,7.5,Pirates @ White Sox,2026-09-08T23:40:00Z,Tue 07:40pm,Rate Field,outdoor,,-394,-394,9/8/2026,0.2025,https://assets.actionnetwork.com/639189_fliff-logo.webp
2026-10-09T00:00:00Z,fliff,2026-10-08T09:12:36Z,Chicago White Sox,Cleveland Guardians,batter_doubles,Jose Ramirez,0.5,330,-680,23.26,87.18,21.06,78.94,0.5,0.5,21.74,85.88,20.19,79.81,-7.37,79.81,Under,0.5,0,50,No,0.87,0.87,Standard,https://www.freeiconspng.com/img/1934,2026-10-09T00:00:00Z,No,1.4,7.5,,,,,,,-395,-395,,0.2019,https://assets.actionnetwork.com/639189_fliff-logo.webp
2026-10-09T00:00:00Z,fliff,2026-10-08T09:12:36Z,Chicago White Sox,Cleveland Guardians,batter_doubles,Steven Kwan,0.5,335,-690,22.99,87.34,20.84,79.16,0.5,0.5,21.43,86.15,19.91,80.09,-7.25,80.09,Under,0.5,0,50,No,0.93,0.93,Standard,https://www.freeiconspng.com/img/1934,2026-10-09T00:00:00Z,No,1.4,7.5,Guardians @ Orioles,2026-09-08T22:35:00Z,Tue 06:35pm,Oriole Park at Camden Yards,outdoor,,-402,-402,9/8/2026,0.1991,https://assets.actionnetwork.com/639189_fliff-logo.webp
2026-10-09T00:00:00Z,fliff,2026-10-08T09:12:36Z,Chicago White Sox,Cleveland Guardians,batter_doubles,Chase Meidroth,0.5,345,-715,22.47,87.73,20.39,79.61,0.5,0.5,20.93,86.45,19.48,80.52,-7.21,80.52,Under,0.5,0,50,No,0.91,0.91,Standard,https://www.freeiconspng.com/img/1934,2026-10-09T00:00:00Z,No,1.4,7.5,Pirates @ White Sox,2026-09-08T23:40:00Z,Tue 07:40pm,Rate Field,outdoor,,-413,-413,9/8/2026,0.1948,https://assets.actionnetwork.com/639189_fliff-logo.webp
2026-10-09T00:00:00Z,fliff,2026-10-08T09:12:36Z,Chicago White Sox,Cleveland Guardians,batter_doubles,Randal Grichuk,0.5,350,-735,22.22,88.02,20.16,79.84,0.5,0.5,20.38,87.23,18.92,81.08,-6.94,81.08,Under,0.5,0,50,No,1.24,1.24,Standard,https://www.freeiconspng.com/img/1934,2026-10-09T00:00:00Z,No,1.4,7.5,,,,,,,-429,-429,,0.1892,https://assets.actionnetwork.com/639189_fliff-logo.webp
2026-10-09T00:00:00Z,fliff,2026-10-08T09:12:36Z,Chicago White Sox,Cleveland Guardians,batter_doubles,Chase DeLauter,0.5,350,-735,22.22,88.02,20.16,79.84,0.5,0.5,20.55,86.8,19.13,80.87,-7.15,80.87,Under,0.5,0,50,No,1.03,1.03,Standard,https://www.freeiconspng.com/img/1934,2026-10-09T00:00:00Z,No,1.4,7.5,,,,,,,-423,-423,,0.1913,https://assets.actionnetwork.com/639189_fliff-logo.webp
2026-10-09T00:00:00Z,fliff,2026-10-08T09:12:36Z,Chicago White Sox,Cleveland Guardians,batter_doubles,Jo Adell,0.5,350,-730,22.22,87.95,20.17,79.83,0.5,0.5,20.77,86.59,19.33,80.67,-7.28,80.67,Under,0.5,0,50,No,0.84,0.84,Standard,https://www.freeiconspng.com/img/1934,2026-10-09T00:00:00Z,No,1.4,7.5,Guardians @ Orioles,2026-09-08T22:35:00Z,Tue 06:35pm,Oriole Park at Camden Yards,outdoor,,-417,-417,9/8/2026,0.1933,https://assets.actionnetwork.com/639189_fliff-logo.webp
2026-10-09T00:00:00Z,fliff,2026-10-08T09:12:36Z,Chicago White Sox,Cleveland Guardians,batter_doubles,Angel Martinez,0.5,385,-830,20.62,89.25,18.77,81.23,0.5,0.5,19.16,88.03,17.87,82.13,-7.12,82.13,Under,0.5,0,50,No,0.90,0.9,Standard,https://www.freeiconspng.com/img/1934,2026-10-09T00:00:00Z,No,1.4,7.5,,,,,,,-460,-460,,0.1787,https://assets.actionnetwork.com/639189_fliff-logo.webp
2026-10-09T00:00:00Z,fliff,2026-10-08T09:12:36Z,Chicago White Sox,Cleveland Guardians,batter_doubles,Brayan Rocchio,0.5,405,-885,19.8,89.85,18.06,81.94,0.5,0.5,18.44,88.82,17.18,82.82,-7.03,82.82,Under,0.5,0,50,No,0.88,0.88,Standard,https://www.freeiconspng.com/img/1934,2026-10-09T00:00:00Z,No,1.4,7.5,Guardians @ Orioles,2026-09-08T22:35:00Z,Tue 06:35pm,Oriole Park at Camden Yards,outdoor,,-482,-482,9/8/2026,0.1718,https://assets.actionnetwork.com/639189_fliff-logo.webp
2026-10-09T00:00:00Z,fliff,2026-10-08T09:12:36Z,Chicago White Sox,Cleveland Guardians,batter_doubles,Nathaniel Lowe,0.5,410,-905,19.61,90.05,17.88,82.12,0.5,0.5,18.06,88.93,16.87,83.13,-6.92,83.13,Under,0.5,0,50,No,1.01,1.01,Standard,https://www.freeiconspng.com/img/1934,2026-10-09T00:00:00Z,No,1.4,7.5,Guardians @ Orioles,2026-09-08T22:35:00Z,Tue 06:35pm,Oriole Park at Camden Yards,outdoor,,-493,-493,9/8/2026,0.1687,https://assets.actionnetwork.com/639189_fliff-logo.webp
2026-10-09T00:00:00Z,fliff,2026-10-08T09:12:36Z,Chicago White Sox,Cleveland Guardians,batter_doubles,Braden Montgomery,0.5,410,-905,19.61,90.05,17.88,82.12,0.5,0.5,17.56,89.4,16.4,83.6,-6.45,83.6,Under,0.5,0,50,No,1.48,1.48,Standard,https://www.freeiconspng.com/img/1934,2026-10-09T00:00:00Z,No,1.4,7.5,Pirates @ White Sox,2026-09-08T23:40:00Z,Tue 07:40pm,Rate Field,outdoor,,-510,-510,9/8/2026,0.164,https://assets.actionnetwork.com/639189_fliff-logo.webp
2026-10-09T00:00:00Z,fliff,2026-10-08T09:12:36Z,Chicago White Sox,Cleveland Guardians,batter_doubles,Travis Bazzana,0.5,415,-925,19.42,90.24,17.71,82.29,0.5,0.5,18.09,88.95,16.89,83.11,-7.13,83.11,Under,0.5,0,50,No,0.82,0.82,Standard,https://www.freeiconspng.com/img/1934,2026-10-09T00:00:00Z,No,1.4,7.5,Guardians @ Orioles,2026-09-08T22:35:00Z,Tue 06:35pm,Oriole Park at Camden Yards,outdoor,,-492,-492,9/8/2026,0.1689,https://assets.actionnetwork.com/639189_fliff-logo.webp
2026-10-09T00:00:00Z,fliff,2026-10-08T09:12:36Z,Chicago White Sox,Cleveland Guardians,batter_doubles,Patrick Bailey,0.5,430,-970,18.87,90.65,17.23,82.77,0.5,0.5,17.49,89.44,16.34,83.66,-6.99,83.66,Under,0.5,0,50,No,0.89,0.89,Standard,https://www.freeiconspng.com/img/1934,2026-10-09T00:00:00Z,No,1.4,7.5,Guardians @ Orioles,2026-09-08T22:35:00Z,Tue 06:35pm,Oriole Park at Camden Yards,outdoor,,-512,-512,9/8/2026,0.1634,https://assets.actionnetwork.com/639189_fliff-logo.webp
2026-10-09T00:00:00Z,fliff,2026-10-08T09:12:36Z,Chicago White Sox,Cleveland Guardians,batter_doubles,Colson Montgomery,0.5,460,-1075,17.86,91.49,16.33,83.67,0.5,0.5,16.62,90.79,15.46,84.54,-6.95,84.54,Under,0.5,0,50,No,0.87,0.87,Standard,https://www.freeiconspng.com/img/1934,,No,1.4,7.5,Pirates @ White Sox,2026-09-08T23:40:00Z,Tue 07:40pm,Rate Field,outdoor,,-547,-547,9/8/2026,0.1546,https://assets.actionnetwork.com/639189_fliff-logo.webp
2026-10-09T00:00:00Z,fliff,2026-10-08T09:12:36Z,Chicago White Sox,Cleveland Guardians,batter_doubles,Munetaka Murakami,0.5,480,-1150,17.24,92,15.78,84.22,0.5,0.5,16.34,90.39,15.3,84.7,-7.3,84.7,Under,0.5,0,50,No,0.48,0.48,Standard,https://www.freeiconspng.com/img/1934,2026-10-09T00:00:00Z,No,1.4,7.5,Pirates @ White Sox,2026-09-08T23:40:00Z,Tue 07:40pm,Rate Field,outdoor,,-554,-554,9/8/2026,0.153,https://assets.actionnetwork.com/639189_fliff-logo.webp
2026-10-09T00:00:00Z,fliff,2026-10-08T09:12:36Z,Chicago White Sox,Cleveland Guardians,batter_doubles,Kyle Teel,0.5,485,-1170,17.09,92.13,15.65,84.35,0.5,0.5,15.58,91.03,14.6,85.4,-6.73,85.4,Under,0.5,0,50,No,1.05,1.05,Standard,https://www.freeiconspng.com/img/1934,2026-10-09T00:00:00Z,No,1.4,7.5,Pirates @ White Sox,2026-09-08T23:40:00Z,Tue 07:40pm,Rate Field,outdoor,,-585,-585,9/8/2026,0.146,https://assets.actionnetwork.com/639189_fliff-logo.webp
2026-10-09T00:00:00Z,fliff,2026-10-08T09:12:36Z,Chicago White Sox,Cleveland Guardians,batter_doubles,Brenton Doyle,0.5,500,-1215,16.67,92.4,15.28,84.72,0.5,0.5,14.95,91.56,14.02,85.98,-6.42,85.98,Under,0.5,0,50,No,1.26,1.26,Standard,https://www.freeiconspng.com/img/1934,2026-10-09T00:00:00Z,No,1.4,7.5,,,,,,,-613,-613,,0.1402,https://assets.actionnetwork.com/639189_fliff-logo.webp
2026-10-09T00:00:00Z,fliff,2026-10-08T09:12:36Z,Chicago White Sox,Cleveland Guardians,batter_doubles,Tommy Pham,0.5,540,-1415,15.63,93.4,14.33,85.67,0.5,0.5,13.59,92.67,12.77,87.23,-6.17,87.23,Under,0.5,0,50,No,1.56,1.56,Standard,https://www.freeiconspng.com/img/1934,,No,1.4,7.5,,,,,,,-683,-683,,0.1277,https://assets.actionnetwork.com/639189_fliff-logo.webp
2026-10-09T00:00:00Z,fliff,2026-10-08T09:12:36Z,Chicago White Sox,Cleveland Guardians,batter_hits,Steven Kwan,0.5,-260,155,72.22,39.22,64.81,35.19,1.04,0.5,69.88,36.8,65.52,34.48,-6.7,65.52,Over,1.06,0.56,63.51,Yes,0.71,0.71,Standard,https://www.freeiconspng.com/img/1934,2026-10-09T00:00:00Z,No,1.4,7.5,Guardians @ Orioles,2026-09-08T22:35:00Z,Tue 06:35pm,Oriole Park at Camden Yards,outdoor,,-190,-190,9/8/2026,0.6552,https://assets.actionnetwork.com/639189_fliff-logo.webp
2026-10-09T00:00:00Z,fliff,2026-10-08T09:12:36Z,Chicago White Sox,Cleveland Guardians,batter_hits,Jose Ramirez,0.5,-250,150,71.43,40,64.1,35.9,1.02,0.5,69.01,37.25,64.96,35.04,-6.47,64.96,Over,1.05,0.55,63.21,Yes,0.86,0.86,Standard,https://www.freeiconspng.com/img/1934,2026-10-09T00:00:00Z,No,1.4,7.5,,,,,,,-185,-185,,0.6496,https://assets.actionnetwork.com/639189_fliff-logo.webp
2026-10-09T00:00:00Z,fliff,2026-10-08T09:12:36Z,Chicago White Sox,Cleveland Guardians,batter_hits,Chase DeLauter,0.5,-235,140,70.15,41.67,62.74,37.26,0.99,0.5,68.53,38.03,64.33,35.67,-5.82,64.33,Over,1.03,0.53,62.58,Yes,1.59,1.59,Standard,https://www.freeiconspng.com/img/1934,2026-10-09T00:00:00Z,No,1.4,7.5,,,,,,,-180,-180,,0.6433,https://assets.actionnetwork.com/639189_fliff-logo.webp
2026-10-09T00:00:00Z,fliff,2026-10-08T09:12:36Z,Chicago White Sox,Cleveland Guardians,batter_hits,Chase Meidroth,0.5,-220,130,68.75,43.48,61.26,38.74,0.95,0.5,66.43,40.49,62.15,37.85,-6.6,62.15,Over,0.97,0.47,60.64,Yes,0.89,0.89,Standard,https://www.freeiconspng.com/img/1934,2026-10-09T00:00:00Z,No,1.4,7.5,Pirates @ White Sox,2026-09-08T23:40:00Z,Tue 07:40pm,Rate Field,outdoor,,-164,-164,9/8/2026,0.6215,https://assets.actionnetwork.com/639189_fliff-logo.webp
2026-10-09T00:00:00Z,fliff,2026-10-08T09:12:36Z,Chicago White Sox,Cleveland Guardians,batter_hits,Jo Adell,0.5,-200,125,66.67,44.44,60,40,0.92,0.5,64.55,42.21,60.45,39.55,-6.22,60.45,Over,0.93,0.43,59.28,Yes,0.45,0.45,Standard,https://www.freeiconspng.com/img/1934,2026-10-09T00:00:00Z,No,1.4,7.5,Guardians @ Orioles,2026-09-08T22:35:00Z,Tue 06:35pm,Oriole Park at Camden Yards,outdoor,,-153,-153,9/8/2026,0.6045,https://assets.actionnetwork.com/639189_fliff-logo.webp
2026-10-09T00:00:00Z,fliff,2026-10-08T09:12:36Z,Chicago White Sox,Cleveland Guardians,batter_hits,Miguel Vargas,0.5,-195,120,66.1,45.45,59.25,40.75,0.9,0.5,63.75,42.78,59.83,40.17,-6.27,59.83,Over,0.91,0.41,58.58,Yes,0.58,0.58,Standard,https://www.freeiconspng.com/img/1934,2026-10-09T00:00:00Z,No,1.4,7.5,Pirates @ White Sox,2026-09-08T23:40:00Z,Tue 07:40pm,Rate Field,outdoor,,-149,-149,9/8/2026,0.5983,https://assets.actionnetwork.com/639189_fliff-logo.webp
2026-10-09T00:00:00Z,fliff,2026-10-08T09:12:36Z,Chicago White Sox,Cleveland Guardians,batter_hits,Nathaniel Lowe,0.5,-175,105,63.64,48.78,56.61,43.39,0.83,0.5,61.05,45.68,57.2,42.8,-6.44,57.2,Over,0.85,0.35,56.39,Yes,0.59,0.59,Standard,https://www.freeiconspng.com/img/1934,2026-10-09T00:00:00Z,No,1.4,7.5,Guardians @ Orioles,2026-09-08T22:35:00Z,Tue 06:35pm,Oriole Park at Camden Yards,outdoor,,-134,-134,9/8/2026,0.572,https://assets.actionnetwork.com/639189_fliff-logo.webp
2026-10-09T00:00:00Z,fliff,2026-10-08T09:12:36Z,Chicago White Sox,Cleveland Guardians,batter_hits,Randal Grichuk,0.5,-175,105,63.64,48.78,56.61,43.39,0.83,0.5,59.7,46.63,56.15,43.85,-7.49,56.15,Over,0.82,0.32,55.24,Yes,-0.46,-0.46,Standard,https://www.freeiconspng.com/img/1934,2026-10-09T00:00:00Z,No,1.4,7.5,,,,,,,-128,-128,,0.5615,https://assets.actionnetwork.com/639189_fliff-logo.webp
2026-10-09T00:00:00Z,fliff,2026-10-08T09:12:36Z,Chicago White Sox,Cleveland Guardians,batter_hits,Angel Martinez,0.5,-175,105,63.64,48.78,56.61,43.39,0.83,0.5,61.01,45.81,57.15,42.85,-6.49,57.15,Over,0.85,0.35,56.39,Yes,0.54,0.54,Standard,https://www.freeiconspng.com/img/1934,2026-10-09T00:00:00Z,No,1.4,7.5,,,,,,,-133,-133,,0.5715,https://assets.actionnetwork.com/639189_fliff-logo.webp
2026-10-09T00:00:00Z,fliff,2026-10-08T09:12:36Z,Chicago White Sox,Cleveland Guardians,batter_hits,Brayan Rocchio,0.5,-165,100,62.26,50,55.46,44.54,0.81,0.5,59.63,46.98,55.94,44.06,-6.32,55.94,Over,0.82,0.32,55.24,Yes,0.48,0.48,Standard,https://www.freeiconspng.com/img/1934,2026-10-09T00:00:00Z,No,1.4,7.5,Guardians @ Orioles,2026-09-08T22:35:00Z,Tue 06:35pm,Oriole Park at Camden Yards,outdoor,,-127,-127,9/8/2026,0.5594,https://assets.actionnetwork.com/639189_fliff-logo.webp
2026-10-09T00:00:00Z,fliff,2026-10-08T09:12:36Z,Chicago White Sox,Cleveland Guardians,batter_hits,Travis Bazzana,0.5,-155,-105,60.78,51.22,54.27,45.73,0.78,0.5,58.5,48.54,54.67,45.33,-6.11,54.67,Over,0.79,0.29,54.06,Yes,0.40,0.4,Standard,https://www.freeiconspng.com/img/1934,2026-10-09T00:00:00Z,No,1.4,7.5,Guardians @ Orioles,2026-09-08T22:35:00Z,Tue 06:35pm,Oriole Park at Camden Yards,outdoor,,-121,-121,9/8/2026,0.5467,https://assets.actionnetwork.com/639189_fliff-logo.webp
2026-10-09T00:00:00Z,fliff,2026-10-08T09:12:36Z,Chicago White Sox,Cleveland Guardians,batter_hits,Braden Montgomery,0.5,-155,-105,60.78,51.22,54.27,45.73,0.78,0.5,57.45,49.3,53.82,46.18,-6.96,53.82,Over,0.77,0.27,53.25,Yes,-0.45,-0.45,Standard,https://www.freeiconspng.com/img/1934,2026-10-09T00:00:00Z,No,1.4,7.5,Pirates @ White Sox,2026-09-08T23:40:00Z,Tue 07:40pm,Rate Field,outdoor,,-117,-117,9/8/2026,0.5382,https://assets.actionnetwork.com/639189_fliff-logo.webp
2026-10-09T00:00:00Z,fliff,2026-10-08T09:12:36Z,Chicago White Sox,Cleveland Guardians,batter_hits,Munetaka Murakami,0.5,-145,-115,59.18,53.49,52.53,47.47,0.75,0.5,56.45,49.64,53.19,46.81,-5.99,53.19,Over,0.76,0.26,52.85,Yes,0.66,0.66,Standard,https://www.freeiconspng.com/img/1934,2026-10-09T00:00:00Z,No,1.4,7.5,Pirates @ White Sox,2026-09-08T23:40:00Z,Tue 07:40pm,Rate Field,outdoor,,-114,-114,9/8/2026,0.5319,https://assets.actionnetwork.com/639189_fliff-logo.webp
2026-10-09T00:00:00Z,fliff,2026-10-08T09:12:36Z,Chicago White Sox,Cleveland Guardians,batter_hits,Patrick Bailey,0.5,-145,-110,59.18,52.38,53.05,46.95,0.76,0.5,56.59,50.14,53.02,46.98,-6.16,53.02,Over,0.76,0.26,52.85,Yes,-0.03,-0.03,Standard,https://www.freeiconspng.com/img/1934,2026-10-09T00:00:00Z,No,1.4,7.5,Guardians @ Orioles,2026-09-08T22:35:00Z,Tue 06:35pm,Oriole Park at Camden Yards,outdoor,,-113,-113,9/8/2026,0.5302,https://assets.actionnetwork.com/639189_fliff-logo.webp
2026-10-09T00:00:00Z,fliff,2026-10-08T09:12:36Z,Chicago White Sox,Cleveland Guardians,batter_hits,Kyle Teel,0.5,-130,-125,56.52,55.56,50.43,49.57,0.7,0.5,54.77,53.78,50.45,49.55,-6.07,50.45,Over,0.7,0.2,50.3,Yes,0.02,0.02,Standard,https://www.freeiconspng.com/img/1934,2026-10-09T00:00:00Z,No,1.4,7.5,Pirates @ White Sox,2026-09-08T23:40:00Z,Tue 07:40pm,Rate Field,outdoor,,-102,-102,9/8/2026,0.5045,https://assets.actionnetwork.com/639189_fliff-logo.webp
2026-10-09T00:00:00Z,fliff,2026-10-08T09:12:36Z,Chicago White Sox,Cleveland Guardians,batter_hits,Colson Montgomery,0.5,-125,-130,55.56,56.52,49.57,50.43,0.68,0.5,52.66,55.13,48.81,51.19,-5.33,51.19,Under,0.67,0.17,51.03,No,0.76,0.76,Standard,https://www.freeiconspng.com/img/1934,,No,1.4,7.5,Pirates @ White Sox,2026-09-08T23:40:00Z,Tue 07:40pm,Rate Field,outdoor,,-105,-105,9/8/2026,0.4881,https://assets.actionnetwork.com/639189_fliff-logo.webp
2026-10-09T00:00:00Z,fliff,2026-10-08T09:12:36Z,Chicago White Sox,Cleveland Guardians,batter_hits,Brenton Doyle,0.5,-120,-135,54.55,57.45,48.7,51.3,0.67,0.5,51.77,55.96,48.02,51.98,-5.47,51.98,Under,0.65,0.15,51.94,No,0.68,0.68,Standard,https://www.freeiconspng.com/img/1934,2026-10-09T00:00:00Z,No,1.4,7.5,,,,,,,-108,-108,,0.4802,https://assets.actionnetwork.com/639189_fliff-logo.webp
2026-10-09T00:00:00Z,fliff,2026-10-08T09:12:36Z,Chicago White Sox,Cleveland Guardians,batter_hits,Tommy Pham,0.5,-110,-150,52.38,60,46.61,53.39,0.63,0.5,50.25,56.47,47.12,52.88,-7.12,52.88,Under,0.64,0.14,52.4,No,-0.51,-0.51,Standard,https://www.freeiconspng.com/img/1934,,No,1.4,7.5,,,,,,,-112,-112,,0.4712,https://assets.actionnetwork.com/639189_fliff-logo.webp
2026-10-09T00:00:00Z,fliff,2026-10-08T09:12:36Z,Chicago White Sox,Cleveland Guardians,batter_hits_runs_rbis,Jose Ramirez,1.5,-130,-125,56.52,55.56,50.43,49.57,1.69,1.5,55.1,53.79,50.63,49.37,-5.89,50.63,Over,1.7,0.2,50.59,Yes,0.20,0.2,Standard,https://www.freeiconspng.com/img/1934,2026-10-09T00:00:00Z,No,1.4,7.5,,,,,,,-103,-103,,1.5189,https://assets.actionnetwork.com/639189_fliff-logo.webp
2026-10-09T00:00:00Z,fliff,2026-10-08T09:12:36Z,Chicago White Sox,Cleveland Guardians,batter_hits_runs_rbis,Chase DeLauter,1.5,-125,-130,55.56,56.52,49.57,50.43,1.66,1.5,54.15,54.72,49.75,50.25,-6.27,50.25,Under,1.67,0.17,50.23,No,-0.18,-0.18,Standard,https://www.freeiconspng.com/img/1934,2026-10-09T00:00:00Z,No,1.4,7.5,,,,,,,-101,-101,,1.4925,https://assets.actionnetwork.com/639189_fliff-logo.webp
2026-10-09T00:00:00Z,fliff,2026-10-08T09:12:36Z,Chicago White Sox,Cleveland Guardians,batter_hits_runs_rbis,Steven Kwan,1.5,-125,-130,55.56,56.52,49.57,50.43,1.66,1.5,54.34,54.54,49.9,50.1,-6.42,50.1,Under,1.68,0.18,49.95,No,-0.33,-0.33,Standard,https://www.freeiconspng.com/img/1934,2026-10-09T00:00:00Z,No,1.4,7.5,Guardians @ Orioles,2026-09-08T22:35:00Z,Tue 06:35pm,Oriole Park at Camden Yards,outdoor,,-100,-100,9/8/2026,1.497,https://assets.actionnetwork.com/639189_fliff-logo.webp
2026-10-09T00:00:00Z,fliff,2026-10-08T09:12:36Z,Chicago White Sox,Cleveland Guardians,batter_hits_runs_rbis,Jo Adell,1.5,-115,-145,53.49,59.18,47.47,52.53,1.6,1.5,52.26,55.84,48.31,51.69,-7.49,51.69,Under,1.63,0.13,51.35,No,-0.84,-0.84,Standard,https://www.freeiconspng.com/img/1934,2026-10-09T00:00:00Z,No,1.4,7.5,Guardians @ Orioles,2026-09-08T22:35:00Z,Tue 06:35pm,Oriole Park at Camden Yards,outdoor,,-107,-107,9/8/2026,1.4493,https://assets.actionnetwork.com/639189_fliff-logo.webp
2026-10-09T00:00:00Z,fliff,2026-10-08T09:12:36Z,Chicago White Sox,Cleveland Guardians,batter_hits_runs_rbis,Miguel Vargas,1.5,-105,-155,51.22,60.78,45.73,54.27,1.55,1.5,48.4,57.95,45.49,54.51,-6.27,54.51,Under,1.54,0.04,53.92,No,0.24,0.24,Standard,https://www.freeiconspng.com/img/1934,2026-10-09T00:00:00Z,No,1.4,7.5,Pirates @ White Sox,2026-09-08T23:40:00Z,Tue 07:40pm,Rate Field,outdoor,,-120,-120,9/8/2026,1.3647,https://assets.actionnetwork.com/639189_fliff-logo.webp
2026-10-09T00:00:00Z,fliff,2026-10-08T09:12:36Z,Chicago White Sox,Cleveland Guardians,batter_hits_runs_rbis,Chase Meidroth,1.5,-105,-155,51.22,60.78,45.73,54.27,1.55,1.5,47.41,59.2,44.47,55.53,-5.25,55.53,Under,1.51,0.01,54.79,No,1.26,1.26,Standard,https://www.freeiconspng.com/img/1934,2026-10-09T00:00:00Z,No,1.4,7.5,Pirates @ White Sox,2026-09-08T23:40:00Z,Tue 07:40pm,Rate Field,outdoor,,-125,-125,9/8/2026,1.3341,https://assets.actionnetwork.com/639189_fliff-logo.webp
2026-10-09T00:00:00Z,fliff,2026-10-08T09:12:36Z,Chicago White Sox,Cleveland Guardians,batter_hits_runs_rbis,Angel Martinez,1.5,110,-185,47.62,64.91,42.32,57.68,1.44,1.5,44.56,61.98,41.84,58.16,-6.75,58.16,Under,1.43,-0.07,57.17,Yes,0.48,0.48,Standard,https://www.freeiconspng.com/img/1934,2026-10-09T00:00:00Z,No,1.4,7.5,,,,,,,-139,-139,,1.2552,https://assets.actionnetwork.com/639189_fliff-logo.webp
2026-10-09T00:00:00Z,fliff,2026-10-08T09:12:36Z,Chicago White Sox,Cleveland Guardians,batter_hits_runs_rbis,Nathaniel Lowe,1.5,110,-175,47.62,63.64,42.8,57.2,1.46,1.5,45.09,61.36,42.34,57.66,-5.98,57.66,Under,1.44,-0.06,56.87,Yes,0.46,0.46,Standard,https://www.freeiconspng.com/img/1934,2026-10-09T00:00:00Z,No,1.4,7.5,Guardians @ Orioles,2026-09-08T22:35:00Z,Tue 06:35pm,Oriole Park at Camden Yards,outdoor,,-136,-136,9/8/2026,1.2702,https://assets.actionnetwork.com/639189_fliff-logo.webp
2026-10-09T00:00:00Z,fliff,2026-10-08T09:12:36Z,Chicago White Sox,Cleveland Guardians,batter_hits_runs_rbis,Munetaka Murakami,1.5,115,-185,46.51,64.91,41.74,58.26,1.43,1.5,44.9,62.76,41.71,58.29,-6.62,58.29,Under,1.43,-0.07,57.17,Yes,0.03,0.03,Standard,https://www.freeiconspng.com/img/1934,2026-10-09T00:00:00Z,No,1.4,7.5,Pirates @ White Sox,2026-09-08T23:40:00Z,Tue 07:40pm,Rate Field,outdoor,,-140,-140,9/8/2026,1.2513,https://assets.actionnetwork.com/639189_fliff-logo.webp
2026-10-09T00:00:00Z,fliff,2026-10-08T09:12:36Z,Chicago White Sox,Cleveland Guardians,batter_hits_runs_rbis,Brayan Rocchio,1.5,120,-195,45.45,66.1,40.75,59.25,1.4,1.5,43.19,63.34,40.56,59.44,-6.66,59.44,Under,1.39,-0.11,58.39,Yes,0.19,0.19,Standard,https://www.freeiconspng.com/img/1934,2026-10-09T00:00:00Z,No,1.4,7.5,Guardians @ Orioles,2026-09-08T22:35:00Z,Tue 06:35pm,Oriole Park at Camden Yards,outdoor,,-147,-147,9/8/2026,1.2168,https://assets.actionnetwork.com/639189_fliff-logo.webp
2026-10-09T00:00:00Z,fliff,2026-10-08T09:12:36Z,Chicago White Sox,Cleveland Guardians,batter_hits_runs_rbis,Travis Bazzana,0.5,-215,130,68.25,43.48,61.09,38.91,0.94,0.5,65.69,42.8,60.54,39.46,-7.71,60.54,Over,0.93,0.43,59.28,Yes,-0.55,-0.55,Standard,https://www.freeiconspng.com/img/1934,2026-10-09T00:00:00Z,No,1.4,7.5,Guardians @ Orioles,2026-09-08T22:35:00Z,Tue 06:35pm,Oriole Park at Camden Yards,outdoor,,-153,-153,9/8/2026,0.6054,https://assets.actionnetwork.com/639189_fliff-logo.webp
2026-10-09T00:00:00Z,fliff,2026-10-08T09:12:36Z,Chicago White Sox,Cleveland Guardians,batter_hits_runs_rbis,Randal Grichuk,0.5,-205,125,67.21,44.44,60.2,39.8,0.92,0.5,63.45,42.6,59.8,40.2,-7.41,59.8,Over,0.91,0.41,58.58,Yes,-0.40,-0.4,Standard,https://www.freeiconspng.com/img/1934,2026-10-09T00:00:00Z,No,1.4,7.5,,,,,,,-149,-149,,0.598,https://assets.actionnetwork.com/639189_fliff-logo.webp
2026-10-09T00:00:00Z,fliff,2026-10-08T09:12:36Z,Chicago White Sox,Cleveland Guardians,batter_hits_runs_rbis,Braden Montgomery,0.5,-185,115,64.91,46.51,58.26,41.74,0.87,0.5,61.9,44.51,58.17,41.83,-6.74,58.17,Over,0.87,0.37,57.13,Yes,-0.09,-0.09,Standard,https://www.freeiconspng.com/img/1934,2026-10-09T00:00:00Z,No,1.4,7.5,Pirates @ White Sox,2026-09-08T23:40:00Z,Tue 07:40pm,Rate Field,outdoor,,-139,-139,9/8/2026,0.5817,https://assets.actionnetwork.com/639189_fliff-logo.webp
2026-10-09T00:00:00Z,fliff,2026-10-08T09:12:36Z,Chicago White Sox,Cleveland Guardians,batter_hits_runs_rbis,Patrick Bailey,0.5,-180,110,64.29,47.62,57.45,42.55,0.85,0.5,62.47,44.05,58.68,41.32,-5.61,58.68,Over,0.88,0.38,57.5,Yes,1.23,1.23,Standard,https://www.freeiconspng.com/img/1934,2026-10-09T00:00:00Z,No,1.4,7.5,Guardians @ Orioles,2026-09-08T22:35:00Z,Tue 06:35pm,Oriole Park at Camden Yards,outdoor,,-142,-142,9/8/2026,0.5868,https://assets.actionnetwork.com/639189_fliff-logo.webp
2026-10-09T00:00:00Z,fliff,2026-10-08T09:12:36Z,Chicago White Sox,Cleveland Guardians,batter_hits_runs_rbis,Kyle Teel,0.5,-175,105,63.64,48.78,56.61,43.39,0.83,0.5,60.73,45.93,56.93,43.07,-6.71,56.93,Over,0.84,0.34,56.01,Yes,0.32,0.32,Standard,https://www.freeiconspng.com/img/1934,2026-10-09T00:00:00Z,No,1.4,7.5,Pirates @ White Sox,2026-09-08T23:40:00Z,Tue 07:40pm,Rate Field,outdoor,,-132,-132,9/8/2026,0.5693,https://assets.actionnetwork.com/639189_fliff-logo.webp
2026-10-09T00:00:00Z,fliff,2026-10-08T09:12:36Z,Chicago White Sox,Cleveland Guardians,batter_hits_runs_rbis,Colson Montgomery,0.5,-160,100,61.54,50,55.17,44.83,0.8,0.5,58.58,47.81,55.06,44.94,-6.48,55.06,Over,0.8,0.3,54.46,Yes,-0.11,-0.11,Standard,https://www.freeiconspng.com/img/1934,,No,1.4,7.5,Pirates @ White Sox,2026-09-08T23:40:00Z,Tue 07:40pm,Rate Field,outdoor,,-123,-123,9/8/2026,0.5506,https://assets.actionnetwork.com/639189_fliff-logo.webp
2026-10-09T00:00:00Z,fliff,2026-10-08T09:12:36Z,Chicago White Sox,Cleveland Guardians,batter_hits_runs_rbis,Tommy Pham,0.5,-135,-120,57.45,54.55,51.3,48.7,0.72,0.5,56.62,52.25,52.1,47.9,-5.35,52.1,Over,0.74,0.24,52.01,Yes,0.80,0.8,Standard,https://www.freeiconspng.com/img/1934,,No,1.4,7.5,,,,,,,-109,-109,,0.521,https://assets.actionnetwork.com/639189_fliff-logo.webp
2026-10-09T00:00:00Z,fliff,2026-10-08T09:12:36Z,Chicago White Sox,Cleveland Guardians,batter_hits_runs_rbis,Brenton Doyle,0.5,-130,-125,56.52,55.56,50.43,49.57,0.7,0.5,55.8,53.11,51.28,48.72,-5.24,51.28,Over,0.72,0.22,51.17,Yes,0.85,0.85,Standard,https://www.freeiconspng.com/img/1934,2026-10-09T00:00:00Z,No,1.4,7.5,,,,,,,-105,-105,,0.5128,https://assets.actionnetwork.com/639189_fliff-logo.webp
2026-10-09T00:00:00Z,fliff,2026-10-08T09:12:36Z,Chicago White Sox,Cleveland Guardians,batter_home_runs,Munetaka Murakami,0.5,345,-715,22.47,87.73,20.39,79.61,0.23,0.5,19.91,85.95,18.81,81.19,-6.54,81.19,Under,0.21,-0.29,77.33,Yes,1.58,1.58,Standard,https://www.freeiconspng.com/img/1934,2026-10-09T00:00:00Z,No,1.40,7.5,Pirates @ White Sox,2026-09-08T23:40:00Z,Tue 07:40pm,Rate Field,outdoor,,-432,-432,9/8/2026,0.1881,https://assets.actionnetwork.com/639189_fliff-logo.webp
2026-10-09T00:00:00Z,fliff,2026-10-08T09:12:36Z,Chicago White Sox,Cleveland Guardians,batter_home_runs,Jo Adell,0.5,435,-990,18.69,90.83,17.07,82.93,0.19,0.5,16.61,89.09,15.68,84.32,-6.51,84.32,Under,0.17,-0.33,80.24,Yes,1.39,1.39,Standard,https://www.freeiconspng.com/img/1934,2026-10-09T00:00:00Z,No,1.40,7.5,Guardians @ Orioles,2026-09-08T22:35:00Z,Tue 06:35pm,Oriole Park at Camden Yards,outdoor,,-538,-538,9/8/2026,0.1568,https://assets.actionnetwork.com/639189_fliff-logo.webp
2026-10-09T00:00:00Z,fliff,2026-10-08T09:12:36Z,Chicago White Sox,Cleveland Guardians,batter_home_runs,Miguel Vargas,0.5,435,-980,18.69,90.74,17.08,82.92,0.19,0.5,17.38,88.64,16.35,83.65,-7.09,83.65,Under,0.18,-0.32,79.5,Yes,0.73,0.73,Standard,https://www.freeiconspng.com/img/1934,2026-10-09T00:00:00Z,No,1.40,7.5,Pirates @ White Sox,2026-09-08T23:40:00Z,Tue 07:40pm,Rate Field,outdoor,,-512,-512,9/8/2026,0.1635,https://assets.actionnetwork.com/639189_fliff-logo.webp
2026-10-09T00:00:00Z,fliff,2026-10-08T09:12:36Z,Chicago White Sox,Cleveland Guardians,batter_home_runs,Colson Montgomery,0.5,450,-1035,18.18,91.19,16.62,83.38,0.18,0.5,16.45,88.61,15.6,84.4,-6.79,84.4,Under,0.17,-0.33,80.24,Yes,1.02,1.02,Standard,https://www.freeiconspng.com/img/1934,,No,1.40,7.5,Pirates @ White Sox,2026-09-08T23:40:00Z,Tue 07:40pm,Rate Field,outdoor,,-541,-541,9/8/2026,0.156,https://assets.actionnetwork.com/639189_fliff-logo.webp
2026-10-09T00:00:00Z,fliff,2026-10-08T09:12:36Z,Chicago White Sox,Cleveland Guardians,batter_home_runs,Jose Ramirez,0.5,465,-1100,17.7,91.67,16.18,83.82,0.18,0.5,15.39,90.29,14.53,85.47,-6.2,85.47,Under,0.16,-0.34,80.99,Yes,1.65,1.65,Standard,https://www.freeiconspng.com/img/1934,2026-10-09T00:00:00Z,No,1.4,7.5,,,,,,,-588,-588,,0.1453,https://assets.actionnetwork.com/639189_fliff-logo.webp
2026-10-09T00:00:00Z,fliff,2026-10-08T09:12:36Z,Chicago White Sox,Cleveland Guardians,batter_home_runs,Randal Grichuk,0.5,470,-1115,17.54,91.77,16.05,83.95,0.18,0.5,15.15,90.51,14.32,85.68,-6.09,85.68,Under,0.15,-0.35,81.74,Yes,1.73,1.73,Standard,https://www.freeiconspng.com/img/1934,2026-10-09T00:00:00Z,No,1.4,7.5,,,,,,,-598,-598,,0.1432,https://assets.actionnetwork.com/639189_fliff-logo.webp
2026-10-09T00:00:00Z,fliff,2026-10-08T09:12:36Z,Chicago White Sox,Cleveland Guardians,batter_home_runs,Chase DeLauter,0.5,570,-1605,14.93,94.13,13.69,86.31,0.15,0.5,13.36,93.16,12.53,87.47,-6.66,87.47,Under,0.13,-0.37,83.27,Yes,1.16,1.16,Standard,https://www.freeiconspng.com/img/1934,2026-10-09T00:00:00Z,No,1.4,7.5,,,,,,,-698,-698,,0.1253,https://assets.actionnetwork.com/639189_fliff-logo.webp
2026-10-09T00:00:00Z,fliff,2026-10-08T09:12:36Z,Chicago White Sox,Cleveland Guardians,batter_home_runs,Nathaniel Lowe,0.5,570,-1600,14.93,94.12,13.69,86.31,0.15,0.5,12.53,93.79,11.75,88.25,-5.87,88.25,Under,0.13,-0.37,83.27,Yes,1.94,1.94,Standard,https://www.freeiconspng.com/img/1934,2026-10-09T00:00:00Z,No,1.4,7.5,Guardians @ Orioles,2026-09-08T22:35:00Z,Tue 06:35pm,Oriole Park at Camden Yards,outdoor,,-751,-751,9/8/2026,0.1175,https://assets.actionnetwork.com/639189_fliff-logo.webp
2026-10-09T00:00:00Z,fliff,2026-10-08T09:12:36Z,Chicago White Sox,Cleveland Guardians,batter_home_runs,Brenton Doyle,0.5,590,-1725,14.49,94.52,13.29,86.71,0.14,0.5,12.23,94,11.46,88.54,-5.98,88.54,Under,0.12,-0.38,84.05,Yes,1.83,1.83,Standard,https://www.freeiconspng.com/img/1934,2026-10-09T00:00:00Z,No,1.4,7.5,,,,,,,-773,-773,,0.1146,https://assets.actionnetwork.com/639189_fliff-logo.webp
2026-10-09T00:00:00Z,fliff,2026-10-08T09:12:36Z,Chicago White Sox,Cleveland Guardians,batter_home_runs,Patrick Bailey,0.5,610,-1895,14.08,94.99,12.91,87.09,0.14,0.5,11.88,93.88,11.2,88.8,-6.19,88.8,Under,0.12,-0.38,84.05,Yes,1.71,1.71,Standard,https://www.freeiconspng.com/img/1934,2026-10-09T00:00:00Z,No,1.4,7.5,Guardians @ Orioles,2026-09-08T22:35:00Z,Tue 06:35pm,Oriole Park at Camden Yards,outdoor,,-793,-793,9/8/2026,0.112,https://assets.actionnetwork.com/639189_fliff-logo.webp
2026-10-09T00:00:00Z,fliff,2026-10-08T09:12:36Z,Chicago White Sox,Cleveland Guardians,batter_home_runs,Angel Martinez,0.5,675,-2475,12.9,96.12,11.84,88.16,0.13,0.5,11.28,94.27,10.66,89.34,-6.78,89.34,Under,0.11,-0.39,84.83,Yes,1.18,1.18,Standard,https://www.freeiconspng.com/img/1934,2026-10-09T00:00:00Z,No,1.4,7.5,,,,,,,-838,-838,,0.1066,https://assets.actionnetwork.com/639189_fliff-logo.webp
2026-10-09T00:00:00Z,fliff,2026-10-08T09:12:36Z,Chicago White Sox,Cleveland Guardians,batter_home_runs,Kyle Teel,0.5,675,-2475,12.9,96.12,11.84,88.16,0.13,0.5,10.85,94.65,10.25,89.75,-6.37,89.75,Under,0.11,-0.39,84.83,Yes,1.59,1.59,Standard,https://www.freeiconspng.com/img/1934,2026-10-09T00:00:00Z,No,1.4,7.5,Pirates @ White Sox,2026-09-08T23:40:00Z,Tue 07:40pm,Rate Field,outdoor,,-876,-876,9/8/2026,0.1025,https://assets.actionnetwork.com/639189_fliff-logo.webp
2026-10-09T00:00:00Z,fliff,2026-10-08T09:12:36Z,Chicago White Sox,Cleveland Guardians,batter_home_runs,Tommy Pham,0.5,700,-2800,12.5,96.55,11.46,88.54,0.12,0.5,10.62,94.72,10.05,89.95,-6.6,89.95,Under,0.11,-0.39,84.83,Yes,1.41,1.41,Standard,https://www.freeiconspng.com/img/1934,,No,1.4,7.5,,,,,,,-895,-895,,0.1005,https://assets.actionnetwork.com/639189_fliff-logo.webp
2026-10-09T00:00:00Z,fliff,2026-10-08T09:12:36Z,Chicago White Sox,Cleveland Guardians,batter_home_runs,Travis Bazzana,0.5,735,-3270,11.98,97.03,10.99,89.01,0.12,0.5,10.35,95.25,9.78,90.22,-6.81,90.22,Under,0.1,-0.4,85.63,Yes,1.21,1.21,Standard,https://www.freeiconspng.com/img/1934,2026-10-09T00:00:00Z,No,1.4,7.5,Guardians @ Orioles,2026-09-08T22:35:00Z,Tue 06:35pm,Oriole Park at Camden Yards,outdoor,,-922,-922,9/8/2026,0.0978,https://assets.actionnetwork.com/639189_fliff-logo.webp
2026-10-09T00:00:00Z,fliff,2026-10-08T09:12:36Z,Chicago White Sox,Cleveland Guardians,batter_home_runs,Brayan Rocchio,0.5,905,-10770,9.95,99.08,9.13,90.87,0.1,0.5,9.39,96.37,8.84,91.16,-7.92,91.16,Under,0.09,-0.41,86.43,Yes,0.29,0.29,Standard,https://www.freeiconspng.com/img/1934,2026-10-09T00:00:00Z,No,1.4,7.5,Guardians @ Orioles,2026-09-08T22:35:00Z,Tue 06:35pm,Oriole Park at Camden Yards,outdoor,,-1031,-1031,9/8/2026,0.0884,https://assets.actionnetwork.com/639189_fliff-logo.webp
2026-10-09T00:00:00Z,fliff,2026-10-08T09:12:36Z,Chicago White Sox,Cleveland Guardians,batter_home_runs,Chase Meidroth,0.5,960,-23160,9.43,99.57,8.65,91.35,0.09,0.5,8.59,96.63,8.14,91.86,-7.71,91.86,Under,0.08,-0.42,87.23,Yes,0.51,0.51,Standard,https://www.freeiconspng.com/img/1934,2026-10-09T00:00:00Z,No,1.4,7.5,Pirates @ White Sox,2026-09-08T23:40:00Z,Tue 07:40pm,Rate Field,outdoor,,-1129,-1129,9/8/2026,0.0814,https://assets.actionnetwork.com/639189_fliff-logo.webp
2026-10-09T00:00:00Z,fliff,2026-10-08T09:12:36Z,Chicago White Sox,Cleveland Guardians,batter_rbis,Jo Adell,0.5,150,-255,40,71.83,35.77,64.23,0.44,0.5,38.88,68.28,36.27,63.73,-8.1,63.73,Under,0.45,-0.05,62.11,Yes,-0.50,-0.5,Standard,https://www.freeiconspng.com/img/1934,2026-10-09T00:00:00Z,No,1.4,7.5,Guardians @ Orioles,2026-09-08T22:35:00Z,Tue 06:35pm,Oriole Park at Camden Yards,outdoor,,-176,-176,9/8/2026,0.3627,https://assets.actionnetwork.com/639189_fliff-logo.webp
2026-10-09T00:00:00Z,fliff,2026-10-08T09:12:36Z,Chicago White Sox,Cleveland Guardians,batter_rbis,Chase DeLauter,0.5,165,-285,37.74,74.03,33.76,66.24,0.41,0.5,37,69.74,34.66,65.34,-8.69,65.34,Under,0.43,-0.07,63.24,Yes,-0.90,-0.9,Standard,https://www.freeiconspng.com/img/1934,2026-10-09T00:00:00Z,No,1.4,7.5,,,,,,,-189,-189,,0.3466,https://assets.actionnetwork.com/639189_fliff-logo.webp
2026-10-09T00:00:00Z,fliff,2026-10-08T09:12:36Z,Chicago White Sox,Cleveland Guardians,batter_rbis,Jose Ramirez,0.5,175,-300,36.36,75,32.65,67.35,0.4,0.5,34.73,71.67,32.62,67.38,-7.62,67.38,Under,0.39,-0.11,65.58,Yes,0.03,0.03,Standard,https://www.freeiconspng.com/img/1934,2026-10-09T00:00:00Z,No,1.4,7.5,,,,,,,-207,-207,,0.3262,https://assets.actionnetwork.com/639189_fliff-logo.webp
2026-10-09T00:00:00Z,fliff,2026-10-08T09:12:36Z,Chicago White Sox,Cleveland Guardians,batter_rbis,Munetaka Murakami,0.5,175,-295,36.36,74.68,32.75,67.25,0.4,0.5,34.72,71.89,32.55,67.45,-7.23,67.45,Under,0.39,-0.11,65.58,Yes,0.20,0.2,Standard,https://www.freeiconspng.com/img/1934,2026-10-09T00:00:00Z,No,1.4,7.5,Pirates @ White Sox,2026-09-08T23:40:00Z,Tue 07:40pm,Rate Field,outdoor,,-207,-207,9/8/2026,0.3255,https://assets.actionnetwork.com/639189_fliff-logo.webp
2026-10-09T00:00:00Z,fliff,2026-10-08T09:12:36Z,Chicago White Sox,Cleveland Guardians,batter_rbis,Miguel Vargas,0.5,180,-310,35.71,75.61,32.08,67.92,0.39,0.5,34.06,72.93,31.79,68.21,-7.4,68.21,Under,0.38,-0.12,66.18,Yes,0.29,0.29,Standard,https://www.freeiconspng.com/img/1934,2026-10-09T00:00:00Z,No,1.4,7.5,Pirates @ White Sox,2026-09-08T23:40:00Z,Tue 07:40pm,Rate Field,outdoor,,-215,-215,9/8/2026,0.3179,https://assets.actionnetwork.com/639189_fliff-logo.webp
2026-10-09T00:00:00Z,fliff,2026-10-08T09:12:36Z,Chicago White Sox,Cleveland Guardians,batter_rbis,Nathaniel Lowe,0.5,185,-325,35.09,76.47,31.45,68.55,0.38,0.5,33.26,74.35,30.89,69.11,-7.36,69.11,Under,0.37,-0.13,66.78,Yes,0.56,0.56,Standard,https://www.freeiconspng.com/img/1934,2026-10-09T00:00:00Z,No,1.4,7.5,Guardians @ Orioles,2026-09-08T22:35:00Z,Tue 06:35pm,Oriole Park at Camden Yards,outdoor,,-224,-224,9/8/2026,0.3089,https://assets.actionnetwork.com/639189_fliff-logo.webp
2026-10-09T00:00:00Z,fliff,2026-10-08T09:12:36Z,Chicago White Sox,Cleveland Guardians,batter_rbis,Angel Martinez,0.5,215,-395,31.75,79.8,28.46,71.54,0.33,0.5,29.86,77.28,27.86,72.14,-7.66,72.14,Under,0.33,-0.17,69.27,Yes,0.60,0.6,Standard,https://www.freeiconspng.com/img/1934,2026-10-09T00:00:00Z,No,1.4,7.5,,,,,,,-259,-259,,0.2786,https://assets.actionnetwork.com/639189_fliff-logo.webp
2026-10-09T00:00:00Z,fliff,2026-10-08T09:12:36Z,Chicago White Sox,Cleveland Guardians,batter_rbis,Patrick Bailey,0.5,220,-405,31.25,80.2,28.04,71.96,0.33,0.5,28.21,78.88,26.32,73.68,-6.52,73.68,Under,0.31,-0.19,70.54,Yes,1.72,1.72,Standard,https://www.freeiconspng.com/img/1934,2026-10-09T00:00:00Z,No,1.4,7.5,Guardians @ Orioles,2026-09-08T22:35:00Z,Tue 06:35pm,Oriole Park at Camden Yards,outdoor,,-280,-280,9/8/2026,0.2632,https://assets.actionnetwork.com/639189_fliff-logo.webp
2026-10-09T00:00:00Z,fliff,2026-10-08T09:12:36Z,Chicago White Sox,Cleveland Guardians,batter_rbis,Colson Montgomery,0.5,225,-420,30.77,80.77,27.59,72.41,0.32,0.5,27.99,79.25,26.06,73.94,-6.83,73.94,Under,0.3,-0.2,71.19,Yes,1.53,1.53,Standard,https://www.freeiconspng.com/img/1934,,No,1.4,7.5,Pirates @ White Sox,2026-09-08T23:40:00Z,Tue 07:40pm,Rate Field,outdoor,,-284,-284,9/8/2026,0.2606,https://assets.actionnetwork.com/639189_fliff-logo.webp
2026-10-09T00:00:00Z,fliff,2026-10-08T09:12:36Z,Chicago White Sox,Cleveland Guardians,batter_rbis,Travis Bazzana,0.5,235,-440,29.85,81.48,26.81,73.19,0.31,0.5,27.8,79.41,25.93,74.07,-7.41,74.07,Under,0.3,-0.2,71.19,Yes,0.88,0.88,Standard,https://www.freeiconspng.com/img/1934,2026-10-09T00:00:00Z,No,1.4,7.5,Guardians @ Orioles,2026-09-08T22:35:00Z,Tue 06:35pm,Oriole Park at Camden Yards,outdoor,,-286,-286,9/8/2026,0.2593,https://assets.actionnetwork.com/639189_fliff-logo.webp
2026-10-09T00:00:00Z,fliff,2026-10-08T09:12:36Z,Chicago White Sox,Cleveland Guardians,batter_rbis,Brayan Rocchio,0.5,240,-455,29.41,81.98,26.4,73.6,0.31,0.5,27.49,78.68,25.88,74.12,-7.86,74.12,Under,0.3,-0.2,71.19,Yes,0.52,0.52,Standard,https://www.freeiconspng.com/img/1934,2026-10-09T00:00:00Z,No,1.4,7.5,Guardians @ Orioles,2026-09-08T22:35:00Z,Tue 06:35pm,Oriole Park at Camden Yards,outdoor,,-286,-286,9/8/2026,0.2588,https://assets.actionnetwork.com/639189_fliff-logo.webp
2026-10-09T00:00:00Z,fliff,2026-10-08T09:12:36Z,Chicago White Sox,Cleveland Guardians,batter_rbis,Randal Grichuk,0.5,245,-465,28.99,82.3,26.05,73.95,0.3,0.5,27.73,79.47,25.83,74.17,-8.13,74.17,Under,0.3,-0.2,71.19,Yes,0.22,0.22,Standard,https://www.freeiconspng.com/img/1934,2026-10-09T00:00:00Z,No,1.4,7.5,,,,,,,-287,-287,,0.2583,https://assets.actionnetwork.com/639189_fliff-logo.webp
2026-10-09T00:00:00Z,fliff,2026-10-08T09:12:36Z,Chicago White Sox,Cleveland Guardians,batter_rbis,Braden Montgomery,0.5,260,-510,27.78,83.61,24.94,75.06,0.29,0.5,25.92,80.62,24.3,75.7,-7.91,75.7,Under,0.28,-0.22,72.51,Yes,0.64,0.64,Standard,https://www.freeiconspng.com/img/1934,2026-10-09T00:00:00Z,No,1.4,7.5,Pirates @ White Sox,2026-09-08T23:40:00Z,Tue 07:40pm,Rate Field,outdoor,,-312,-312,9/8/2026,0.243,https://assets.actionnetwork.com/639189_fliff-logo.webp
2026-10-09T00:00:00Z,fliff,2026-10-08T09:12:36Z,Chicago White Sox,Cleveland Guardians,batter_rbis,Brenton Doyle,0.5,270,-525,27.03,84,24.34,75.66,0.28,0.5,25.42,81.69,23.68,76.32,-7.68,76.32,Under,0.27,-0.23,73.18,Yes,0.66,0.66,Standard,https://www.freeiconspng.com/img/1934,2026-10-09T00:00:00Z,No,1.4,7.5,,,,,,,-322,-322,,0.2368,https://assets.actionnetwork.com/639189_fliff-logo.webp
2026-10-09T00:00:00Z,fliff,2026-10-08T09:12:36Z,Chicago White Sox,Cleveland Guardians,batter_rbis,Kyle Teel,0.5,270,-525,27.03,84,24.34,75.66,0.28,0.5,25.68,81.49,23.93,76.07,-7.93,76.07,Under,0.27,-0.23,73.18,Yes,0.41,0.41,Standard,https://www.freeiconspng.com/img/1934,2026-10-09T00:00:00Z,No,1.4,7.5,Pirates @ White Sox,2026-09-08T23:40:00Z,Tue 07:40pm,Rate Field,outdoor,,-318,-318,9/8/2026,0.2393,https://assets.actionnetwork.com/639189_fliff-logo.webp
2026-10-09T00:00:00Z,fliff,2026-10-08T09:12:36Z,Chicago White Sox,Cleveland Guardians,batter_rbis,Steven Kwan,0.5,270,-525,27.03,84,24.34,75.66,0.28,0.5,25.35,81.82,23.65,76.35,-7.65,76.35,Under,0.27,-0.23,73.18,Yes,0.69,0.69,Standard,https://www.freeiconspng.com/img/1934,2026-10-09T00:00:00Z,No,1.4,7.5,Guardians @ Orioles,2026-09-08T22:35:00Z,Tue 06:35pm,Oriole Park at Camden Yards,outdoor,,-323,-323,9/8/2026,0.2365,https://assets.actionnetwork.com/639189_fliff-logo.webp
2026-10-09T00:00:00Z,fliff,2026-10-08T09:12:36Z,Chicago White Sox,Cleveland Guardians,batter_rbis,Tommy Pham,0.5,275,-535,26.67,84.25,24.04,75.96,0.27,0.5,25.29,81.7,23.61,76.39,-7.86,76.39,Under,0.27,-0.23,73.18,Yes,0.43,0.43,Standard,https://www.freeiconspng.com/img/1934,,No,1.4,7.5,,,,,,,-324,-324,,0.2361,https://assets.actionnetwork.com/639189_fliff-logo.webp
2026-10-09T00:00:00Z,fliff,2026-10-08T09:12:36Z,Chicago White Sox,Cleveland Guardians,batter_rbis,Chase Meidroth,0.5,295,-595,25.32,85.61,22.82,77.18,0.26,0.5,25.02,81.83,23.39,76.61,-9,76.61,Under,0.27,-0.23,73.18,Yes,-0.57,-0.57,Standard,https://www.freeiconspng.com/img/1934,2026-10-09T00:00:00Z,No,1.4,7.5,Pirates @ White Sox,2026-09-08T23:40:00Z,Tue 07:40pm,Rate Field,outdoor,,-328,-328,9/8/2026,0.2339,https://assets.actionnetwork.com/639189_fliff-logo.webp
2026-10-09T00:00:00Z,fliff,2026-10-08T09:12:36Z,Chicago White Sox,Cleveland Guardians,batter_runs_scored,Jose Ramirez,0.5,100,-165,50,62.26,44.54,55.46,0.59,0.5,47.53,59.14,44.56,55.44,-6.82,55.44,Under,0.59,0.09,54.78,No,-0.02,-0.02,Standard,https://www.freeiconspng.com/img/1934,2026-10-09T00:00:00Z,No,1.4,7.5,,,,,,,-124,-124,,0.4456,https://assets.actionnetwork.com/639189_fliff-logo.webp
2026-10-09T00:00:00Z,fliff,2026-10-08T09:12:36Z,Chicago White Sox,Cleveland Guardians,batter_runs_scored,Steven Kwan,0.5,110,-175,47.62,63.64,42.8,57.2,0.56,0.5,44.86,61.6,42.09,57.91,-5.73,57.91,Under,0.55,0.05,56.77,No,0.71,0.71,Standard,https://www.freeiconspng.com/img/1934,2026-10-09T00:00:00Z,No,1.4,7.5,Guardians @ Orioles,2026-09-08T22:35:00Z,Tue 06:35pm,Oriole Park at Camden Yards,outdoor,,-138,-138,9/8/2026,0.4209,https://assets.actionnetwork.com/639189_fliff-logo.webp
2026-10-09T00:00:00Z,fliff,2026-10-08T09:12:36Z,Chicago White Sox,Cleveland Guardians,batter_runs_scored,Munetaka Murakami,0.5,115,-190,46.51,65.52,41.52,58.48,0.54,0.5,42.25,64.46,39.52,60.48,-5.04,60.48,Under,0.5,0,59.37,No,2.00,2,Standard,https://www.freeiconspng.com/img/1934,2026-10-09T00:00:00Z,No,1.4,7.5,Pirates @ White Sox,2026-09-08T23:40:00Z,Tue 07:40pm,Rate Field,outdoor,,-153,-153,9/8/2026,0.3952,https://assets.actionnetwork.com/639189_fliff-logo.webp
2026-10-09T00:00:00Z,fliff,2026-10-08T09:12:36Z,Chicago White Sox,Cleveland Guardians,batter_runs_scored,Chase DeLauter,0.5,115,-190,46.51,65.52,41.52,58.48,0.54,0.5,43.53,62.99,40.86,59.14,-6.38,59.14,Under,0.53,0.03,57.8,No,0.66,0.66,Standard,https://www.freeiconspng.com/img/1934,2026-10-09T00:00:00Z,No,1.4,7.5,,,,,,,-145,-145,,0.4086,https://assets.actionnetwork.com/639189_fliff-logo.webp
2026-10-09T00:00:00Z,fliff,2026-10-08T09:12:36Z,Chicago White Sox,Cleveland Guardians,batter_runs_scored,Miguel Vargas,0.5,115,-185,46.51,64.91,41.74,58.26,0.54,0.5,42.75,63.63,40.13,59.87,-5.04,59.87,Under,0.51,0.01,58.84,No,1.61,1.61,Standard,https://www.freeiconspng.com/img/1934,2026-10-09T00:00:00Z,No,1.4,7.5,Pirates @ White Sox,2026-09-08T23:40:00Z,Tue 07:40pm,Rate Field,outdoor,,-149,-149,9/8/2026,0.4013,https://assets.actionnetwork.com/639189_fliff-logo.webp
2026-10-09T00:00:00Z,fliff,2026-10-08T09:12:36Z,Chicago White Sox,Cleveland Guardians,batter_runs_scored,Jo Adell,0.5,120,-200,45.45,66.67,40.54,59.46,0.52,0.5,42.59,64.19,39.87,60.13,-6.54,60.13,Under,0.51,0.01,58.84,No,0.67,0.67,Standard,https://www.freeiconspng.com/img/1934,2026-10-09T00:00:00Z,No,1.4,7.5,Guardians @ Orioles,2026-09-08T22:35:00Z,Tue 06:35pm,Oriole Park at Camden Yards,outdoor,,-151,-151,9/8/2026,0.3987,https://assets.actionnetwork.com/639189_fliff-logo.webp
2026-10-09T00:00:00Z,fliff,2026-10-08T09:12:36Z,Chicago White Sox,Cleveland Guardians,batter_runs_scored,Chase Meidroth,0.5,125,-205,44.44,67.21,39.8,60.2,0.51,0.5,41.56,65.12,38.93,61.07,-6.14,61.07,Under,0.49,-0.01,59.91,Yes,0.87,0.87,Standard,https://www.freeiconspng.com/img/1934,2026-10-09T00:00:00Z,No,1.4,7.5,Pirates @ White Sox,2026-09-08T23:40:00Z,Tue 07:40pm,Rate Field,outdoor,,-157,-157,9/8/2026,0.3893,https://assets.actionnetwork.com/639189_fliff-logo.webp
2026-10-09T00:00:00Z,fliff,2026-10-08T09:12:36Z,Chicago White Sox,Cleveland Guardians,batter_runs_scored,Randal Grichuk,0.5,145,-240,40.82,70.59,36.64,63.36,0.46,0.5,36.79,69.61,34.48,65.52,-5.07,65.52,Under,0.42,-0.08,63.82,Yes,2.16,2.16,Standard,https://www.freeiconspng.com/img/1934,2026-10-09T00:00:00Z,No,1.4,7.5,,,,,,,-190,-190,,0.3448,https://assets.actionnetwork.com/639189_fliff-logo.webp
2026-10-09T00:00:00Z,fliff,2026-10-08T09:12:36Z,Chicago White Sox,Cleveland Guardians,batter_runs_scored,Nathaniel Lowe,0.5,145,-240,40.82,70.59,36.64,63.36,0.46,0.5,37.27,69.21,34.93,65.07,-5.52,65.07,Under,0.43,-0.07,63.24,Yes,1.71,1.71,Standard,https://www.freeiconspng.com/img/1934,2026-10-09T00:00:00Z,No,1.4,7.5,Guardians @ Orioles,2026-09-08T22:35:00Z,Tue 06:35pm,Oriole Park at Camden Yards,outdoor,,-186,-186,9/8/2026,0.3493,https://assets.actionnetwork.com/639189_fliff-logo.webp
2026-10-09T00:00:00Z,fliff,2026-10-08T09:12:36Z,Chicago White Sox,Cleveland Guardians,batter_runs_scored,Colson Montgomery,0.5,160,-275,38.46,73.33,34.4,65.6,0.42,0.5,34.91,71.42,32.73,67.27,-6.06,67.27,Under,0.4,-0.1,64.99,Yes,1.67,1.67,Standard,https://www.freeiconspng.com/img/1934,,No,1.4,7.5,Pirates @ White Sox,2026-09-08T23:40:00Z,Tue 07:40pm,Rate Field,outdoor,,-206,-206,9/8/2026,0.3273,https://assets.actionnetwork.com/639189_fliff-logo.webp
2026-10-09T00:00:00Z,fliff,2026-10-08T09:12:36Z,Chicago White Sox,Cleveland Guardians,batter_runs_scored,Brayan Rocchio,0.5,160,-270,38.46,72.97,34.51,65.49,0.42,0.5,36.25,70.39,33.98,66.02,-6.95,66.02,Under,0.42,-0.08,63.82,Yes,0.53,0.53,Standard,https://www.freeiconspng.com/img/1934,2026-10-09T00:00:00Z,No,1.4,7.5,Guardians @ Orioles,2026-09-08T22:35:00Z,Tue 06:35pm,Oriole Park at Camden Yards,outdoor,,-194,-194,9/8/2026,0.3398,https://assets.actionnetwork.com/639189_fliff-logo.webp
2026-10-09T00:00:00Z,fliff,2026-10-08T09:12:36Z,Chicago White Sox,Cleveland Guardians,batter_runs_scored,Angel Martinez,0.5,160,-270,38.46,72.97,34.51,65.49,0.42,0.5,35.92,70.66,33.71,66.29,-6.68,66.29,Under,0.41,-0.09,64.4,Yes,0.80,0.8,Standard,https://www.freeiconspng.com/img/1934,2026-10-09T00:00:00Z,No,1.4,7.5,,,,,,,-197,-197,,0.3371,https://assets.actionnetwork.com/639189_fliff-logo.webp
2026-10-09T00:00:00Z,fliff,2026-10-08T09:12:36Z,Chicago White Sox,Cleveland Guardians,batter_runs_scored,Travis Bazzana,0.5,160,-265,38.46,72.6,34.63,65.37,0.43,0.5,36.61,69.92,34.37,65.63,-6.97,65.63,Under,0.42,-0.08,63.82,Yes,0.26,0.26,Standard,https://www.freeiconspng.com/img/1934,2026-10-09T00:00:00Z,No,1.4,7.5,Guardians @ Orioles,2026-09-08T22:35:00Z,Tue 06:35pm,Oriole Park at Camden Yards,outdoor,,-191,-191,9/8/2026,0.3437,https://assets.actionnetwork.com/639189_fliff-logo.webp
2026-10-09T00:00:00Z,fliff,2026-10-08T09:12:36Z,Chicago White Sox,Cleveland Guardians,batter_runs_scored,Patrick Bailey,0.5,165,-285,37.74,74.03,33.76,66.24,0.41,0.5,34.92,71.79,32.69,67.31,-6.72,67.31,Under,0.4,-0.1,64.99,Yes,1.07,1.07,Standard,https://www.freeiconspng.com/img/1934,2026-10-09T00:00:00Z,No,1.4,7.5,Guardians @ Orioles,2026-09-08T22:35:00Z,Tue 06:35pm,Oriole Park at Camden Yards,outdoor,,-206,-206,9/8/2026,0.3269,https://assets.actionnetwork.com/639189_fliff-logo.webp
2026-10-09T00:00:00Z,fliff,2026-10-08T09:12:36Z,Chicago White Sox,Cleveland Guardians,batter_runs_scored,Kyle Teel,0.5,180,-310,35.71,75.61,32.08,67.92,0.39,0.5,31.96,74.39,29.96,70.04,-5.57,70.04,Under,0.36,-0.14,67.4,Yes,2.12,2.12,Standard,https://www.freeiconspng.com/img/1934,2026-10-09T00:00:00Z,No,1.4,7.5,Pirates @ White Sox,2026-09-08T23:40:00Z,Tue 07:40pm,Rate Field,outdoor,,-234,-234,9/8/2026,0.2996,https://assets.actionnetwork.com/639189_fliff-logo.webp
2026-10-09T00:00:00Z,fliff,2026-10-08T09:12:36Z,Chicago White Sox,Cleveland Guardians,batter_runs_scored,Braden Montgomery,0.5,185,-320,35.09,76.19,31.53,68.47,0.38,0.5,31.88,74.68,29.86,70.14,-6.05,70.14,Under,0.35,-0.15,68.01,Yes,1.67,1.67,Standard,https://www.freeiconspng.com/img/1934,2026-10-09T00:00:00Z,No,1.4,7.5,Pirates @ White Sox,2026-09-08T23:40:00Z,Tue 07:40pm,Rate Field,outdoor,,-235,-235,9/8/2026,0.2986,https://assets.actionnetwork.com/639189_fliff-logo.webp
2026-10-09T00:00:00Z,fliff,2026-10-08T09:12:36Z,Chicago White Sox,Cleveland Guardians,batter_runs_scored,Brenton Doyle,0.5,205,-370,32.79,78.72,29.4,70.6,0.35,0.5,29.31,77.2,27.44,72.56,-6.16,72.56,Under,0.32,-0.18,69.9,Yes,1.96,1.96,Standard,https://www.freeiconspng.com/img/1934,2026-10-09T00:00:00Z,No,1.4,7.5,,,,,,,-264,-264,,0.2744,https://assets.actionnetwork.com/639189_fliff-logo.webp
2026-10-09T00:00:00Z,fliff,2026-10-08T09:12:36Z,Chicago White Sox,Cleveland Guardians,batter_runs_scored,Tommy Pham,0.5,210,-375,32.26,78.95,29.01,70.99,0.34,0.5,30.15,76.19,28.35,71.65,-7.3,71.65,Under,0.33,-0.17,69.27,Yes,0.66,0.66,Standard,https://www.freeiconspng.com/img/1934,,No,1.4,7.5,,,,,,,-253,-253,,0.2835,https://assets.actionnetwork.com/639189_fliff-logo.webp
2026-10-09T00:00:00Z,fliff,2026-10-08T09:12:36Z,Chicago White Sox,Cleveland Guardians,batter_singles,Steven Kwan,0.5,-175,105,63.64,48.78,56.61,43.39,0.5,0.5,61.93,47.13,56.79,43.21,-6.85,56.79,Over,0.5,0,50,No,0.18,0.18,Standard,https://www.freeiconspng.com/img/1934,2026-10-09T00:00:00Z,No,1.4,7.5,Guardians @ Orioles,2026-09-08T22:35:00Z,Tue 06:35pm,Oriole Park at Camden Yards,outdoor,,-131,-131,9/8/2026,0.5679,https://assets.actionnetwork.com/639189_fliff-logo.webp
2026-10-09T00:00:00Z,fliff,2026-10-08T09:12:36Z,Chicago White Sox,Cleveland Guardians,batter_singles,Chase Meidroth,0.5,-130,-125,56.52,55.56,50.43,49.57,0.5,0.5,55.34,53.66,50.77,49.23,-5.75,50.77,Over,0.5,0,50,No,0.34,0.34,Standard,https://www.freeiconspng.com/img/1934,2026-10-09T00:00:00Z,No,1.4,7.5,Pirates @ White Sox,2026-09-08T23:40:00Z,Tue 07:40pm,Rate Field,outdoor,,-103,-103,9/8/2026,0.5077,https://assets.actionnetwork.com/639189_fliff-logo.webp
2026-10-09T00:00:00Z,fliff,2026-10-08T09:12:36Z,Chicago White Sox,Cleveland Guardians,batter_singles,Chase DeLauter,0.5,-130,-125,56.52,55.56,50.43,49.57,0.5,0.5,54.86,53.67,50.58,49.42,-5.94,50.58,Over,0.5,0,50,No,0.15,0.15,Standard,https://www.freeiconspng.com/img/1934,2026-10-09T00:00:00Z,No,1.4,7.5,,,,,,,-102,-102,,0.5058,https://assets.actionnetwork.com/639189_fliff-logo.webp
2026-10-09T00:00:00Z,fliff,2026-10-08T09:12:36Z,Chicago White Sox,Cleveland Guardians,batter_singles,Jose Ramirez,0.5,-125,-125,55.56,55.56,50,50,0.5,0.5,55,54.52,50.23,49.77,-5.79,50.23,Over,0.5,0,50,No,0.23,0.23,Standard,https://www.freeiconspng.com/img/1934,2026-10-09T00:00:00Z,No,1.4,7.5,,,,,,,-101,-101,,0.5023,https://assets.actionnetwork.com/639189_fliff-logo.webp
2026-10-09T00:00:00Z,fliff,2026-10-08T09:12:36Z,Chicago White Sox,Cleveland Guardians,batter_singles,Brayan Rocchio,0.5,100,-165,50,62.26,44.54,55.46,0.5,0.5,48.26,60.5,44.37,55.63,-6.63,55.63,Under,0.5,0,50,No,0.17,0.17,Standard,https://www.freeiconspng.com/img/1934,2026-10-09T00:00:00Z,No,1.4,7.5,Guardians @ Orioles,2026-09-08T22:35:00Z,Tue 06:35pm,Oriole Park at Camden Yards,outdoor,,-125,-125,9/8/2026,0.4437,https://assets.actionnetwork.com/639189_fliff-logo.webp
2026-10-09T00:00:00Z,fliff,2026-10-08T09:12:36Z,Chicago White Sox,Cleveland Guardians,batter_singles,Angel Martinez,0.5,100,-165,50,62.26,44.54,55.46,0.5,0.5,46.8,59.67,43.98,56.02,-6.24,56.02,Under,0.5,0,50,No,0.56,0.56,Standard,https://www.freeiconspng.com/img/1934,2026-10-09T00:00:00Z,No,1.4,7.5,,,,,,,-127,-127,,0.4398,https://assets.actionnetwork.com/639189_fliff-logo.webp
2026-10-09T00:00:00Z,fliff,2026-10-08T09:12:36Z,Chicago White Sox,Cleveland Guardians,batter_singles,Nathaniel Lowe,0.5,100,-160,50,61.54,44.83,55.17,0.5,0.5,47.6,60.8,43.9,56.1,-5.44,56.1,Under,0.5,0,50,No,0.93,0.93,Standard,https://www.freeiconspng.com/img/1934,2026-10-09T00:00:00Z,No,1.4,7.5,Guardians @ Orioles,2026-09-08T22:35:00Z,Tue 06:35pm,Oriole Park at Camden Yards,outdoor,,-128,-128,9/8/2026,0.439,https://assets.actionnetwork.com/639189_fliff-logo.webp
2026-10-09T00:00:00Z,fliff,2026-10-08T09:12:36Z,Chicago White Sox,Cleveland Guardians,batter_singles,Jo Adell,0.5,105,-170,48.78,62.96,43.65,56.35,0.5,0.5,47.34,61.61,43.45,56.55,-6.41,56.55,Under,0.5,0,50,No,0.20,0.2,Standard,https://www.freeiconspng.com/img/1934,2026-10-09T00:00:00Z,No,1.4,7.5,Guardians @ Orioles,2026-09-08T22:35:00Z,Tue 06:35pm,Oriole Park at Camden Yards,outdoor,,-130,-130,9/8/2026,0.4345,https://assets.actionnetwork.com/639189_fliff-logo.webp
2026-10-09T00:00:00Z,fliff,2026-10-08T09:12:36Z,Chicago White Sox,Cleveland Guardians,batter_singles,Travis Bazzana,0.5,110,-175,47.62,63.64,42.8,57.2,0.5,0.5,46.04,62.71,42.33,57.67,-5.97,57.67,Under,0.5,0,50,No,0.47,0.47,Standard,https://www.freeiconspng.com/img/1934,2026-10-09T00:00:00Z,No,1.4,7.5,Guardians @ Orioles,2026-09-08T22:35:00Z,Tue 06:35pm,Oriole Park at Camden Yards,outdoor,,-136,-136,9/8/2026,0.4233,https://assets.actionnetwork.com/639189_fliff-logo.webp
2026-10-09T00:00:00Z,fliff,2026-10-08T09:12:36Z,Chicago White Sox,Cleveland Guardians,batter_singles,Braden Montgomery,0.5,115,-190,46.51,65.52,41.52,58.48,0.5,0.5,44.62,64.39,40.92,59.08,-6.44,59.08,Under,0.5,0,50,No,0.60,0.6,Standard,https://www.freeiconspng.com/img/1934,2026-10-09T00:00:00Z,No,1.4,7.5,Pirates @ White Sox,2026-09-08T23:40:00Z,Tue 07:40pm,Rate Field,outdoor,,-144,-144,9/8/2026,0.4092,https://assets.actionnetwork.com/639189_fliff-logo.webp
2026-10-09T00:00:00Z,fliff,2026-10-08T09:12:36Z,Chicago White Sox,Cleveland Guardians,batter_singles,Miguel Vargas,0.5,115,-190,46.51,65.52,41.52,58.48,0.5,0.5,44.43,64.34,40.84,59.16,-6.36,59.16,Under,0.5,0,50,No,0.68,0.68,Standard,https://www.freeiconspng.com/img/1934,2026-10-09T00:00:00Z,No,1.4,7.5,Pirates @ White Sox,2026-09-08T23:40:00Z,Tue 07:40pm,Rate Field,outdoor,,-145,-145,9/8/2026,0.4084,https://assets.actionnetwork.com/639189_fliff-logo.webp
2026-10-09T00:00:00Z,fliff,2026-10-08T09:12:36Z,Chicago White Sox,Cleveland Guardians,batter_singles,Patrick Bailey,0.5,120,-195,45.45,66.1,40.75,59.25,0.5,0.5,43.4,65.34,39.9,60.1,-6,60.1,Under,0.5,0,50,No,0.85,0.85,Standard,https://www.freeiconspng.com/img/1934,2026-10-09T00:00:00Z,No,1.4,7.5,Guardians @ Orioles,2026-09-08T22:35:00Z,Tue 06:35pm,Oriole Park at Camden Yards,outdoor,,-151,-151,9/8/2026,0.399,https://assets.actionnetwork.com/639189_fliff-logo.webp
2026-10-09T00:00:00Z,fliff,2026-10-08T09:12:36Z,Chicago White Sox,Cleveland Guardians,batter_singles,Randal Grichuk,0.5,130,-215,43.48,68.25,38.91,61.09,0.5,0.5,41.49,67.33,38.11,61.89,-6.36,61.89,Under,0.5,0,50,No,0.80,0.8,Standard,https://www.freeiconspng.com/img/1934,2026-10-09T00:00:00Z,No,1.4,7.5,,,,,,,-162,-162,,0.3811,https://assets.actionnetwork.com/639189_fliff-logo.webp
2026-10-09T00:00:00Z,fliff,2026-10-08T09:12:36Z,Chicago White Sox,Cleveland Guardians,batter_singles,Kyle Teel,0.5,135,-225,42.55,69.23,38.07,61.93,0.5,0.5,40.34,68.73,36.97,63.03,-6.2,63.03,Under,0.5,0,50,No,1.10,1.1,Standard,https://www.freeiconspng.com/img/1934,2026-10-09T00:00:00Z,No,1.4,7.5,Pirates @ White Sox,2026-09-08T23:40:00Z,Tue 07:40pm,Rate Field,outdoor,,-170,-170,9/8/2026,0.3697,https://assets.actionnetwork.com/639189_fliff-logo.webp
2026-10-09T00:00:00Z,fliff,2026-10-08T09:12:36Z,Chicago White Sox,Cleveland Guardians,batter_singles,Tommy Pham,0.5,155,-265,39.22,72.6,35.07,64.93,0.5,0.5,36.72,72.25,33.68,66.32,-6.28,66.32,Under,0.5,0,50,No,1.39,1.39,Standard,https://www.freeiconspng.com/img/1934,,No,1.4,7.5,,,,,,,-197,-197,,0.3368,https://assets.actionnetwork.com/639189_fliff-logo.webp
2026-10-09T00:00:00Z,fliff,2026-10-08T09:12:36Z,Chicago White Sox,Cleveland Guardians,batter_singles,Brenton Doyle,0.5,155,-255,39.22,71.83,35.31,64.69,0.5,0.5,37.39,71.25,34.4,65.6,-6.23,65.6,Under,0.5,0,50,No,0.91,0.91,Standard,https://www.freeiconspng.com/img/1934,2026-10-09T00:00:00Z,No,1.4,7.5,,,,,,,-191,-191,,0.344,https://assets.actionnetwork.com/639189_fliff-logo.webp
2026-10-09T00:00:00Z,fliff,2026-10-08T09:12:36Z,Chicago White Sox,Cleveland Guardians,batter_singles,Munetaka Murakami,0.5,160,-275,38.46,73.33,34.4,65.6,0.5,0.5,36.26,72.82,33.23,66.77,-6.56,66.77,Under,0.5,0,50,No,1.17,1.17,Standard,https://www.freeiconspng.com/img/1934,2026-10-09T00:00:00Z,No,1.4,7.5,Pirates @ White Sox,2026-09-08T23:40:00Z,Tue 07:40pm,Rate Field,outdoor,,-201,-201,9/8/2026,0.3323,https://assets.actionnetwork.com/639189_fliff-logo.webp
2026-10-09T00:00:00Z,fliff,2026-10-08T09:12:36Z,Chicago White Sox,Cleveland Guardians,batter_singles,Colson Montgomery,0.5,180,-310,35.71,75.61,32.08,67.92,0.5,0.5,34.69,74.68,31.71,68.29,-7.32,68.29,Under,0.5,0,50,No,0.37,0.37,Standard,https://www.freeiconspng.com/img/1934,,No,1.4,7.5,Pirates @ White Sox,2026-09-08T23:40:00Z,Tue 07:40pm,Rate Field,outdoor,,-215,-215,9/8/2026,0.3171,https://assets.actionnetwork.com/639189_fliff-logo.webp
2026-10-09T00:00:00Z,fliff,2026-10-08T09:12:36Z,Chicago White Sox,Cleveland Guardians,batter_stolen_bases,Jose Ramirez,0.5,295,-590,25.32,85.51,22.84,77.16,0.26,0.5,23.26,83.65,21.77,78.23,-7.28,78.23,Under,0.25,-0.25,74.53,Yes,1.07,1.07,Standard,https://www.freeiconspng.com/img/1934,2026-10-09T00:00:00Z,No,1.4,7.5,,,,,,,-359,-359,,0.2177,https://assets.actionnetwork.com/639189_fliff-logo.webp
2026-10-09T00:00:00Z,fliff,2026-10-08T09:12:36Z,Chicago White Sox,Cleveland Guardians,batter_stolen_bases,Steven Kwan,0.5,555,-1510,15.27,93.79,14,86,0.15,0.5,11.77,93.82,11.07,88.93,-4.86,88.93,Under,0.12,-0.38,84.05,Yes,2.93,2.93,Standard,https://www.freeiconspng.com/img/1934,2026-10-09T00:00:00Z,No,1.4,7.5,Guardians @ Orioles,2026-09-08T22:35:00Z,Tue 06:35pm,Oriole Park at Camden Yards,outdoor,,-803,-803,9/8/2026,0.1107,https://assets.actionnetwork.com/639189_fliff-logo.webp
2026-10-09T00:00:00Z,fliff,2026-10-08T09:12:36Z,Chicago White Sox,Cleveland Guardians,batter_stolen_bases,Travis Bazzana,0.5,590,-1730,14.49,94.54,13.29,86.71,0.14,0.5,12.14,92.27,11.56,88.44,-6.1,88.44,Under,0.12,-0.38,84.05,Yes,1.73,1.73,Standard,https://www.freeiconspng.com/img/1934,2026-10-09T00:00:00Z,No,1.4,7.5,Guardians @ Orioles,2026-09-08T22:35:00Z,Tue 06:35pm,Oriole Park at Camden Yards,outdoor,,-765,-765,9/8/2026,0.1156,https://assets.actionnetwork.com/639189_fliff-logo.webp
2026-10-09T00:00:00Z,fliff,2026-10-08T09:12:36Z,Chicago White Sox,Cleveland Guardians,batter_stolen_bases,Brenton Doyle,0.5,645,-2185,13.42,95.62,12.31,87.69,0.13,0.5,11.41,94.42,10.73,89.27,-6.35,89.27,Under,0.11,-0.39,84.83,Yes,1.58,1.58,Standard,https://www.freeiconspng.com/img/1934,2026-10-09T00:00:00Z,No,1.4,7.5,,,,,,,-832,-832,,0.1073,https://assets.actionnetwork.com/639189_fliff-logo.webp
2026-10-09T00:00:00Z,fliff,2026-10-08T09:12:36Z,Chicago White Sox,Cleveland Guardians,batter_stolen_bases,Brayan Rocchio,0.5,680,-2575,12.82,96.26,11.75,88.25,0.13,0.5,11.24,94.32,10.63,89.37,-6.89,89.37,Under,0.11,-0.39,84.83,Yes,1.12,1.12,Standard,https://www.freeiconspng.com/img/1934,2026-10-09T00:00:00Z,No,1.4,7.5,Guardians @ Orioles,2026-09-08T22:35:00Z,Tue 06:35pm,Oriole Park at Camden Yards,outdoor,,-841,-841,9/8/2026,0.1063,https://assets.actionnetwork.com/639189_fliff-logo.webp
2026-10-09T00:00:00Z,fliff,2026-10-08T09:12:36Z,Chicago White Sox,Cleveland Guardians,batter_stolen_bases,Angel Martinez,0.5,745,-3485,11.83,97.21,10.85,89.15,0.11,0.5,9.79,95.42,9.28,90.72,-6.49,90.72,Under,0.1,-0.4,85.63,Yes,1.57,1.57,Standard,https://www.freeiconspng.com/img/1934,2026-10-09T00:00:00Z,No,1.4,7.5,,,,,,,-978,-978,,0.0928,https://assets.actionnetwork.com/639189_fliff-logo.webp
2026-10-09T00:00:00Z,fliff,2026-10-08T09:12:36Z,Chicago White Sox,Cleveland Guardians,batter_stolen_bases,Chase DeLauter,0.5,760,-3795,11.63,97.43,10.66,89.34,0.11,0.5,9.43,95.58,8.94,91.06,-6.37,91.06,Under,0.09,-0.41,86.43,Yes,1.72,1.72,Standard,https://www.freeiconspng.com/img/1934,2026-10-09T00:00:00Z,No,1.4,7.5,,,,,,,-1019,-1019,,0.0894,https://assets.actionnetwork.com/639189_fliff-logo.webp
2026-10-09T00:00:00Z,fliff,2026-10-08T09:12:36Z,Chicago White Sox,Cleveland Guardians,batter_stolen_bases,Miguel Vargas,0.5,780,-4230,11.36,97.69,10.42,89.58,0.11,0.5,10.17,95.31,9.61,90.39,-7.3,90.39,Under,0.1,-0.4,85.63,Yes,0.81,0.81,Standard,https://www.freeiconspng.com/img/1934,2026-10-09T00:00:00Z,No,1.4,7.5,Pirates @ White Sox,2026-09-08T23:40:00Z,Tue 07:40pm,Rate Field,outdoor,,-941,-941,9/8/2026,0.0961,https://assets.actionnetwork.com/639189_fliff-logo.webp
2026-10-09T00:00:00Z,fliff,2026-10-08T09:12:36Z,Chicago White Sox,Cleveland Guardians,batter_stolen_bases,Jo Adell,0.5,795,-4620,11.17,97.88,10.25,89.75,0.11,0.5,9.52,97.67,8.88,91.12,-6.76,91.12,Under,0.09,-0.41,86.43,Yes,1.37,1.37,Standard,https://www.freeiconspng.com/img/1934,2026-10-09T00:00:00Z,No,1.4,7.5,Guardians @ Orioles,2026-09-08T22:35:00Z,Tue 06:35pm,Oriole Park at Camden Yards,outdoor,,-1026,-1026,9/8/2026,0.0888,https://assets.actionnetwork.com/639189_fliff-logo.webp
2026-10-09T00:00:00Z,fliff,2026-10-08T09:12:36Z,Chicago White Sox,Cleveland Guardians,batter_total_bases,Jose Ramirez,1.5,110,-180,47.62,64.29,42.55,57.45,1.45,1.5,44.07,62.74,41.25,58.75,-5.54,58.75,Under,1.41,-0.09,57.78,Yes,1.30,1.3,Standard,https://www.freeiconspng.com/img/1934,2026-10-09T00:00:00Z,No,1.4,7.5,,,,,,,-142,-142,,1.2375,https://assets.actionnetwork.com/639189_fliff-logo.webp
2026-10-09T00:00:00Z,fliff,2026-10-08T09:12:36Z,Chicago White Sox,Cleveland Guardians,batter_total_bases,Jo Adell,1.5,125,-210,44.44,67.74,39.62,60.38,1.37,1.5,41.8,65.76,38.86,61.14,-6.6,61.14,Under,1.34,-0.16,59.92,Yes,0.76,0.76,Standard,https://www.freeiconspng.com/img/1934,2026-10-09T00:00:00Z,No,1.4,7.5,Guardians @ Orioles,2026-09-08T22:35:00Z,Tue 06:35pm,Oriole Park at Camden Yards,outdoor,,-157,-157,9/8/2026,1.1658,https://assets.actionnetwork.com/639189_fliff-logo.webp
2026-10-09T00:00:00Z,fliff,2026-10-08T09:12:36Z,Chicago White Sox,Cleveland Guardians,batter_total_bases,Chase DeLauter,1.5,125,-205,44.44,67.21,39.8,60.2,1.37,1.5,41,65.27,38.58,61.42,-5.79,61.42,Under,1.34,-0.16,59.92,Yes,1.22,1.22,Standard,https://www.freeiconspng.com/img/1934,2026-10-09T00:00:00Z,No,1.4,7.5,,,,,,,-159,-159,,1.1574,https://assets.actionnetwork.com/639189_fliff-logo.webp
2026-10-09T00:00:00Z,fliff,2026-10-08T09:12:36Z,Chicago White Sox,Cleveland Guardians,batter_total_bases,Steven Kwan,1.5,135,-225,42.55,69.23,38.07,61.93,1.32,1.5,40.32,67.47,37.41,62.59,-6.64,62.59,Under,1.3,-0.2,61.16,Yes,0.66,0.66,Standard,https://www.freeiconspng.com/img/1934,2026-10-09T00:00:00Z,No,1.4,7.5,Guardians @ Orioles,2026-09-08T22:35:00Z,Tue 06:35pm,Oriole Park at Camden Yards,outdoor,,-167,-167,9/8/2026,1.1223,https://assets.actionnetwork.com/639189_fliff-logo.webp
2026-10-09T00:00:00Z,fliff,2026-10-08T09:12:36Z,Chicago White Sox,Cleveland Guardians,batter_total_bases,Chase Meidroth,0.5,-230,140,69.7,41.67,62.59,37.41,0.98,0.5,64.68,43.42,59.82,40.18,-9.88,59.82,Over,0.91,0.41,58.58,Yes,-2.77,-2.77,Standard,https://www.freeiconspng.com/img/1934,2026-10-09T00:00:00Z,No,1.4,7.5,Pirates @ White Sox,2026-09-08T23:40:00Z,Tue 07:40pm,Rate Field,outdoor,,-149,-149,9/8/2026,0.5982,https://assets.actionnetwork.com/639189_fliff-logo.webp
2026-10-09T00:00:00Z,fliff,2026-10-08T09:12:36Z,Chicago White Sox,Cleveland Guardians,batter_total_bases,Miguel Vargas,0.5,-205,125,67.21,44.44,60.2,39.8,0.92,0.5,64.74,43.96,59.54,40.46,-7.67,59.54,Over,0.9,0.4,58.22,Yes,-0.66,-0.66,Standard,https://www.freeiconspng.com/img/1934,2026-10-09T00:00:00Z,No,1.4,7.5,Pirates @ White Sox,2026-09-08T23:40:00Z,Tue 07:40pm,Rate Field,outdoor,,-147,-147,9/8/2026,0.5954,https://assets.actionnetwork.com/639189_fliff-logo.webp
2026-10-09T00:00:00Z,fliff,2026-10-08T09:12:36Z,Chicago White Sox,Cleveland Guardians,batter_total_bases,Angel Martinez,0.5,-185,110,64.91,47.62,57.68,42.32,0.86,0.5,62.12,46.01,57.44,42.56,-7.47,57.44,Over,0.85,0.35,56.39,Yes,-0.24,-0.24,Standard,https://www.freeiconspng.com/img/1934,2026-10-09T00:00:00Z,No,1.4,7.5,,,,,,,-135,-135,,0.5744,https://assets.actionnetwork.com/639189_fliff-logo.webp
2026-10-09T00:00:00Z,fliff,2026-10-08T09:12:36Z,Chicago White Sox,Cleveland Guardians,batter_total_bases,Nathaniel Lowe,0.5,-180,110,64.29,47.62,57.45,42.55,0.85,0.5,62.72,45.5,57.97,42.03,-6.32,57.97,Over,0.87,0.37,57.13,Yes,0.52,0.52,Standard,https://www.freeiconspng.com/img/1934,2026-10-09T00:00:00Z,No,1.4,7.5,Guardians @ Orioles,2026-09-08T22:35:00Z,Tue 06:35pm,Oriole Park at Camden Yards,outdoor,,-138,-138,9/8/2026,0.5797,https://assets.actionnetwork.com/639189_fliff-logo.webp
2026-10-09T00:00:00Z,fliff,2026-10-08T09:12:36Z,Chicago White Sox,Cleveland Guardians,batter_total_bases,Randal Grichuk,0.5,-170,105,62.96,48.78,56.35,43.65,0.83,0.5,62.61,46.13,57.61,42.39,-5.35,57.61,Over,0.86,0.36,56.76,Yes,1.26,1.26,Standard,https://www.freeiconspng.com/img/1934,2026-10-09T00:00:00Z,No,1.4,7.5,,,,,,,-136,-136,,0.5761,https://assets.actionnetwork.com/639189_fliff-logo.webp
2026-10-09T00:00:00Z,fliff,2026-10-08T09:12:36Z,Chicago White Sox,Cleveland Guardians,batter_total_bases,Brayan Rocchio,0.5,-165,100,62.26,50,55.46,44.54,0.81,0.5,60.2,47.95,55.67,44.33,-6.59,55.67,Over,0.81,0.31,54.85,Yes,0.21,0.21,Standard,https://www.freeiconspng.com/img/1934,2026-10-09T00:00:00Z,No,1.4,7.5,Guardians @ Orioles,2026-09-08T22:35:00Z,Tue 06:35pm,Oriole Park at Camden Yards,outdoor,,-126,-126,9/8/2026,0.5567,https://assets.actionnetwork.com/639189_fliff-logo.webp
2026-10-09T00:00:00Z,fliff,2026-10-08T09:12:36Z,Chicago White Sox,Cleveland Guardians,batter_total_bases,Travis Bazzana,0.5,-160,100,61.54,50,55.17,44.83,0.8,0.5,60.02,48.26,55.43,44.57,-6.11,55.43,Over,0.81,0.31,54.85,Yes,0.26,0.26,Standard,https://www.freeiconspng.com/img/1934,2026-10-09T00:00:00Z,No,1.4,7.5,Guardians @ Orioles,2026-09-08T22:35:00Z,Tue 06:35pm,Oriole Park at Camden Yards,outdoor,,-124,-124,9/8/2026,0.5543,https://assets.actionnetwork.com/639189_fliff-logo.webp
2026-10-09T00:00:00Z,fliff,2026-10-08T09:12:36Z,Chicago White Sox,Cleveland Guardians,batter_total_bases,Braden Montgomery,0.5,-150,-105,60,51.22,53.95,46.05,0.78,0.5,57.75,50.28,53.45,46.55,-6.55,53.45,Over,0.76,0.26,52.85,Yes,-0.50,-0.5,Standard,https://www.freeiconspng.com/img/1934,2026-10-09T00:00:00Z,No,1.4,7.5,Pirates @ White Sox,2026-09-08T23:40:00Z,Tue 07:40pm,Rate Field,outdoor,,-115,-115,9/8/2026,0.5345,https://assets.actionnetwork.com/639189_fliff-logo.webp
2026-10-09T00:00:00Z,fliff,2026-10-08T09:12:36Z,Chicago White Sox,Cleveland Guardians,batter_total_bases,Patrick Bailey,0.5,-140,-115,58.33,53.49,52.17,47.83,0.74,0.5,56.24,51.94,51.99,48.01,-6.34,51.99,Over,0.73,0.23,51.59,Yes,-0.18,-0.18,Standard,https://www.freeiconspng.com/img/1934,2026-10-09T00:00:00Z,No,1.4,7.5,Guardians @ Orioles,2026-09-08T22:35:00Z,Tue 06:35pm,Oriole Park at Camden Yards,outdoor,,-108,-108,9/8/2026,0.5199,https://assets.actionnetwork.com/639189_fliff-logo.webp
2026-10-09T00:00:00Z,fliff,2026-10-08T09:12:36Z,Chicago White Sox,Cleveland Guardians,batter_total_bases,Munetaka Murakami,0.5,-130,-125,56.52,55.56,50.43,49.57,0.7,0.5,55.69,52.86,51.35,48.65,-5.17,51.35,Over,0.72,0.22,51.17,Yes,0.92,0.92,Standard,https://www.freeiconspng.com/img/1934,2026-10-09T00:00:00Z,No,1.4,7.5,Pirates @ White Sox,2026-09-08T23:40:00Z,Tue 07:40pm,Rate Field,outdoor,,-106,-106,9/8/2026,0.5135,https://assets.actionnetwork.com/639189_fliff-logo.webp
2026-10-09T00:00:00Z,fliff,2026-10-08T09:12:36Z,Chicago White Sox,Cleveland Guardians,batter_total_bases,Kyle Teel,0.5,-125,-125,55.56,55.56,50,50,0.69,0.5,53.63,54.39,49.64,50.36,-5.2,50.36,Under,0.69,0.19,50.14,No,0.36,0.36,Standard,https://www.freeiconspng.com/img/1934,2026-10-09T00:00:00Z,No,1.4,7.5,Pirates @ White Sox,2026-09-08T23:40:00Z,Tue 07:40pm,Rate Field,outdoor,,-101,-101,9/8/2026,0.4964,https://assets.actionnetwork.com/639189_fliff-logo.webp
2026-10-09T00:00:00Z,fliff,2026-10-08T09:12:36Z,Chicago White Sox,Cleveland Guardians,batter_total_bases,Brenton Doyle,0.5,-125,-125,55.56,55.56,50,50,0.69,0.5,53.88,54.21,49.84,50.16,-5.4,50.16,Under,0.69,0.19,50.14,No,0.16,0.16,Standard,https://www.freeiconspng.com/img/1934,2026-10-09T00:00:00Z,No,1.4,7.5,,,,,,,-101,-101,,0.4984,https://assets.actionnetwork.com/639189_fliff-logo.webp
2026-10-09T00:00:00Z,fliff,2026-10-08T09:12:36Z,Chicago White Sox,Cleveland Guardians,batter_total_bases,Tommy Pham,0.5,-120,-135,54.55,57.45,48.7,51.3,0.67,0.5,52.38,55.72,48.46,51.54,-5.91,51.54,Under,0.66,0.16,51.48,No,0.24,0.24,Standard,https://www.freeiconspng.com/img/1934,,No,1.4,7.5,,,,,,,-106,-106,,0.4846,https://assets.actionnetwork.com/639189_fliff-logo.webp
2026-10-09T00:00:00Z,fliff,2026-10-08T09:12:36Z,Chicago White Sox,Cleveland Guardians,batter_total_bases,Colson Montgomery,0.5,-115,-140,53.49,58.33,47.83,52.17,0.65,0.5,51.33,56.99,47.38,52.62,-5.71,52.62,Under,0.64,0.14,52.4,No,0.45,0.45,Standard,https://www.freeiconspng.com/img/1934,,No,1.4,7.5,Pirates @ White Sox,2026-09-08T23:40:00Z,Tue 07:40pm,Rate Field,outdoor,,-111,-111,9/8/2026,0.4738,https://assets.actionnetwork.com/639189_fliff-logo.webp
2026-10-09T00:00:00Z,fliff,2026-10-08T09:12:36Z,Chicago White Sox,Cleveland Guardians,batter_walks,Munetaka Murakami,0.5,-115,-145,53.49,59.18,47.47,52.53,0.64,0.5,52.26,58.96,46.92,53.08,-6.1,53.08,Under,0.63,0.13,52.87,No,0.55,0.55,Standard,https://www.freeiconspng.com/img/1934,2026-10-09T00:00:00Z,No,1.4,7.5,Pirates @ White Sox,2026-09-08T23:40:00Z,Tue 07:40pm,Rate Field,outdoor,,-113,-113,9/8/2026,0.4692,https://assets.actionnetwork.com/639189_fliff-logo.webp
2026-10-09T00:00:00Z,fliff,2026-10-08T09:12:36Z,Chicago White Sox,Cleveland Guardians,batter_walks,Chase DeLauter,0.5,-105,-160,51.22,61.54,45.42,54.58,0.61,0.5,49.23,59.76,45.16,54.84,-6.7,54.84,Under,0.6,0.1,54.3,No,0.26,0.26,Standard,https://www.freeiconspng.com/img/1934,2026-10-09T00:00:00Z,No,1.4,7.5,,,,,,,-121,-121,,0.4516,https://assets.actionnetwork.com/639189_fliff-logo.webp
2026-10-09T00:00:00Z,fliff,2026-10-08T09:12:36Z,Chicago White Sox,Cleveland Guardians,batter_walks,Steven Kwan,0.5,100,-165,50,62.26,44.54,55.46,0.59,0.5,48.5,60.35,44.56,55.44,-6.82,55.44,Under,0.59,0.09,54.78,No,-0.02,-0.02,Standard,https://www.freeiconspng.com/img/1934,2026-10-09T00:00:00Z,No,1.4,7.5,Guardians @ Orioles,2026-09-08T22:35:00Z,Tue 06:35pm,Oriole Park at Camden Yards,outdoor,,-124,-124,9/8/2026,0.4456,https://assets.actionnetwork.com/639189_fliff-logo.webp
2026-10-09T00:00:00Z,fliff,2026-10-08T09:12:36Z,Chicago White Sox,Cleveland Guardians,batter_walks,Miguel Vargas,0.5,110,-175,47.62,63.64,42.8,57.2,0.56,0.5,46.73,61.88,43.02,56.98,-6.66,56.98,Under,0.56,0.06,56.27,No,-0.22,-0.22,Standard,https://www.freeiconspng.com/img/1934,2026-10-09T00:00:00Z,No,1.4,7.5,Pirates @ White Sox,2026-09-08T23:40:00Z,Tue 07:40pm,Rate Field,outdoor,,-132,-132,9/8/2026,0.4302,https://assets.actionnetwork.com/639189_fliff-logo.webp
2026-10-09T00:00:00Z,fliff,2026-10-08T09:12:36Z,Chicago White Sox,Cleveland Guardians,batter_walks,Jose Ramirez,0.5,120,-200,45.45,66.67,40.54,59.46,0.52,0.5,43.7,65.17,40.14,59.86,-6.81,59.86,Under,0.51,0.01,58.84,No,0.40,0.4,Standard,https://www.freeiconspng.com/img/1934,2026-10-09T00:00:00Z,No,1.4,7.5,,,,,,,-149,-149,,0.4014,https://assets.actionnetwork.com/639189_fliff-logo.webp
2026-10-09T00:00:00Z,fliff,2026-10-08T09:12:36Z,Chicago White Sox,Cleveland Guardians,batter_walks,Jo Adell,0.5,125,-210,44.44,67.74,39.62,60.38,0.5,0.5,42.19,66.72,38.73,61.27,-6.47,61.27,Under,0.49,-0.01,59.91,Yes,0.89,0.89,Standard,https://www.freeiconspng.com/img/1934,2026-10-09T00:00:00Z,No,1.4,7.5,Guardians @ Orioles,2026-09-08T22:35:00Z,Tue 06:35pm,Oriole Park at Camden Yards,outdoor,,-158,-158,9/8/2026,0.3873,https://assets.actionnetwork.com/639189_fliff-logo.webp
2026-10-09T00:00:00Z,fliff,2026-10-08T09:12:36Z,Chicago White Sox,Cleveland Guardians,batter_walks,Kyle Teel,0.5,140,-235,41.67,70.15,37.26,62.74,0.47,0.5,38.95,69.76,35.82,64.18,-5.97,64.18,Under,0.44,-0.06,62.68,Yes,1.44,1.44,Standard,https://www.freeiconspng.com/img/1934,2026-10-09T00:00:00Z,No,1.4,7.5,Pirates @ White Sox,2026-09-08T23:40:00Z,Tue 07:40pm,Rate Field,outdoor,,-179,-179,9/8/2026,0.3582,https://assets.actionnetwork.com/639189_fliff-logo.webp
2026-10-09T00:00:00Z,fliff,2026-10-08T09:12:36Z,Chicago White Sox,Cleveland Guardians,batter_walks,Chase Meidroth,0.5,145,-245,40.82,71.01,36.5,63.5,0.45,0.5,38.34,70.46,35.23,64.77,-6.24,64.77,Under,0.43,-0.07,63.24,Yes,1.27,1.27,Standard,https://www.freeiconspng.com/img/1934,2026-10-09T00:00:00Z,No,1.4,7.5,Pirates @ White Sox,2026-09-08T23:40:00Z,Tue 07:40pm,Rate Field,outdoor,,-184,-184,9/8/2026,0.3523,https://assets.actionnetwork.com/639189_fliff-logo.webp
2026-10-09T00:00:00Z,fliff,2026-10-08T09:12:36Z,Chicago White Sox,Cleveland Guardians,batter_walks,Travis Bazzana,0.5,145,-245,40.82,71.01,36.5,63.5,0.45,0.5,39.55,69.22,36.36,63.64,-7.37,63.64,Under,0.45,-0.05,62.11,Yes,0.14,0.14,Standard,https://www.freeiconspng.com/img/1934,2026-10-09T00:00:00Z,No,1.4,7.5,Guardians @ Orioles,2026-09-08T22:35:00Z,Tue 06:35pm,Oriole Park at Camden Yards,outdoor,,-175,-175,9/8/2026,0.3636,https://assets.actionnetwork.com/639189_fliff-logo.webp
2026-10-09T00:00:00Z,fliff,2026-10-08T09:12:36Z,Chicago White Sox,Cleveland Guardians,batter_walks,Nathaniel Lowe,0.5,145,-240,40.82,70.59,36.64,63.36,0.46,0.5,39.59,68.98,36.46,63.54,-7.05,63.54,Under,0.45,-0.05,62.11,Yes,0.18,0.18,Standard,https://www.freeiconspng.com/img/1934,2026-10-09T00:00:00Z,No,1.4,7.5,Guardians @ Orioles,2026-09-08T22:35:00Z,Tue 06:35pm,Oriole Park at Camden Yards,outdoor,,-174,-174,9/8/2026,0.3646,https://assets.actionnetwork.com/639189_fliff-logo.webp
2026-10-09T00:00:00Z,fliff,2026-10-08T09:12:36Z,Chicago White Sox,Cleveland Guardians,batter_walks,Colson Montgomery,0.5,170,-295,37.04,74.68,33.15,66.85,0.4,0.5,35.43,73.67,32.46,67.54,-7.14,67.54,Under,0.39,-0.11,65.58,Yes,0.69,0.69,Standard,https://www.freeiconspng.com/img/1934,,No,1.4,7.5,Pirates @ White Sox,2026-09-08T23:40:00Z,Tue 07:40pm,Rate Field,outdoor,,-208,-208,9/8/2026,0.3246,https://assets.actionnetwork.com/639189_fliff-logo.webp
2026-10-09T00:00:00Z,fliff,2026-10-08T09:12:36Z,Chicago White Sox,Cleveland Guardians,batter_walks,Brayan Rocchio,0.5,185,-325,35.09,76.47,31.45,68.55,0.38,0.5,33.23,75.54,30.55,69.45,-7.02,69.45,Under,0.36,-0.14,67.4,Yes,0.90,0.9,Standard,https://www.freeiconspng.com/img/1934,2026-10-09T00:00:00Z,No,1.4,7.5,Guardians @ Orioles,2026-09-08T22:35:00Z,Tue 06:35pm,Oriole Park at Camden Yards,outdoor,,-227,-227,9/8/2026,0.3055,https://assets.actionnetwork.com/639189_fliff-logo.webp
2026-10-09T00:00:00Z,fliff,2026-10-08T09:12:36Z,Chicago White Sox,Cleveland Guardians,batter_walks,Tommy Pham,0.5,185,-320,35.09,76.19,31.53,68.47,0.38,0.5,34.34,73.98,31.7,68.3,-7.89,68.3,Under,0.38,-0.12,66.18,Yes,-0.17,-0.17,Standard,https://www.freeiconspng.com/img/1934,,No,1.4,7.5,,,,,,,-215,-215,,0.317,https://assets.actionnetwork.com/639189_fliff-logo.webp
2026-10-09T00:00:00Z,fliff,2026-10-08T09:12:36Z,Chicago White Sox,Cleveland Guardians,batter_walks,Patrick Bailey,0.5,190,-330,34.48,76.74,31,69,0.37,0.5,33.49,74.97,30.87,69.13,-7.61,69.13,Under,0.37,-0.13,66.78,Yes,0.13,0.13,Standard,https://www.freeiconspng.com/img/1934,2026-10-09T00:00:00Z,No,1.4,7.5,Guardians @ Orioles,2026-09-08T22:35:00Z,Tue 06:35pm,Oriole Park at Camden Yards,outdoor,,-224,-224,9/8/2026,0.3087,https://assets.actionnetwork.com/639189_fliff-logo.webp
2026-10-09T00:00:00Z,fliff,2026-10-08T09:12:36Z,Chicago White Sox,Cleveland Guardians,batter_walks,Angel Martinez,0.5,210,-380,32.26,79.17,28.95,71.05,0.34,0.5,29.65,78.61,27.38,72.62,-6.55,72.62,Under,0.32,-0.18,69.9,Yes,1.57,1.57,Standard,https://www.freeiconspng.com/img/1934,2026-10-09T00:00:00Z,No,1.4,7.5,,,,,,,-265,-265,,0.2738,https://assets.actionnetwork.com/639189_fliff-logo.webp
2026-10-09T00:00:00Z,fliff,2026-10-08T09:12:36Z,Chicago White Sox,Cleveland Guardians,batter_walks,Braden Montgomery,0.5,215,-390,31.75,79.59,28.51,71.49,0.34,0.5,29.92,78.36,27.62,72.38,-7.21,72.38,Under,0.32,-0.18,69.9,Yes,0.89,0.89,Standard,https://www.freeiconspng.com/img/1934,2026-10-09T00:00:00Z,No,1.4,7.5,Pirates @ White Sox,2026-09-08T23:40:00Z,Tue 07:40pm,Rate Field,outdoor,,-262,-262,9/8/2026,0.2762,https://assets.actionnetwork.com/639189_fliff-logo.webp
2026-10-09T00:00:00Z,fliff,2026-10-08T09:12:36Z,Chicago White Sox,Cleveland Guardians,pitcher_earned_runs,Parker Messick,1.5,-125,-125,55.56,55.56,50,50,1.5,1.5,53.5,53.25,50.13,49.87,-5.69,50.13,Over,1.5,0,50,No,0.13,0.13,Standard,https://www.freeiconspng.com/img/1934,2026-10-09T00:00:00Z,No,1.4,7.5,,,,,,,-101,-101,,1.5039,https://assets.actionnetwork.com/639189_fliff-logo.webp
2026-10-09T00:00:00Z,fliff,2026-10-08T09:12:36Z,Chicago White Sox,Cleveland Guardians,pitcher_hits_allowed,Parker Messick,3.5,-160,100,61.54,50,55.17,44.83,3.92,3.5,59.81,48.63,55.15,44.85,-6.39,55.15,Over,3.92,0.42,54.47,Yes,-0.02,-0.02,Standard,https://www.freeiconspng.com/img/1934,2026-10-09T00:00:00Z,No,1.4,7.5,,,,,,,-123,-123,,3.8605,https://assets.actionnetwork.com/639189_fliff-logo.webp
2026-10-09T00:00:00Z,fliff,2026-10-08T09:12:36Z,Chicago White Sox,Cleveland Guardians,pitcher_outs,Hagen Smith,5.5,-145,-110,59.18,52.38,53.05,46.95,5.72,5.5,57.56,51.09,52.98,47.02,-6.2,52.98,Over,5.72,0.22,52.66,Yes,-0.07,-0.07,Standard,https://www.freeiconspng.com/img/1934,2026-10-09T00:00:00Z,No,1.4,7.5,,,,,,,-113,-113,,5.8278,https://assets.actionnetwork.com/639189_fliff-logo.webp
2026-10-09T00:00:00Z,fliff,2026-10-08T09:12:36Z,Chicago White Sox,Cleveland Guardians,pitcher_strikeouts,Parker Messick,5.5,-170,105,62.96,48.78,56.35,43.65,6.06,5.5,59.88,45.7,56.73,43.27,-6.23,56.73,Over,6.08,0.58,55.9,Yes,0.38,0.38,Standard,https://www.freeiconspng.com/img/1934,2026-10-09T00:00:00Z,No,1.4,7.5,,,,,,,-131,-131,,6.2403,https://assets.actionnetwork.com/639189_fliff-logo.webp
2026-10-09T00:00:00Z,fliff,2026-10-08T09:12:36Z,Chicago White Sox,Cleveland Guardians,pitcher_strikeouts,Hagen Smith,1.5,-200,120,66.67,45.45,59.46,40.54,2,1.5,65.41,43.65,59.99,40.01,-6.68,59.99,Over,2.02,0.52,58.75,Yes,0.53,0.53,Standard,https://www.freeiconspng.com/img/1934,2026-10-09T00:00:00Z,No,1.4,7.5,,,,,,,-150,-150,,1.7997,https://assets.actionnetwork.com/639189_fliff-logo.webp
2026-10-09T00:00:00Z,fliff,2026-10-08T09:12:36Z,Chicago White Sox,Cleveland Guardians,pitcher_walks,Parker Messick,1.5,-135,-120,57.45,54.55,51.3,48.7,1.72,1.5,55.17,53.15,50.94,49.06,-6.51,50.94,Over,1.71,0.21,50.87,Yes,-0.36,-0.36,Standard,https://www.freeiconspng.com/img/1934,2026-10-09T00:00:00Z,No,1.4,7.5,,,,,,,-104,-104,,1.5282,https://assets.actionnetwork.com/639189_fliff-logo.webp